date,event_id,event_start_utc,event_status,tournament,city,venue,away_player,away_participant_id,home_player,home_participant_id,market_group,market,market_id,snapshot,bookmaker,provider_account_id,sportsbook_id,outcome,participant_id,betting_option_id,line,american_odds,decimal_odds,quote_time_utc,minutes_before_start,is_off,source_view,merged_view
2026-09-01,4808918,2026-09-01T15:00:00+00:00,canceled,US Open Men Singles,UDF,Undefined,Casper Ruud,57852,Juan Manuel Cerundolo,75504,1st-set,winner,279,closing,BetOnline,8,1096,Casper Ruud,57852,10916605,0,-155,1.6452,2026-08-29T18:32:32+00:00,4107.467,True,https://www.oddstrader.com/atp/?date=20260901&eid=4808918&g=1st-set&m=winner,https://www.oddstrader.com/atp/?date=20260901&eid=4808918&g=1st-set&m=merged
2026-09-01,4808918,2026-09-01T15:00:00+00:00,canceled,US Open Men Singles,UDF,Undefined,Casper Ruud,57852,Juan Manuel Cerundolo,75504,1st-set,winner,279,opening,BetOnline,8,1096,Casper Ruud,57852,10916605,0,-185,1.5405,2026-08-28T13:29:57+00:00,5850.05,False,https://www.oddstrader.com/atp/?date=20260901&eid=4808918&g=1st-set&m=winner,https://www.oddstrader.com/atp/?date=20260901&eid=4808918&g=1st-set&m=merged
2026-09-01,4808918,2026-09-01T15:00:00+00:00,canceled,US Open Men Singles,UDF,Undefined,Casper Ruud,57852,Juan Manuel Cerundolo,75504,1st-set,winner,279,closing,BetOnline,8,1096,Juan Manuel Cerundolo,75504,10917681,0,135,2.35,2026-08-29T18:32:32+00:00,4107.467,True,https://www.oddstrader.com/atp/?date=20260901&eid=4808918&g=1st-set&m=winner,https://www.oddstrader.com/atp/?date=20260901&eid=4808918&g=1st-set&m=merged
2026-09-01,4808918,2026-09-01T15:00:00+00:00,canceled,US Open Men Singles,UDF,Undefined,Casper Ruud,57852,Juan Manuel Cerundolo,75504,1st-set,winner,279,opening,BetOnline,8,1096,Juan Manuel Cerundolo,75504,10917681,0,165,2.65,2026-08-28T13:29:57+00:00,5850.05,False,https://www.oddstrader.com/atp/?date=20260901&eid=4808918&g=1st-set&m=winner,https://www.oddstrader.com/atp/?date=20260901&eid=4808918&g=1st-set&m=merged
2026-09-01,4808918,2026-09-01T15:00:00+00:00,canceled,US Open Men Singles,UDF,Undefined,Casper Ruud,57852,Juan Manuel Cerundolo,75504,1st-set,winner,279,closing,SportsBetting,131,99,Casper Ruud,57852,10916605,0,-155,1.6452,2026-08-29T18:32:32+00:00,4107.467,False,https://www.oddstrader.com/atp/?date=20260901&eid=4808918&g=1st-set&m=winner,https://www.oddstrader.com/atp/?date=20260901&eid=4808918&g=1st-set&m=merged
2026-09-01,4808918,2026-09-01T15:00:00+00:00,canceled,US Open Men Singles,UDF,Undefined,Casper Ruud,57852,Juan Manuel Cerundolo,75504,1st-set,winner,279,opening,SportsBetting,131,99,Casper Ruud,57852,10916605,0,-185,1.5405,2026-08-28T13:29:57+00:00,5850.05,False,https://www.oddstrader.com/atp/?date=20260901&eid=4808918&g=1st-set&m=winner,https://www.oddstrader.com/atp/?date=20260901&eid=4808918&g=1st-set&m=merged
2026-09-01,4808918,2026-09-01T15:00:00+00:00,canceled,US Open Men Singles,UDF,Undefined,Casper Ruud,57852,Juan Manuel Cerundolo,75504,1st-set,winner,279,closing,SportsBetting,131,99,Juan Manuel Cerundolo,75504,10917681,0,135,2.35,2026-08-29T18:32:32+00:00,4107.467,False,https://www.oddstrader.com/atp/?date=20260901&eid=4808918&g=1st-set&m=winner,https://www.oddstrader.com/atp/?date=20260901&eid=4808918&g=1st-set&m=merged
2026-09-01,4808918,2026-09-01T15:00:00+00:00,canceled,US Open Men Singles,UDF,Undefined,Casper Ruud,57852,Juan Manuel Cerundolo,75504,1st-set,winner,279,opening,SportsBetting,131,99,Juan Manuel Cerundolo,75504,10917681,0,165,2.65,2026-08-28T13:29:57+00:00,5850.05,False,https://www.oddstrader.com/atp/?date=20260901&eid=4808918&g=1st-set&m=winner,https://www.oddstrader.com/atp/?date=20260901&eid=4808918&g=1st-set&m=merged
2026-09-01,4808918,2026-09-01T15:00:00+00:00,canceled,US Open Men Singles,UDF,Undefined,Casper Ruud,57852,Juan Manuel Cerundolo,75504,match,spread,395,closing,Bet105,130,3174,Casper Ruud,57852,10932061,-4,-109,1.917,2026-08-30T15:40:47+00:00,2839.217,True,https://www.oddstrader.com/atp/?date=20260901&eid=4808918&g=match&m=spread,https://www.oddstrader.com/atp/?date=20260901&eid=4808918&g=match&m=merged
2026-09-01,4808918,2026-09-01T15:00:00+00:00,canceled,US Open Men Singles,UDF,Undefined,Casper Ruud,57852,Juan Manuel Cerundolo,75504,match,spread,395,opening,Bet105,130,3174,Casper Ruud,57852,10931222,-5,-117,1.855,2026-08-28T10:09:26+00:00,6050.567,False,https://www.oddstrader.com/atp/?date=20260901&eid=4808918&g=match&m=spread,https://www.oddstrader.com/atp/?date=20260901&eid=4808918&g=match&m=merged
2026-09-01,4808918,2026-09-01T15:00:00+00:00,canceled,US Open Men Singles,UDF,Undefined,Casper Ruud,57852,Juan Manuel Cerundolo,75504,match,spread,395,closing,Bet105,130,3174,Juan Manuel Cerundolo,75504,10944818,4,-107,1.935,2026-08-30T15:40:47+00:00,2839.217,True,https://www.oddstrader.com/atp/?date=20260901&eid=4808918&g=match&m=spread,https://www.oddstrader.com/atp/?date=20260901&eid=4808918&g=match&m=merged
2026-09-01,4808918,2026-09-01T15:00:00+00:00,canceled,US Open Men Singles,UDF,Undefined,Casper Ruud,57852,Juan Manuel Cerundolo,75504,match,spread,395,opening,Bet105,130,3174,Juan Manuel Cerundolo,75504,10968100,5,-101,1.99,2026-08-28T10:09:26+00:00,6050.567,False,https://www.oddstrader.com/atp/?date=20260901&eid=4808918&g=match&m=spread,https://www.oddstrader.com/atp/?date=20260901&eid=4808918&g=match&m=merged
2026-09-01,4808918,2026-09-01T15:00:00+00:00,canceled,US Open Men Singles,UDF,Undefined,Casper Ruud,57852,Juan Manuel Cerundolo,75504,match,spread,395,closing,BetAnything,123,1061,Casper Ruud,57852,10932061,-4,-115,1.8696,2026-08-30T15:23:31+00:00,2856.483,False,https://www.oddstrader.com/atp/?date=20260901&eid=4808918&g=match&m=spread,https://www.oddstrader.com/atp/?date=20260901&eid=4808918&g=match&m=merged
2026-09-01,4808918,2026-09-01T15:00:00+00:00,canceled,US Open Men Singles,UDF,Undefined,Casper Ruud,57852,Juan Manuel Cerundolo,75504,match,spread,395,opening,BetAnything,123,1061,Casper Ruud,57852,10930998,-4.5,-130,1.7692,2026-08-28T13:47:30+00:00,5832.5,False,https://www.oddstrader.com/atp/?date=20260901&eid=4808918&g=match&m=spread,https://www.oddstrader.com/atp/?date=20260901&eid=4808918&g=match&m=merged
2026-09-01,4808918,2026-09-01T15:00:00+00:00,canceled,US Open Men Singles,UDF,Undefined,Casper Ruud,57852,Juan Manuel Cerundolo,75504,match,spread,395,closing,BetAnything,123,1061,Juan Manuel Cerundolo,75504,10944818,4,-115,1.8696,2026-08-30T15:23:31+00:00,2856.483,False,https://www.oddstrader.com/atp/?date=20260901&eid=4808918&g=match&m=spread,https://www.oddstrader.com/atp/?date=20260901&eid=4808918&g=match&m=merged
2026-09-01,4808918,2026-09-01T15:00:00+00:00,canceled,US Open Men Singles,UDF,Undefined,Casper Ruud,57852,Juan Manuel Cerundolo,75504,match,spread,395,opening,BetAnything,123,1061,Juan Manuel Cerundolo,75504,10921499,4.5,100,2,2026-08-28T13:47:30+00:00,5832.5,False,https://www.oddstrader.com/atp/?date=20260901&eid=4808918&g=match&m=spread,https://www.oddstrader.com/atp/?date=20260901&eid=4808918&g=match&m=merged
2026-09-01,4808918,2026-09-01T15:00:00+00:00,canceled,US Open Men Singles,UDF,Undefined,Casper Ruud,57852,Juan Manuel Cerundolo,75504,match,spread,395,closing,BetOnline,8,1096,Casper Ruud,57852,10931077,-3.5,-111,1.9009,2026-08-30T15:43:50+00:00,2836.167,True,https://www.oddstrader.com/atp/?date=20260901&eid=4808918&g=match&m=spread,https://www.oddstrader.com/atp/?date=20260901&eid=4808918&g=match&m=merged
2026-09-01,4808918,2026-09-01T15:00:00+00:00,canceled,US Open Men Singles,UDF,Undefined,Casper Ruud,57852,Juan Manuel Cerundolo,75504,match,spread,395,opening,BetOnline,8,1096,Casper Ruud,57852,10931080,-1.5,-243,1.4115,2026-08-28T11:06:48+00:00,5993.2,False,https://www.oddstrader.com/atp/?date=20260901&eid=4808918&g=match&m=spread,https://www.oddstrader.com/atp/?date=20260901&eid=4808918&g=match&m=merged
2026-09-01,4808918,2026-09-01T15:00:00+00:00,canceled,US Open Men Singles,UDF,Undefined,Casper Ruud,57852,Juan Manuel Cerundolo,75504,match,spread,395,closing,BetOnline,8,1096,Juan Manuel Cerundolo,75504,10921505,3.5,-109,1.9174,2026-08-30T15:43:50+00:00,2836.167,True,https://www.oddstrader.com/atp/?date=20260901&eid=4808918&g=match&m=spread,https://www.oddstrader.com/atp/?date=20260901&eid=4808918&g=match&m=merged
2026-09-01,4808918,2026-09-01T15:00:00+00:00,canceled,US Open Men Singles,UDF,Undefined,Casper Ruud,57852,Juan Manuel Cerundolo,75504,match,spread,395,opening,BetOnline,8,1096,Juan Manuel Cerundolo,75504,10919541,1.5,203,3.03,2026-08-28T11:06:48+00:00,5993.2,False,https://www.oddstrader.com/atp/?date=20260901&eid=4808918&g=match&m=spread,https://www.oddstrader.com/atp/?date=20260901&eid=4808918&g=match&m=merged
2026-09-01,4808918,2026-09-01T15:00:00+00:00,canceled,US Open Men Singles,UDF,Undefined,Casper Ruud,57852,Juan Manuel Cerundolo,75504,match,spread,395,closing,Bookmaker,10,93,Casper Ruud,57852,10930998,-4.5,-112,1.8929,2026-08-30T02:08:26+00:00,3651.567,False,https://www.oddstrader.com/atp/?date=20260901&eid=4808918&g=match&m=spread,https://www.oddstrader.com/atp/?date=20260901&eid=4808918&g=match&m=merged
2026-09-01,4808918,2026-09-01T15:00:00+00:00,canceled,US Open Men Singles,UDF,Undefined,Casper Ruud,57852,Juan Manuel Cerundolo,75504,match,spread,395,opening,Bookmaker,10,93,Casper Ruud,57852,10931222,-5,-116,1.8621,2026-08-28T10:17:13+00:00,6042.783,False,https://www.oddstrader.com/atp/?date=20260901&eid=4808918&g=match&m=spread,https://www.oddstrader.com/atp/?date=20260901&eid=4808918&g=match&m=merged
2026-09-01,4808918,2026-09-01T15:00:00+00:00,canceled,US Open Men Singles,UDF,Undefined,Casper Ruud,57852,Juan Manuel Cerundolo,75504,match,spread,395,closing,Bookmaker,10,93,Juan Manuel Cerundolo,75504,10917882,-4.5,-106,1.9434,2026-08-31T07:39:47+00:00,1880.217,False,https://www.oddstrader.com/atp/?date=20260901&eid=4808918&g=match&m=spread,https://www.oddstrader.com/atp/?date=20260901&eid=4808918&g=match&m=merged
2026-09-01,4808918,2026-09-01T15:00:00+00:00,canceled,US Open Men Singles,UDF,Undefined,Casper Ruud,57852,Juan Manuel Cerundolo,75504,match,spread,395,opening,Bookmaker,10,93,Juan Manuel Cerundolo,75504,10968100,5,-105,1.9524,2026-08-28T10:17:13+00:00,6042.783,False,https://www.oddstrader.com/atp/?date=20260901&eid=4808918&g=match&m=spread,https://www.oddstrader.com/atp/?date=20260901&eid=4808918&g=match&m=merged
2026-09-01,4808918,2026-09-01T15:00:00+00:00,canceled,US Open Men Singles,UDF,Undefined,Casper Ruud,57852,Juan Manuel Cerundolo,75504,match,spread,395,closing,Bovada,9,1618,Casper Ruud,57852,10932061,-4,-115,1.87,2026-08-30T15:24:39+00:00,2855.35,True,https://www.oddstrader.com/atp/?date=20260901&eid=4808918&g=match&m=spread,https://www.oddstrader.com/atp/?date=20260901&eid=4808918&g=match&m=merged
2026-09-01,4808918,2026-09-01T15:00:00+00:00,canceled,US Open Men Singles,UDF,Undefined,Casper Ruud,57852,Juan Manuel Cerundolo,75504,match,spread,395,opening,Bovada,9,1618,Casper Ruud,57852,10931079,-5.5,-110,1.9091,2026-08-27T20:00:19+00:00,6899.683,False,https://www.oddstrader.com/atp/?date=20260901&eid=4808918&g=match&m=spread,https://www.oddstrader.com/atp/?date=20260901&eid=4808918&g=match&m=merged
2026-09-01,4808918,2026-09-01T15:00:00+00:00,canceled,US Open Men Singles,UDF,Undefined,Casper Ruud,57852,Juan Manuel Cerundolo,75504,match,spread,395,closing,Bovada,9,1618,Juan Manuel Cerundolo,75504,10944818,4,-115,1.87,2026-08-30T15:24:39+00:00,2855.35,True,https://www.oddstrader.com/atp/?date=20260901&eid=4808918&g=match&m=spread,https://www.oddstrader.com/atp/?date=20260901&eid=4808918&g=match&m=merged
2026-09-01,4808918,2026-09-01T15:00:00+00:00,canceled,US Open Men Singles,UDF,Undefined,Casper Ruud,57852,Juan Manuel Cerundolo,75504,match,spread,395,opening,Bovada,9,1618,Juan Manuel Cerundolo,75504,10922655,5.5,-120,1.8333,2026-08-27T20:00:19+00:00,6899.683,False,https://www.oddstrader.com/atp/?date=20260901&eid=4808918&g=match&m=spread,https://www.oddstrader.com/atp/?date=20260901&eid=4808918&g=match&m=merged
2026-09-01,4808918,2026-09-01T15:00:00+00:00,canceled,US Open Men Singles,UDF,Undefined,Casper Ruud,57852,Juan Manuel Cerundolo,75504,match,spread,395,closing,Everygame,29,180,Casper Ruud,57852,10930998,-4.5,-111,1.9,2026-08-29T18:32:02+00:00,4107.967,False,https://www.oddstrader.com/atp/?date=20260901&eid=4808918&g=match&m=spread,https://www.oddstrader.com/atp/?date=20260901&eid=4808918&g=match&m=merged
2026-09-01,4808918,2026-09-01T15:00:00+00:00,canceled,US Open Men Singles,UDF,Undefined,Casper Ruud,57852,Juan Manuel Cerundolo,75504,match,spread,395,opening,Everygame,29,180,Casper Ruud,57852,10931079,-5.5,-105,1.95,2026-08-28T10:37:40+00:00,6022.333,False,https://www.oddstrader.com/atp/?date=20260901&eid=4808918&g=match&m=spread,https://www.oddstrader.com/atp/?date=20260901&eid=4808918&g=match&m=merged
2026-09-01,4808918,2026-09-01T15:00:00+00:00,canceled,US Open Men Singles,UDF,Undefined,Casper Ruud,57852,Juan Manuel Cerundolo,75504,match,spread,395,closing,Everygame,29,180,Juan Manuel Cerundolo,75504,10921499,4.5,-125,1.8,2026-08-29T18:32:02+00:00,4107.967,False,https://www.oddstrader.com/atp/?date=20260901&eid=4808918&g=match&m=spread,https://www.oddstrader.com/atp/?date=20260901&eid=4808918&g=match&m=merged
2026-09-01,4808918,2026-09-01T15:00:00+00:00,canceled,US Open Men Singles,UDF,Undefined,Casper Ruud,57852,Juan Manuel Cerundolo,75504,match,spread,395,opening,Everygame,29,180,Juan Manuel Cerundolo,75504,10922655,5.5,-133,1.75,2026-08-28T10:37:40+00:00,6022.333,False,https://www.oddstrader.com/atp/?date=20260901&eid=4808918&g=match&m=spread,https://www.oddstrader.com/atp/?date=20260901&eid=4808918&g=match&m=merged
2026-09-01,4808918,2026-09-01T15:00:00+00:00,canceled,US Open Men Singles,UDF,Undefined,Casper Ruud,57852,Juan Manuel Cerundolo,75504,match,spread,395,closing,Heritage,44,169,Casper Ruud,57852,10931077,-3.5,-117,1.855,2026-08-30T15:40:19+00:00,2839.683,True,https://www.oddstrader.com/atp/?date=20260901&eid=4808918&g=match&m=spread,https://www.oddstrader.com/atp/?date=20260901&eid=4808918&g=match&m=merged
2026-09-01,4808918,2026-09-01T15:00:00+00:00,canceled,US Open Men Singles,UDF,Undefined,Casper Ruud,57852,Juan Manuel Cerundolo,75504,match,spread,395,opening,Heritage,44,169,Casper Ruud,57852,10931079,-5.5,-113,1.885,2026-08-27T20:24:25+00:00,6875.583,False,https://www.oddstrader.com/atp/?date=20260901&eid=4808918&g=match&m=spread,https://www.oddstrader.com/atp/?date=20260901&eid=4808918&g=match&m=merged
2026-09-01,4808918,2026-09-01T15:00:00+00:00,canceled,US Open Men Singles,UDF,Undefined,Casper Ruud,57852,Juan Manuel Cerundolo,75504,match,spread,395,closing,Heritage,44,169,Juan Manuel Cerundolo,75504,10921505,3.5,-117,1.855,2026-08-30T15:40:19+00:00,2839.683,True,https://www.oddstrader.com/atp/?date=20260901&eid=4808918&g=match&m=spread,https://www.oddstrader.com/atp/?date=20260901&eid=4808918&g=match&m=merged
2026-09-01,4808918,2026-09-01T15:00:00+00:00,canceled,US Open Men Singles,UDF,Undefined,Casper Ruud,57852,Juan Manuel Cerundolo,75504,match,spread,395,opening,Heritage,44,169,Juan Manuel Cerundolo,75504,10922655,5.5,-123,1.813,2026-08-27T20:24:25+00:00,6875.583,False,https://www.oddstrader.com/atp/?date=20260901&eid=4808918&g=match&m=spread,https://www.oddstrader.com/atp/?date=20260901&eid=4808918&g=match&m=merged
2026-09-01,4808918,2026-09-01T15:00:00+00:00,canceled,US Open Men Singles,UDF,Undefined,Casper Ruud,57852,Juan Manuel Cerundolo,75504,match,spread,395,closing,JustBet,16,1275,Casper Ruud,57852,10930998,-4.5,-112,1.8929,2026-08-30T02:04:27+00:00,3655.55,False,https://www.oddstrader.com/atp/?date=20260901&eid=4808918&g=match&m=spread,https://www.oddstrader.com/atp/?date=20260901&eid=4808918&g=match&m=merged
2026-09-01,4808918,2026-09-01T15:00:00+00:00,canceled,US Open Men Singles,UDF,Undefined,Casper Ruud,57852,Juan Manuel Cerundolo,75504,match,spread,395,opening,JustBet,16,1275,Casper Ruud,57852,10931222,-5,-116,1.8621,2026-08-28T10:17:26+00:00,6042.567,False,https://www.oddstrader.com/atp/?date=20260901&eid=4808918&g=match&m=spread,https://www.oddstrader.com/atp/?date=20260901&eid=4808918&g=match&m=merged
2026-09-01,4808918,2026-09-01T15:00:00+00:00,canceled,US Open Men Singles,UDF,Undefined,Casper Ruud,57852,Juan Manuel Cerundolo,75504,match,spread,395,closing,JustBet,16,1275,Juan Manuel Cerundolo,75504,10917882,-4.5,-106,1.9434,2026-08-31T07:36:07+00:00,1883.883,False,https://www.oddstrader.com/atp/?date=20260901&eid=4808918&g=match&m=spread,https://www.oddstrader.com/atp/?date=20260901&eid=4808918&g=match&m=merged
2026-09-01,4808918,2026-09-01T15:00:00+00:00,canceled,US Open Men Singles,UDF,Undefined,Casper Ruud,57852,Juan Manuel Cerundolo,75504,match,spread,395,opening,JustBet,16,1275,Juan Manuel Cerundolo,75504,10968100,5,-105,1.9524,2026-08-28T10:17:26+00:00,6042.567,False,https://www.oddstrader.com/atp/?date=20260901&eid=4808918&g=match&m=spread,https://www.oddstrader.com/atp/?date=20260901&eid=4808918&g=match&m=merged
2026-09-01,4808918,2026-09-01T15:00:00+00:00,canceled,US Open Men Singles,UDF,Undefined,Casper Ruud,57852,Juan Manuel Cerundolo,75504,match,spread,395,closing,MyBookie,82,1680,Casper Ruud,57852,10931076,-2.5,-111,1.9009,2026-08-30T17:39:03+00:00,2720.95,True,https://www.oddstrader.com/atp/?date=20260901&eid=4808918&g=match&m=spread,https://www.oddstrader.com/atp/?date=20260901&eid=4808918&g=match&m=merged
2026-09-01,4808918,2026-09-01T15:00:00+00:00,canceled,US Open Men Singles,UDF,Undefined,Casper Ruud,57852,Juan Manuel Cerundolo,75504,match,spread,395,opening,MyBookie,82,1680,Casper Ruud,57852,10930998,-4.5,-126,1.7937,2026-08-28T15:10:28+00:00,5749.533,False,https://www.oddstrader.com/atp/?date=20260901&eid=4808918&g=match&m=spread,https://www.oddstrader.com/atp/?date=20260901&eid=4808918&g=match&m=merged
2026-09-01,4808918,2026-09-01T15:00:00+00:00,canceled,US Open Men Singles,UDF,Undefined,Casper Ruud,57852,Juan Manuel Cerundolo,75504,match,spread,395,closing,MyBookie,82,1680,Juan Manuel Cerundolo,75504,10921503,2.5,-129,1.7752,2026-08-30T17:39:03+00:00,2720.95,True,https://www.oddstrader.com/atp/?date=20260901&eid=4808918&g=match&m=spread,https://www.oddstrader.com/atp/?date=20260901&eid=4808918&g=match&m=merged
2026-09-01,4808918,2026-09-01T15:00:00+00:00,canceled,US Open Men Singles,UDF,Undefined,Casper Ruud,57852,Juan Manuel Cerundolo,75504,match,spread,395,opening,MyBookie,82,1680,Juan Manuel Cerundolo,75504,10921499,4.5,-114,1.8772,2026-08-28T15:10:28+00:00,5749.533,False,https://www.oddstrader.com/atp/?date=20260901&eid=4808918&g=match&m=spread,https://www.oddstrader.com/atp/?date=20260901&eid=4808918&g=match&m=merged
2026-09-01,4808918,2026-09-01T15:00:00+00:00,canceled,US Open Men Singles,UDF,Undefined,Casper Ruud,57852,Juan Manuel Cerundolo,75504,match,spread,395,closing,SportsBetting,131,99,Casper Ruud,57852,10931077,-3.5,-111,1.9009,2026-08-30T15:43:50+00:00,2836.167,False,https://www.oddstrader.com/atp/?date=20260901&eid=4808918&g=match&m=spread,https://www.oddstrader.com/atp/?date=20260901&eid=4808918&g=match&m=merged
2026-09-01,4808918,2026-09-01T15:00:00+00:00,canceled,US Open Men Singles,UDF,Undefined,Casper Ruud,57852,Juan Manuel Cerundolo,75504,match,spread,395,opening,SportsBetting,131,99,Casper Ruud,57852,10931080,-1.5,-243,1.4115,2026-08-28T11:06:48+00:00,5993.2,False,https://www.oddstrader.com/atp/?date=20260901&eid=4808918&g=match&m=spread,https://www.oddstrader.com/atp/?date=20260901&eid=4808918&g=match&m=merged
2026-09-01,4808918,2026-09-01T15:00:00+00:00,canceled,US Open Men Singles,UDF,Undefined,Casper Ruud,57852,Juan Manuel Cerundolo,75504,match,spread,395,closing,SportsBetting,131,99,Juan Manuel Cerundolo,75504,10921505,3.5,-109,1.9174,2026-08-30T15:43:50+00:00,2836.167,False,https://www.oddstrader.com/atp/?date=20260901&eid=4808918&g=match&m=spread,https://www.oddstrader.com/atp/?date=20260901&eid=4808918&g=match&m=merged
2026-09-01,4808918,2026-09-01T15:00:00+00:00,canceled,US Open Men Singles,UDF,Undefined,Casper Ruud,57852,Juan Manuel Cerundolo,75504,match,spread,395,opening,SportsBetting,131,99,Juan Manuel Cerundolo,75504,10919541,1.5,203,3.03,2026-08-28T11:06:48+00:00,5993.2,False,https://www.oddstrader.com/atp/?date=20260901&eid=4808918&g=match&m=spread,https://www.oddstrader.com/atp/?date=20260901&eid=4808918&g=match&m=merged
2026-09-01,4808918,2026-09-01T15:00:00+00:00,canceled,US Open Men Singles,UDF,Undefined,Casper Ruud,57852,Juan Manuel Cerundolo,75504,match,total,396,closing,Bet105,130,3174,option_15143,15143,119614,38,-106,1.943,2026-08-30T15:40:47+00:00,2839.217,True,https://www.oddstrader.com/atp/?date=20260901&eid=4808918&g=match&m=total,https://www.oddstrader.com/atp/?date=20260901&eid=4808918&g=match&m=merged
2026-09-01,4808918,2026-09-01T15:00:00+00:00,canceled,US Open Men Singles,UDF,Undefined,Casper Ruud,57852,Juan Manuel Cerundolo,75504,match,total,396,opening,Bet105,130,3174,option_15143,15143,119612,37,-113,1.885,2026-08-28T10:09:26+00:00,6050.567,False,https://www.oddstrader.com/atp/?date=20260901&eid=4808918&g=match&m=total,https://www.oddstrader.com/atp/?date=20260901&eid=4808918&g=match&m=merged
2026-09-01,4808918,2026-09-01T15:00:00+00:00,canceled,US Open Men Singles,UDF,Undefined,Casper Ruud,57852,Juan Manuel Cerundolo,75504,match,total,396,closing,Bet105,130,3174,option_15144,15144,119684,38,-110,1.909,2026-08-30T15:40:47+00:00,2839.217,True,https://www.oddstrader.com/atp/?date=20260901&eid=4808918&g=match&m=total,https://www.oddstrader.com/atp/?date=20260901&eid=4808918&g=match&m=merged
2026-09-01,4808918,2026-09-01T15:00:00+00:00,canceled,US Open Men Singles,UDF,Undefined,Casper Ruud,57852,Juan Manuel Cerundolo,75504,match,total,396,opening,Bet105,130,3174,option_15144,15144,119682,37,-106,1.943,2026-08-28T10:09:26+00:00,6050.567,False,https://www.oddstrader.com/atp/?date=20260901&eid=4808918&g=match&m=total,https://www.oddstrader.com/atp/?date=20260901&eid=4808918&g=match&m=merged
2026-09-01,4808918,2026-09-01T15:00:00+00:00,canceled,US Open Men Singles,UDF,Undefined,Casper Ruud,57852,Juan Manuel Cerundolo,75504,match,total,396,closing,BetAnything,123,1061,option_15143,15143,119614,38,-115,1.8696,2026-08-30T15:23:31+00:00,2856.483,False,https://www.oddstrader.com/atp/?date=20260901&eid=4808918&g=match&m=total,https://www.oddstrader.com/atp/?date=20260901&eid=4808918&g=match&m=merged
2026-09-01,4808918,2026-09-01T15:00:00+00:00,canceled,US Open Men Singles,UDF,Undefined,Casper Ruud,57852,Juan Manuel Cerundolo,75504,match,total,396,opening,BetAnything,123,1061,option_15143,15143,119613,37.5,-119,1.8403,2026-08-28T13:47:30+00:00,5832.5,False,https://www.oddstrader.com/atp/?date=20260901&eid=4808918&g=match&m=total,https://www.oddstrader.com/atp/?date=20260901&eid=4808918&g=match&m=merged
2026-09-01,4808918,2026-09-01T15:00:00+00:00,canceled,US Open Men Singles,UDF,Undefined,Casper Ruud,57852,Juan Manuel Cerundolo,75504,match,total,396,closing,BetAnything,123,1061,option_15144,15144,119684,38,-115,1.8696,2026-08-30T15:23:31+00:00,2856.483,False,https://www.oddstrader.com/atp/?date=20260901&eid=4808918&g=match&m=total,https://www.oddstrader.com/atp/?date=20260901&eid=4808918&g=match&m=merged
2026-09-01,4808918,2026-09-01T15:00:00+00:00,canceled,US Open Men Singles,UDF,Undefined,Casper Ruud,57852,Juan Manuel Cerundolo,75504,match,total,396,opening,BetAnything,123,1061,option_15144,15144,119683,37.5,-111,1.9009,2026-08-28T13:47:30+00:00,5832.5,False,https://www.oddstrader.com/atp/?date=20260901&eid=4808918&g=match&m=total,https://www.oddstrader.com/atp/?date=20260901&eid=4808918&g=match&m=merged
2026-09-01,4808918,2026-09-01T15:00:00+00:00,canceled,US Open Men Singles,UDF,Undefined,Casper Ruud,57852,Juan Manuel Cerundolo,75504,match,total,396,closing,BetOnline,8,1096,option_15143,15143,119613,37.5,-111,1.9009,2026-08-30T15:43:50+00:00,2836.167,True,https://www.oddstrader.com/atp/?date=20260901&eid=4808918&g=match&m=total,https://www.oddstrader.com/atp/?date=20260901&eid=4808918&g=match&m=merged
2026-09-01,4808918,2026-09-01T15:00:00+00:00,canceled,US Open Men Singles,UDF,Undefined,Casper Ruud,57852,Juan Manuel Cerundolo,75504,match,total,396,opening,BetOnline,8,1096,option_15143,15143,119613,37.5,-109,1.9174,2026-08-28T11:06:48+00:00,5993.2,False,https://www.oddstrader.com/atp/?date=20260901&eid=4808918&g=match&m=total,https://www.oddstrader.com/atp/?date=20260901&eid=4808918&g=match&m=merged
2026-09-01,4808918,2026-09-01T15:00:00+00:00,canceled,US Open Men Singles,UDF,Undefined,Casper Ruud,57852,Juan Manuel Cerundolo,75504,match,total,396,closing,BetOnline,8,1096,option_15144,15144,119683,37.5,-109,1.9174,2026-08-30T15:43:50+00:00,2836.167,True,https://www.oddstrader.com/atp/?date=20260901&eid=4808918&g=match&m=total,https://www.oddstrader.com/atp/?date=20260901&eid=4808918&g=match&m=merged
2026-09-01,4808918,2026-09-01T15:00:00+00:00,canceled,US Open Men Singles,UDF,Undefined,Casper Ruud,57852,Juan Manuel Cerundolo,75504,match,total,396,opening,BetOnline,8,1096,option_15144,15144,119683,37.5,-111,1.9009,2026-08-28T11:06:48+00:00,5993.2,False,https://www.oddstrader.com/atp/?date=20260901&eid=4808918&g=match&m=total,https://www.oddstrader.com/atp/?date=20260901&eid=4808918&g=match&m=merged
2026-09-01,4808918,2026-09-01T15:00:00+00:00,canceled,US Open Men Singles,UDF,Undefined,Casper Ruud,57852,Juan Manuel Cerundolo,75504,match,total,396,closing,Bookmaker,10,93,option_15143,15143,287,20.5,-122,1.8197,2026-08-31T07:39:47+00:00,1880.217,False,https://www.oddstrader.com/atp/?date=20260901&eid=4808918&g=match&m=total,https://www.oddstrader.com/atp/?date=20260901&eid=4808918&g=match&m=merged
2026-09-01,4808918,2026-09-01T15:00:00+00:00,canceled,US Open Men Singles,UDF,Undefined,Casper Ruud,57852,Juan Manuel Cerundolo,75504,match,total,396,opening,Bookmaker,10,93,option_15143,15143,119613,37.5,-108,1.9259,2026-08-28T10:17:13+00:00,6042.783,False,https://www.oddstrader.com/atp/?date=20260901&eid=4808918&g=match&m=total,https://www.oddstrader.com/atp/?date=20260901&eid=4808918&g=match&m=merged
2026-09-01,4808918,2026-09-01T15:00:00+00:00,canceled,US Open Men Singles,UDF,Undefined,Casper Ruud,57852,Juan Manuel Cerundolo,75504,match,total,396,closing,Bookmaker,10,93,option_15144,15144,288,20.5,-109,1.9174,2026-08-31T07:39:47+00:00,1880.217,False,https://www.oddstrader.com/atp/?date=20260901&eid=4808918&g=match&m=total,https://www.oddstrader.com/atp/?date=20260901&eid=4808918&g=match&m=merged
2026-09-01,4808918,2026-09-01T15:00:00+00:00,canceled,US Open Men Singles,UDF,Undefined,Casper Ruud,57852,Juan Manuel Cerundolo,75504,match,total,396,opening,Bookmaker,10,93,option_15144,15144,119683,37.5,-114,1.8772,2026-08-28T10:17:13+00:00,6042.783,False,https://www.oddstrader.com/atp/?date=20260901&eid=4808918&g=match&m=total,https://www.oddstrader.com/atp/?date=20260901&eid=4808918&g=match&m=merged
2026-09-01,4808918,2026-09-01T15:00:00+00:00,canceled,US Open Men Singles,UDF,Undefined,Casper Ruud,57852,Juan Manuel Cerundolo,75504,match,total,396,closing,Bovada,9,1618,option_15143,15143,119613,37.5,-120,1.8333,2026-08-30T16:15:33+00:00,2804.45,True,https://www.oddstrader.com/atp/?date=20260901&eid=4808918&g=match&m=total,https://www.oddstrader.com/atp/?date=20260901&eid=4808918&g=match&m=merged
2026-09-01,4808918,2026-09-01T15:00:00+00:00,canceled,US Open Men Singles,UDF,Undefined,Casper Ruud,57852,Juan Manuel Cerundolo,75504,match,total,396,opening,Bovada,9,1618,option_15143,15143,119613,37.5,-120,1.8333,2026-08-27T20:00:19+00:00,6899.683,False,https://www.oddstrader.com/atp/?date=20260901&eid=4808918&g=match&m=total,https://www.oddstrader.com/atp/?date=20260901&eid=4808918&g=match&m=merged
2026-09-01,4808918,2026-09-01T15:00:00+00:00,canceled,US Open Men Singles,UDF,Undefined,Casper Ruud,57852,Juan Manuel Cerundolo,75504,match,total,396,closing,Bovada,9,1618,option_15144,15144,119683,37.5,-110,1.9091,2026-08-30T16:15:33+00:00,2804.45,True,https://www.oddstrader.com/atp/?date=20260901&eid=4808918&g=match&m=total,https://www.oddstrader.com/atp/?date=20260901&eid=4808918&g=match&m=merged
2026-09-01,4808918,2026-09-01T15:00:00+00:00,canceled,US Open Men Singles,UDF,Undefined,Casper Ruud,57852,Juan Manuel Cerundolo,75504,match,total,396,opening,Bovada,9,1618,option_15144,15144,119683,37.5,-110,1.9091,2026-08-27T20:00:19+00:00,6899.683,False,https://www.oddstrader.com/atp/?date=20260901&eid=4808918&g=match&m=total,https://www.oddstrader.com/atp/?date=20260901&eid=4808918&g=match&m=merged
2026-09-01,4808918,2026-09-01T15:00:00+00:00,canceled,US Open Men Singles,UDF,Undefined,Casper Ruud,57852,Juan Manuel Cerundolo,75504,match,total,396,closing,Everygame,29,180,option_15143,15143,119613,37.5,-118,1.85,2026-08-28T12:57:35+00:00,5882.417,False,https://www.oddstrader.com/atp/?date=20260901&eid=4808918&g=match&m=total,https://www.oddstrader.com/atp/?date=20260901&eid=4808918&g=match&m=merged
2026-09-01,4808918,2026-09-01T15:00:00+00:00,canceled,US Open Men Singles,UDF,Undefined,Casper Ruud,57852,Juan Manuel Cerundolo,75504,match,total,396,opening,Everygame,29,180,option_15143,15143,119613,37.5,-111,1.9,2026-08-28T10:37:40+00:00,6022.333,False,https://www.oddstrader.com/atp/?date=20260901&eid=4808918&g=match&m=total,https://www.oddstrader.com/atp/?date=20260901&eid=4808918&g=match&m=merged
2026-09-01,4808918,2026-09-01T15:00:00+00:00,canceled,US Open Men Singles,UDF,Undefined,Casper Ruud,57852,Juan Manuel Cerundolo,75504,match,total,396,closing,Everygame,29,180,option_15144,15144,119683,37.5,-118,1.85,2026-08-28T12:57:35+00:00,5882.417,False,https://www.oddstrader.com/atp/?date=20260901&eid=4808918&g=match&m=total,https://www.oddstrader.com/atp/?date=20260901&eid=4808918&g=match&m=merged
2026-09-01,4808918,2026-09-01T15:00:00+00:00,canceled,US Open Men Singles,UDF,Undefined,Casper Ruud,57852,Juan Manuel Cerundolo,75504,match,total,396,opening,Everygame,29,180,option_15144,15144,119683,37.5,-125,1.8,2026-08-28T10:37:40+00:00,6022.333,False,https://www.oddstrader.com/atp/?date=20260901&eid=4808918&g=match&m=total,https://www.oddstrader.com/atp/?date=20260901&eid=4808918&g=match&m=merged
2026-09-01,4808918,2026-09-01T15:00:00+00:00,canceled,US Open Men Singles,UDF,Undefined,Casper Ruud,57852,Juan Manuel Cerundolo,75504,match,total,396,closing,Heritage,44,169,option_15143,15143,119613,37.5,-118,1.847,2026-08-30T15:40:19+00:00,2839.683,True,https://www.oddstrader.com/atp/?date=20260901&eid=4808918&g=match&m=total,https://www.oddstrader.com/atp/?date=20260901&eid=4808918&g=match&m=merged
2026-09-01,4808918,2026-09-01T15:00:00+00:00,canceled,US Open Men Singles,UDF,Undefined,Casper Ruud,57852,Juan Manuel Cerundolo,75504,match,total,396,opening,Heritage,44,169,option_15143,15143,119613,37.5,-119,1.84,2026-08-27T20:24:25+00:00,6875.583,False,https://www.oddstrader.com/atp/?date=20260901&eid=4808918&g=match&m=total,https://www.oddstrader.com/atp/?date=20260901&eid=4808918&g=match&m=merged
2026-09-01,4808918,2026-09-01T15:00:00+00:00,canceled,US Open Men Singles,UDF,Undefined,Casper Ruud,57852,Juan Manuel Cerundolo,75504,match,total,396,closing,Heritage,44,169,option_15144,15144,119683,37.5,-114,1.877,2026-08-30T15:40:19+00:00,2839.683,True,https://www.oddstrader.com/atp/?date=20260901&eid=4808918&g=match&m=total,https://www.oddstrader.com/atp/?date=20260901&eid=4808918&g=match&m=merged
2026-09-01,4808918,2026-09-01T15:00:00+00:00,canceled,US Open Men Singles,UDF,Undefined,Casper Ruud,57852,Juan Manuel Cerundolo,75504,match,total,396,opening,Heritage,44,169,option_15144,15144,119683,37.5,-119,1.84,2026-08-27T20:24:25+00:00,6875.583,False,https://www.oddstrader.com/atp/?date=20260901&eid=4808918&g=match&m=total,https://www.oddstrader.com/atp/?date=20260901&eid=4808918&g=match&m=merged
2026-09-01,4808918,2026-09-01T15:00:00+00:00,canceled,US Open Men Singles,UDF,Undefined,Casper Ruud,57852,Juan Manuel Cerundolo,75504,match,total,396,closing,JustBet,16,1275,option_15143,15143,287,20.5,-122,1.8197,2026-08-31T07:36:07+00:00,1883.883,False,https://www.oddstrader.com/atp/?date=20260901&eid=4808918&g=match&m=total,https://www.oddstrader.com/atp/?date=20260901&eid=4808918&g=match&m=merged
2026-09-01,4808918,2026-09-01T15:00:00+00:00,canceled,US Open Men Singles,UDF,Undefined,Casper Ruud,57852,Juan Manuel Cerundolo,75504,match,total,396,opening,JustBet,16,1275,option_15143,15143,119613,37.5,-108,1.9259,2026-08-28T10:17:26+00:00,6042.567,False,https://www.oddstrader.com/atp/?date=20260901&eid=4808918&g=match&m=total,https://www.oddstrader.com/atp/?date=20260901&eid=4808918&g=match&m=merged
2026-09-01,4808918,2026-09-01T15:00:00+00:00,canceled,US Open Men Singles,UDF,Undefined,Casper Ruud,57852,Juan Manuel Cerundolo,75504,match,total,396,closing,JustBet,16,1275,option_15144,15144,288,20.5,-109,1.9174,2026-08-31T07:36:07+00:00,1883.883,False,https://www.oddstrader.com/atp/?date=20260901&eid=4808918&g=match&m=total,https://www.oddstrader.com/atp/?date=20260901&eid=4808918&g=match&m=merged
2026-09-01,4808918,2026-09-01T15:00:00+00:00,canceled,US Open Men Singles,UDF,Undefined,Casper Ruud,57852,Juan Manuel Cerundolo,75504,match,total,396,opening,JustBet,16,1275,option_15144,15144,119683,37.5,-114,1.8772,2026-08-28T10:17:26+00:00,6042.567,False,https://www.oddstrader.com/atp/?date=20260901&eid=4808918&g=match&m=total,https://www.oddstrader.com/atp/?date=20260901&eid=4808918&g=match&m=merged
2026-09-01,4808918,2026-09-01T15:00:00+00:00,canceled,US Open Men Singles,UDF,Undefined,Casper Ruud,57852,Juan Manuel Cerundolo,75504,match,total,396,closing,MyBookie,82,1680,option_15143,15143,119615,38.5,-124,1.8065,2026-08-30T17:35:16+00:00,2724.733,True,https://www.oddstrader.com/atp/?date=20260901&eid=4808918&g=match&m=total,https://www.oddstrader.com/atp/?date=20260901&eid=4808918&g=match&m=merged
2026-09-01,4808918,2026-09-01T15:00:00+00:00,canceled,US Open Men Singles,UDF,Undefined,Casper Ruud,57852,Juan Manuel Cerundolo,75504,match,total,396,opening,MyBookie,82,1680,option_15143,15143,119613,37.5,-117,1.8547,2026-08-28T15:10:28+00:00,5749.533,False,https://www.oddstrader.com/atp/?date=20260901&eid=4808918&g=match&m=total,https://www.oddstrader.com/atp/?date=20260901&eid=4808918&g=match&m=merged
2026-09-01,4808918,2026-09-01T15:00:00+00:00,canceled,US Open Men Singles,UDF,Undefined,Casper Ruud,57852,Juan Manuel Cerundolo,75504,match,total,396,closing,MyBookie,82,1680,option_15144,15144,119685,38.5,-116,1.8621,2026-08-30T17:35:16+00:00,2724.733,True,https://www.oddstrader.com/atp/?date=20260901&eid=4808918&g=match&m=total,https://www.oddstrader.com/atp/?date=20260901&eid=4808918&g=match&m=merged
2026-09-01,4808918,2026-09-01T15:00:00+00:00,canceled,US Open Men Singles,UDF,Undefined,Casper Ruud,57852,Juan Manuel Cerundolo,75504,match,total,396,opening,MyBookie,82,1680,option_15144,15144,119683,37.5,-123,1.813,2026-08-28T15:10:28+00:00,5749.533,False,https://www.oddstrader.com/atp/?date=20260901&eid=4808918&g=match&m=total,https://www.oddstrader.com/atp/?date=20260901&eid=4808918&g=match&m=merged
2026-09-01,4808918,2026-09-01T15:00:00+00:00,canceled,US Open Men Singles,UDF,Undefined,Casper Ruud,57852,Juan Manuel Cerundolo,75504,match,total,396,closing,SportsBetting,131,99,option_15143,15143,119613,37.5,-111,1.9009,2026-08-30T15:43:50+00:00,2836.167,False,https://www.oddstrader.com/atp/?date=20260901&eid=4808918&g=match&m=total,https://www.oddstrader.com/atp/?date=20260901&eid=4808918&g=match&m=merged
2026-09-01,4808918,2026-09-01T15:00:00+00:00,canceled,US Open Men Singles,UDF,Undefined,Casper Ruud,57852,Juan Manuel Cerundolo,75504,match,total,396,opening,SportsBetting,131,99,option_15143,15143,119613,37.5,-109,1.9174,2026-08-28T11:06:48+00:00,5993.2,False,https://www.oddstrader.com/atp/?date=20260901&eid=4808918&g=match&m=total,https://www.oddstrader.com/atp/?date=20260901&eid=4808918&g=match&m=merged
2026-09-01,4808918,2026-09-01T15:00:00+00:00,canceled,US Open Men Singles,UDF,Undefined,Casper Ruud,57852,Juan Manuel Cerundolo,75504,match,total,396,closing,SportsBetting,131,99,option_15144,15144,119683,37.5,-109,1.9174,2026-08-30T15:43:50+00:00,2836.167,False,https://www.oddstrader.com/atp/?date=20260901&eid=4808918&g=match&m=total,https://www.oddstrader.com/atp/?date=20260901&eid=4808918&g=match&m=merged
2026-09-01,4808918,2026-09-01T15:00:00+00:00,canceled,US Open Men Singles,UDF,Undefined,Casper Ruud,57852,Juan Manuel Cerundolo,75504,match,total,396,opening,SportsBetting,131,99,option_15144,15144,119683,37.5,-111,1.9009,2026-08-28T11:06:48+00:00,5993.2,False,https://www.oddstrader.com/atp/?date=20260901&eid=4808918&g=match&m=total,https://www.oddstrader.com/atp/?date=20260901&eid=4808918&g=match&m=merged
2026-09-01,4808918,2026-09-01T15:00:00+00:00,canceled,US Open Men Singles,UDF,Undefined,Casper Ruud,57852,Juan Manuel Cerundolo,75504,match,winner,126,closing,Bet105,130,3174,Casper Ruud,57852,10916605,0,-174,1.575,2026-08-30T15:40:47+00:00,2839.217,True,https://www.oddstrader.com/atp/?date=20260901&eid=4808918&g=match&m=winner,https://www.oddstrader.com/atp/?date=20260901&eid=4808918&g=match&m=merged
2026-09-01,4808918,2026-09-01T15:00:00+00:00,canceled,US Open Men Singles,UDF,Undefined,Casper Ruud,57852,Juan Manuel Cerundolo,75504,match,winner,126,opening,Bet105,130,3174,Casper Ruud,57852,10916605,0,-303,1.33,2026-08-28T10:09:26+00:00,6050.567,False,https://www.oddstrader.com/atp/?date=20260901&eid=4808918&g=match&m=winner,https://www.oddstrader.com/atp/?date=20260901&eid=4808918&g=match&m=merged
2026-09-01,4808918,2026-09-01T15:00:00+00:00,canceled,US Open Men Singles,UDF,Undefined,Casper Ruud,57852,Juan Manuel Cerundolo,75504,match,winner,126,closing,Bet105,130,3174,Juan Manuel Cerundolo,75504,10917681,0,151,2.51,2026-08-30T15:40:47+00:00,2839.217,True,https://www.oddstrader.com/atp/?date=20260901&eid=4808918&g=match&m=winner,https://www.oddstrader.com/atp/?date=20260901&eid=4808918&g=match&m=merged
2026-09-01,4808918,2026-09-01T15:00:00+00:00,canceled,US Open Men Singles,UDF,Undefined,Casper Ruud,57852,Juan Manuel Cerundolo,75504,match,winner,126,opening,Bet105,130,3174,Juan Manuel Cerundolo,75504,10917681,0,248,3.48,2026-08-28T10:09:26+00:00,6050.567,False,https://www.oddstrader.com/atp/?date=20260901&eid=4808918&g=match&m=winner,https://www.oddstrader.com/atp/?date=20260901&eid=4808918&g=match&m=merged
2026-09-01,4808918,2026-09-01T15:00:00+00:00,canceled,US Open Men Singles,UDF,Undefined,Casper Ruud,57852,Juan Manuel Cerundolo,75504,match,winner,126,closing,BetAnything,123,1061,Casper Ruud,57852,10916605,0,-170,1.5882,2026-08-30T15:08:01+00:00,2871.983,False,https://www.oddstrader.com/atp/?date=20260901&eid=4808918&g=match&m=winner,https://www.oddstrader.com/atp/?date=20260901&eid=4808918&g=match&m=merged
2026-09-01,4808918,2026-09-01T15:00:00+00:00,canceled,US Open Men Singles,UDF,Undefined,Casper Ruud,57852,Juan Manuel Cerundolo,75504,match,winner,126,opening,BetAnything,123,1061,Casper Ruud,57852,10916605,0,-245,1.4082,2026-08-28T13:47:30+00:00,5832.5,False,https://www.oddstrader.com/atp/?date=20260901&eid=4808918&g=match&m=winner,https://www.oddstrader.com/atp/?date=20260901&eid=4808918&g=match&m=merged
2026-09-01,4808918,2026-09-01T15:00:00+00:00,canceled,US Open Men Singles,UDF,Undefined,Casper Ruud,57852,Juan Manuel Cerundolo,75504,match,winner,126,closing,BetAnything,123,1061,Juan Manuel Cerundolo,75504,10917681,0,145,2.45,2026-08-30T15:08:01+00:00,2871.983,False,https://www.oddstrader.com/atp/?date=20260901&eid=4808918&g=match&m=winner,https://www.oddstrader.com/atp/?date=20260901&eid=4808918&g=match&m=merged
2026-09-01,4808918,2026-09-01T15:00:00+00:00,canceled,US Open Men Singles,UDF,Undefined,Casper Ruud,57852,Juan Manuel Cerundolo,75504,match,winner,126,opening,BetAnything,123,1061,Juan Manuel Cerundolo,75504,10917681,0,200,3,2026-08-28T13:47:30+00:00,5832.5,False,https://www.oddstrader.com/atp/?date=20260901&eid=4808918&g=match&m=winner,https://www.oddstrader.com/atp/?date=20260901&eid=4808918&g=match&m=merged
2026-09-01,4808918,2026-09-01T15:00:00+00:00,canceled,US Open Men Singles,UDF,Undefined,Casper Ruud,57852,Juan Manuel Cerundolo,75504,match,winner,126,closing,BetOnline,8,1096,Casper Ruud,57852,10916605,0,-180,1.5556,2026-08-29T18:32:32+00:00,4107.467,True,https://www.oddstrader.com/atp/?date=20260901&eid=4808918&g=match&m=winner,https://www.oddstrader.com/atp/?date=20260901&eid=4808918&g=match&m=merged
2026-09-01,4808918,2026-09-01T15:00:00+00:00,canceled,US Open Men Singles,UDF,Undefined,Casper Ruud,57852,Juan Manuel Cerundolo,75504,match,winner,126,opening,BetOnline,8,1096,Casper Ruud,57852,10916605,0,-261,1.3831,2026-08-28T11:06:48+00:00,5993.2,False,https://www.oddstrader.com/atp/?date=20260901&eid=4808918&g=match&m=winner,https://www.oddstrader.com/atp/?date=20260901&eid=4808918&g=match&m=merged
2026-09-01,4808918,2026-09-01T15:00:00+00:00,canceled,US Open Men Singles,UDF,Undefined,Casper Ruud,57852,Juan Manuel Cerundolo,75504,match,winner,126,closing,BetOnline,8,1096,Juan Manuel Cerundolo,75504,10917681,0,160,2.6,2026-08-29T18:32:32+00:00,4107.467,True,https://www.oddstrader.com/atp/?date=20260901&eid=4808918&g=match&m=winner,https://www.oddstrader.com/atp/?date=20260901&eid=4808918&g=match&m=merged
2026-09-01,4808918,2026-09-01T15:00:00+00:00,canceled,US Open Men Singles,UDF,Undefined,Casper Ruud,57852,Juan Manuel Cerundolo,75504,match,winner,126,opening,BetOnline,8,1096,Juan Manuel Cerundolo,75504,10917681,0,216,3.16,2026-08-28T11:06:48+00:00,5993.2,False,https://www.oddstrader.com/atp/?date=20260901&eid=4808918&g=match&m=winner,https://www.oddstrader.com/atp/?date=20260901&eid=4808918&g=match&m=merged
2026-09-01,4808918,2026-09-01T15:00:00+00:00,canceled,US Open Men Singles,UDF,Undefined,Casper Ruud,57852,Juan Manuel Cerundolo,75504,match,winner,126,closing,Bookmaker,10,93,Casper Ruud,57852,10916605,0,-185,1.5405,2026-08-30T08:21:13+00:00,3278.783,False,https://www.oddstrader.com/atp/?date=20260901&eid=4808918&g=match&m=winner,https://www.oddstrader.com/atp/?date=20260901&eid=4808918&g=match&m=merged
2026-09-01,4808918,2026-09-01T15:00:00+00:00,canceled,US Open Men Singles,UDF,Undefined,Casper Ruud,57852,Juan Manuel Cerundolo,75504,match,winner,126,opening,Bookmaker,10,93,Casper Ruud,57852,10916605,0,-333,1.3003,2026-08-28T05:08:29+00:00,6351.517,False,https://www.oddstrader.com/atp/?date=20260901&eid=4808918&g=match&m=winner,https://www.oddstrader.com/atp/?date=20260901&eid=4808918&g=match&m=merged
2026-09-01,4808918,2026-09-01T15:00:00+00:00,canceled,US Open Men Singles,UDF,Undefined,Casper Ruud,57852,Juan Manuel Cerundolo,75504,match,winner,126,closing,Bookmaker,10,93,Juan Manuel Cerundolo,75504,10917681,0,-345,1.2899,2026-08-31T07:39:47+00:00,1880.217,False,https://www.oddstrader.com/atp/?date=20260901&eid=4808918&g=match&m=winner,https://www.oddstrader.com/atp/?date=20260901&eid=4808918&g=match&m=merged
2026-09-01,4808918,2026-09-01T15:00:00+00:00,canceled,US Open Men Singles,UDF,Undefined,Casper Ruud,57852,Juan Manuel Cerundolo,75504,match,winner,126,opening,Bookmaker,10,93,Juan Manuel Cerundolo,75504,10917681,0,255,3.55,2026-08-28T05:08:29+00:00,6351.517,False,https://www.oddstrader.com/atp/?date=20260901&eid=4808918&g=match&m=winner,https://www.oddstrader.com/atp/?date=20260901&eid=4808918&g=match&m=merged
2026-09-01,4808918,2026-09-01T15:00:00+00:00,canceled,US Open Men Singles,UDF,Undefined,Casper Ruud,57852,Juan Manuel Cerundolo,75504,match,winner,126,closing,Bovada,9,1618,Casper Ruud,57852,10916605,0,-180,1.5556,2026-08-30T16:15:33+00:00,2804.45,True,https://www.oddstrader.com/atp/?date=20260901&eid=4808918&g=match&m=winner,https://www.oddstrader.com/atp/?date=20260901&eid=4808918&g=match&m=merged
2026-09-01,4808918,2026-09-01T15:00:00+00:00,canceled,US Open Men Singles,UDF,Undefined,Casper Ruud,57852,Juan Manuel Cerundolo,75504,match,winner,126,opening,Bovada,9,1618,Casper Ruud,57852,10916605,0,-450,1.2222,2026-08-27T19:22:22+00:00,6937.633,False,https://www.oddstrader.com/atp/?date=20260901&eid=4808918&g=match&m=winner,https://www.oddstrader.com/atp/?date=20260901&eid=4808918&g=match&m=merged
2026-09-01,4808918,2026-09-01T15:00:00+00:00,canceled,US Open Men Singles,UDF,Undefined,Casper Ruud,57852,Juan Manuel Cerundolo,75504,match,winner,126,closing,Bovada,9,1618,Juan Manuel Cerundolo,75504,10917681,0,150,2.5,2026-08-30T16:15:33+00:00,2804.45,True,https://www.oddstrader.com/atp/?date=20260901&eid=4808918&g=match&m=winner,https://www.oddstrader.com/atp/?date=20260901&eid=4808918&g=match&m=merged
2026-09-01,4808918,2026-09-01T15:00:00+00:00,canceled,US Open Men Singles,UDF,Undefined,Casper Ruud,57852,Juan Manuel Cerundolo,75504,match,winner,126,opening,Bovada,9,1618,Juan Manuel Cerundolo,75504,10917681,0,350,4.5,2026-08-27T19:22:22+00:00,6937.633,False,https://www.oddstrader.com/atp/?date=20260901&eid=4808918&g=match&m=winner,https://www.oddstrader.com/atp/?date=20260901&eid=4808918&g=match&m=merged
2026-09-01,4808918,2026-09-01T15:00:00+00:00,canceled,US Open Men Singles,UDF,Undefined,Casper Ruud,57852,Juan Manuel Cerundolo,75504,match,winner,126,closing,Everygame,29,180,Casper Ruud,57852,10916605,0,-189,1.53,2026-08-29T18:32:02+00:00,4107.967,False,https://www.oddstrader.com/atp/?date=20260901&eid=4808918&g=match&m=winner,https://www.oddstrader.com/atp/?date=20260901&eid=4808918&g=match&m=merged
2026-09-01,4808918,2026-09-01T15:00:00+00:00,canceled,US Open Men Singles,UDF,Undefined,Casper Ruud,57852,Juan Manuel Cerundolo,75504,match,winner,126,opening,Everygame,29,180,Casper Ruud,57852,10916605,0,-333,1.3,2026-08-28T10:37:40+00:00,6022.333,False,https://www.oddstrader.com/atp/?date=20260901&eid=4808918&g=match&m=winner,https://www.oddstrader.com/atp/?date=20260901&eid=4808918&g=match&m=merged
2026-09-01,4808918,2026-09-01T15:00:00+00:00,canceled,US Open Men Singles,UDF,Undefined,Casper Ruud,57852,Juan Manuel Cerundolo,75504,match,winner,126,closing,Everygame,29,180,Juan Manuel Cerundolo,75504,10917681,0,145,2.45,2026-08-29T18:32:02+00:00,4107.967,False,https://www.oddstrader.com/atp/?date=20260901&eid=4808918&g=match&m=winner,https://www.oddstrader.com/atp/?date=20260901&eid=4808918&g=match&m=merged
2026-09-01,4808918,2026-09-01T15:00:00+00:00,canceled,US Open Men Singles,UDF,Undefined,Casper Ruud,57852,Juan Manuel Cerundolo,75504,match,winner,126,opening,Everygame,29,180,Juan Manuel Cerundolo,75504,10917681,0,240,3.4,2026-08-28T10:37:40+00:00,6022.333,False,https://www.oddstrader.com/atp/?date=20260901&eid=4808918&g=match&m=winner,https://www.oddstrader.com/atp/?date=20260901&eid=4808918&g=match&m=merged
2026-09-01,4808918,2026-09-01T15:00:00+00:00,canceled,US Open Men Singles,UDF,Undefined,Casper Ruud,57852,Juan Manuel Cerundolo,75504,match,winner,126,closing,Heritage,44,169,Casper Ruud,57852,10916605,0,-186,1.538,2026-08-30T08:21:19+00:00,3278.683,True,https://www.oddstrader.com/atp/?date=20260901&eid=4808918&g=match&m=winner,https://www.oddstrader.com/atp/?date=20260901&eid=4808918&g=match&m=merged
2026-09-01,4808918,2026-09-01T15:00:00+00:00,canceled,US Open Men Singles,UDF,Undefined,Casper Ruud,57852,Juan Manuel Cerundolo,75504,match,winner,126,opening,Heritage,44,169,Casper Ruud,57852,10916605,0,-451,1.222,2026-08-27T20:02:29+00:00,6897.517,False,https://www.oddstrader.com/atp/?date=20260901&eid=4808918&g=match&m=winner,https://www.oddstrader.com/atp/?date=20260901&eid=4808918&g=match&m=merged
2026-09-01,4808918,2026-09-01T15:00:00+00:00,canceled,US Open Men Singles,UDF,Undefined,Casper Ruud,57852,Juan Manuel Cerundolo,75504,match,winner,126,closing,Heritage,44,169,Juan Manuel Cerundolo,75504,10917681,0,150,2.5,2026-08-30T08:21:19+00:00,3278.683,True,https://www.oddstrader.com/atp/?date=20260901&eid=4808918&g=match&m=winner,https://www.oddstrader.com/atp/?date=20260901&eid=4808918&g=match&m=merged
2026-09-01,4808918,2026-09-01T15:00:00+00:00,canceled,US Open Men Singles,UDF,Undefined,Casper Ruud,57852,Juan Manuel Cerundolo,75504,match,winner,126,opening,Heritage,44,169,Juan Manuel Cerundolo,75504,10917681,0,331,4.31,2026-08-27T20:02:29+00:00,6897.517,False,https://www.oddstrader.com/atp/?date=20260901&eid=4808918&g=match&m=winner,https://www.oddstrader.com/atp/?date=20260901&eid=4808918&g=match&m=merged
2026-09-01,4808918,2026-09-01T15:00:00+00:00,canceled,US Open Men Singles,UDF,Undefined,Casper Ruud,57852,Juan Manuel Cerundolo,75504,match,winner,126,closing,JustBet,16,1275,Casper Ruud,57852,10916605,0,-185,1.5405,2026-08-30T08:23:03+00:00,3276.95,False,https://www.oddstrader.com/atp/?date=20260901&eid=4808918&g=match&m=winner,https://www.oddstrader.com/atp/?date=20260901&eid=4808918&g=match&m=merged
2026-09-01,4808918,2026-09-01T15:00:00+00:00,canceled,US Open Men Singles,UDF,Undefined,Casper Ruud,57852,Juan Manuel Cerundolo,75504,match,winner,126,opening,JustBet,16,1275,Casper Ruud,57852,10916605,0,-333,1.3003,2026-08-28T05:08:29+00:00,6351.517,False,https://www.oddstrader.com/atp/?date=20260901&eid=4808918&g=match&m=winner,https://www.oddstrader.com/atp/?date=20260901&eid=4808918&g=match&m=merged
2026-09-01,4808918,2026-09-01T15:00:00+00:00,canceled,US Open Men Singles,UDF,Undefined,Casper Ruud,57852,Juan Manuel Cerundolo,75504,match,winner,126,closing,JustBet,16,1275,Juan Manuel Cerundolo,75504,10917681,0,-345,1.2899,2026-08-31T07:36:07+00:00,1883.883,False,https://www.oddstrader.com/atp/?date=20260901&eid=4808918&g=match&m=winner,https://www.oddstrader.com/atp/?date=20260901&eid=4808918&g=match&m=merged
2026-09-01,4808918,2026-09-01T15:00:00+00:00,canceled,US Open Men Singles,UDF,Undefined,Casper Ruud,57852,Juan Manuel Cerundolo,75504,match,winner,126,opening,JustBet,16,1275,Juan Manuel Cerundolo,75504,10917681,0,255,3.55,2026-08-28T05:08:29+00:00,6351.517,False,https://www.oddstrader.com/atp/?date=20260901&eid=4808918&g=match&m=winner,https://www.oddstrader.com/atp/?date=20260901&eid=4808918&g=match&m=merged
2026-09-01,4808918,2026-09-01T15:00:00+00:00,canceled,US Open Men Singles,UDF,Undefined,Casper Ruud,57852,Juan Manuel Cerundolo,75504,match,winner,126,closing,MyBookie,82,1680,Casper Ruud,57852,10916605,0,-150,1.6667,2026-08-30T17:39:03+00:00,2720.95,True,https://www.oddstrader.com/atp/?date=20260901&eid=4808918&g=match&m=winner,https://www.oddstrader.com/atp/?date=20260901&eid=4808918&g=match&m=merged
2026-09-01,4808918,2026-09-01T15:00:00+00:00,canceled,US Open Men Singles,UDF,Undefined,Casper Ruud,57852,Juan Manuel Cerundolo,75504,match,winner,126,opening,MyBookie,82,1680,Casper Ruud,57852,10916605,0,-500,1.2,2026-08-27T19:45:42+00:00,6914.3,False,https://www.oddstrader.com/atp/?date=20260901&eid=4808918&g=match&m=winner,https://www.oddstrader.com/atp/?date=20260901&eid=4808918&g=match&m=merged
2026-09-01,4808918,2026-09-01T15:00:00+00:00,canceled,US Open Men Singles,UDF,Undefined,Casper Ruud,57852,Juan Manuel Cerundolo,75504,match,winner,126,closing,MyBookie,82,1680,Juan Manuel Cerundolo,75504,10917681,0,118,2.18,2026-08-30T17:39:03+00:00,2720.95,True,https://www.oddstrader.com/atp/?date=20260901&eid=4808918&g=match&m=winner,https://www.oddstrader.com/atp/?date=20260901&eid=4808918&g=match&m=merged
2026-09-01,4808918,2026-09-01T15:00:00+00:00,canceled,US Open Men Singles,UDF,Undefined,Casper Ruud,57852,Juan Manuel Cerundolo,75504,match,winner,126,opening,MyBookie,82,1680,Juan Manuel Cerundolo,75504,10917681,0,310,4.1,2026-08-27T19:45:42+00:00,6914.3,False,https://www.oddstrader.com/atp/?date=20260901&eid=4808918&g=match&m=winner,https://www.oddstrader.com/atp/?date=20260901&eid=4808918&g=match&m=merged
2026-09-01,4808918,2026-09-01T15:00:00+00:00,canceled,US Open Men Singles,UDF,Undefined,Casper Ruud,57852,Juan Manuel Cerundolo,75504,match,winner,126,closing,SportsBetting,131,99,Casper Ruud,57852,10916605,0,-180,1.5556,2026-08-29T18:32:32+00:00,4107.467,False,https://www.oddstrader.com/atp/?date=20260901&eid=4808918&g=match&m=winner,https://www.oddstrader.com/atp/?date=20260901&eid=4808918&g=match&m=merged
2026-09-01,4808918,2026-09-01T15:00:00+00:00,canceled,US Open Men Singles,UDF,Undefined,Casper Ruud,57852,Juan Manuel Cerundolo,75504,match,winner,126,opening,SportsBetting,131,99,Casper Ruud,57852,10916605,0,-261,1.3831,2026-08-28T11:06:48+00:00,5993.2,False,https://www.oddstrader.com/atp/?date=20260901&eid=4808918&g=match&m=winner,https://www.oddstrader.com/atp/?date=20260901&eid=4808918&g=match&m=merged
2026-09-01,4808918,2026-09-01T15:00:00+00:00,canceled,US Open Men Singles,UDF,Undefined,Casper Ruud,57852,Juan Manuel Cerundolo,75504,match,winner,126,closing,SportsBetting,131,99,Juan Manuel Cerundolo,75504,10917681,0,160,2.6,2026-08-29T18:32:32+00:00,4107.467,False,https://www.oddstrader.com/atp/?date=20260901&eid=4808918&g=match&m=winner,https://www.oddstrader.com/atp/?date=20260901&eid=4808918&g=match&m=merged
2026-09-01,4808918,2026-09-01T15:00:00+00:00,canceled,US Open Men Singles,UDF,Undefined,Casper Ruud,57852,Juan Manuel Cerundolo,75504,match,winner,126,opening,SportsBetting,131,99,Juan Manuel Cerundolo,75504,10917681,0,216,3.16,2026-08-28T11:06:48+00:00,5993.2,False,https://www.oddstrader.com/atp/?date=20260901&eid=4808918&g=match&m=winner,https://www.oddstrader.com/atp/?date=20260901&eid=4808918&g=match&m=merged
2026-09-01,4808893,2026-09-01T15:05:00+00:00,complete,US Open Men Singles,"New York, NY",Louis Armstrong Stadium,Flavio Cobolli,189964,Francisco Comesana,180541,1st-set,winner,279,closing,BetOnline,8,1096,Flavio Cobolli,189964,10916548,0,-250,1.4,2026-08-31T18:41:33+00:00,1223.45,False,https://www.oddstrader.com/atp/?date=20260901&eid=4808893&g=1st-set&m=winner,https://www.oddstrader.com/atp/?date=20260901&eid=4808893&g=1st-set&m=merged
2026-09-01,4808893,2026-09-01T15:05:00+00:00,complete,US Open Men Singles,"New York, NY",Louis Armstrong Stadium,Flavio Cobolli,189964,Francisco Comesana,180541,1st-set,winner,279,opening,BetOnline,8,1096,Flavio Cobolli,189964,10916548,0,-225,1.4444,2026-08-28T13:19:43+00:00,5865.283,False,https://www.oddstrader.com/atp/?date=20260901&eid=4808893&g=1st-set&m=winner,https://www.oddstrader.com/atp/?date=20260901&eid=4808893&g=1st-set&m=merged
2026-09-01,4808893,2026-09-01T15:05:00+00:00,complete,US Open Men Singles,"New York, NY",Louis Armstrong Stadium,Flavio Cobolli,189964,Francisco Comesana,180541,1st-set,winner,279,closing,BetOnline,8,1096,Francisco Comesana,180541,6757217,0,210,3.1,2026-08-31T18:41:33+00:00,1223.45,False,https://www.oddstrader.com/atp/?date=20260901&eid=4808893&g=1st-set&m=winner,https://www.oddstrader.com/atp/?date=20260901&eid=4808893&g=1st-set&m=merged
2026-09-01,4808893,2026-09-01T15:05:00+00:00,complete,US Open Men Singles,"New York, NY",Louis Armstrong Stadium,Flavio Cobolli,189964,Francisco Comesana,180541,1st-set,winner,279,opening,BetOnline,8,1096,Francisco Comesana,180541,6757217,0,195,2.95,2026-08-28T13:19:43+00:00,5865.283,False,https://www.oddstrader.com/atp/?date=20260901&eid=4808893&g=1st-set&m=winner,https://www.oddstrader.com/atp/?date=20260901&eid=4808893&g=1st-set&m=merged
2026-09-01,4808893,2026-09-01T15:05:00+00:00,complete,US Open Men Singles,"New York, NY",Louis Armstrong Stadium,Flavio Cobolli,189964,Francisco Comesana,180541,1st-set,winner,279,closing,SportsBetting,131,99,Flavio Cobolli,189964,10916548,0,-250,1.4,2026-08-31T18:41:33+00:00,1223.45,False,https://www.oddstrader.com/atp/?date=20260901&eid=4808893&g=1st-set&m=winner,https://www.oddstrader.com/atp/?date=20260901&eid=4808893&g=1st-set&m=merged
2026-09-01,4808893,2026-09-01T15:05:00+00:00,complete,US Open Men Singles,"New York, NY",Louis Armstrong Stadium,Flavio Cobolli,189964,Francisco Comesana,180541,1st-set,winner,279,opening,SportsBetting,131,99,Flavio Cobolli,189964,10916548,0,-225,1.4444,2026-08-28T13:19:43+00:00,5865.283,False,https://www.oddstrader.com/atp/?date=20260901&eid=4808893&g=1st-set&m=winner,https://www.oddstrader.com/atp/?date=20260901&eid=4808893&g=1st-set&m=merged
2026-09-01,4808893,2026-09-01T15:05:00+00:00,complete,US Open Men Singles,"New York, NY",Louis Armstrong Stadium,Flavio Cobolli,189964,Francisco Comesana,180541,1st-set,winner,279,closing,SportsBetting,131,99,Francisco Comesana,180541,6757217,0,210,3.1,2026-08-31T18:41:33+00:00,1223.45,False,https://www.oddstrader.com/atp/?date=20260901&eid=4808893&g=1st-set&m=winner,https://www.oddstrader.com/atp/?date=20260901&eid=4808893&g=1st-set&m=merged
2026-09-01,4808893,2026-09-01T15:05:00+00:00,complete,US Open Men Singles,"New York, NY",Louis Armstrong Stadium,Flavio Cobolli,189964,Francisco Comesana,180541,1st-set,winner,279,opening,SportsBetting,131,99,Francisco Comesana,180541,6757217,0,195,2.95,2026-08-28T13:19:43+00:00,5865.283,False,https://www.oddstrader.com/atp/?date=20260901&eid=4808893&g=1st-set&m=winner,https://www.oddstrader.com/atp/?date=20260901&eid=4808893&g=1st-set&m=merged
2026-09-01,4808893,2026-09-01T15:05:00+00:00,complete,US Open Men Singles,"New York, NY",Louis Armstrong Stadium,Flavio Cobolli,189964,Francisco Comesana,180541,match,spread,395,opening,Bet105,130,3174,Flavio Cobolli,189964,10922486,-5.5,-112,1.893,2026-08-28T10:51:25+00:00,6013.583,False,https://www.oddstrader.com/atp/?date=20260901&eid=4808893&g=match&m=spread,https://www.oddstrader.com/atp/?date=20260901&eid=4808893&g=match&m=merged
2026-09-01,4808893,2026-09-01T15:05:00+00:00,complete,US Open Men Singles,"New York, NY",Louis Armstrong Stadium,Flavio Cobolli,189964,Francisco Comesana,180541,match,spread,395,opening,Bet105,130,3174,Francisco Comesana,180541,9508229,5.5,-106,1.943,2026-08-28T10:51:25+00:00,6013.583,False,https://www.oddstrader.com/atp/?date=20260901&eid=4808893&g=match&m=spread,https://www.oddstrader.com/atp/?date=20260901&eid=4808893&g=match&m=merged
2026-09-01,4808893,2026-09-01T15:05:00+00:00,complete,US Open Men Singles,"New York, NY",Louis Armstrong Stadium,Flavio Cobolli,189964,Francisco Comesana,180541,match,spread,395,closing,BetAnything,123,1061,Flavio Cobolli,189964,10922486,-5.5,-130,1.7692,2026-09-01T07:47:25+00:00,437.583,False,https://www.oddstrader.com/atp/?date=20260901&eid=4808893&g=match&m=spread,https://www.oddstrader.com/atp/?date=20260901&eid=4808893&g=match&m=merged
2026-09-01,4808893,2026-09-01T15:05:00+00:00,complete,US Open Men Singles,"New York, NY",Louis Armstrong Stadium,Flavio Cobolli,189964,Francisco Comesana,180541,match,spread,395,opening,BetAnything,123,1061,Flavio Cobolli,189964,10922486,-5.5,-120,1.8333,2026-08-28T13:57:50+00:00,5827.167,False,https://www.oddstrader.com/atp/?date=20260901&eid=4808893&g=match&m=spread,https://www.oddstrader.com/atp/?date=20260901&eid=4808893&g=match&m=merged
2026-09-01,4808893,2026-09-01T15:05:00+00:00,complete,US Open Men Singles,"New York, NY",Louis Armstrong Stadium,Flavio Cobolli,189964,Francisco Comesana,180541,match,spread,395,closing,BetAnything,123,1061,Francisco Comesana,180541,9508229,5.5,100,2,2026-09-01T07:47:25+00:00,437.583,False,https://www.oddstrader.com/atp/?date=20260901&eid=4808893&g=match&m=spread,https://www.oddstrader.com/atp/?date=20260901&eid=4808893&g=match&m=merged
2026-09-01,4808893,2026-09-01T15:05:00+00:00,complete,US Open Men Singles,"New York, NY",Louis Armstrong Stadium,Flavio Cobolli,189964,Francisco Comesana,180541,match,spread,395,opening,BetAnything,123,1061,Francisco Comesana,180541,9508229,5.5,-110,1.9091,2026-08-28T13:57:50+00:00,5827.167,False,https://www.oddstrader.com/atp/?date=20260901&eid=4808893&g=match&m=spread,https://www.oddstrader.com/atp/?date=20260901&eid=4808893&g=match&m=merged
2026-09-01,4808893,2026-09-01T15:05:00+00:00,complete,US Open Men Singles,"New York, NY",Louis Armstrong Stadium,Flavio Cobolli,189964,Francisco Comesana,180541,match,spread,395,opening,BetOnline,8,1096,Flavio Cobolli,189964,10922486,-5.5,-120,1.8333,2026-08-28T11:37:30+00:00,5967.5,False,https://www.oddstrader.com/atp/?date=20260901&eid=4808893&g=match&m=spread,https://www.oddstrader.com/atp/?date=20260901&eid=4808893&g=match&m=merged
2026-09-01,4808893,2026-09-01T15:05:00+00:00,complete,US Open Men Singles,"New York, NY",Louis Armstrong Stadium,Flavio Cobolli,189964,Francisco Comesana,180541,match,spread,395,opening,BetOnline,8,1096,Francisco Comesana,180541,9508229,5.5,100,2,2026-08-28T11:37:30+00:00,5967.5,False,https://www.oddstrader.com/atp/?date=20260901&eid=4808893&g=match&m=spread,https://www.oddstrader.com/atp/?date=20260901&eid=4808893&g=match&m=merged
2026-09-01,4808893,2026-09-01T15:05:00+00:00,complete,US Open Men Singles,"New York, NY",Louis Armstrong Stadium,Flavio Cobolli,189964,Francisco Comesana,180541,match,spread,395,closing,Bookmaker,10,93,Flavio Cobolli,189964,10922486,-5.5,-111,1.9009,2026-08-29T20:20:14+00:00,4004.767,False,https://www.oddstrader.com/atp/?date=20260901&eid=4808893&g=match&m=spread,https://www.oddstrader.com/atp/?date=20260901&eid=4808893&g=match&m=merged
2026-09-01,4808893,2026-09-01T15:05:00+00:00,complete,US Open Men Singles,"New York, NY",Louis Armstrong Stadium,Flavio Cobolli,189964,Francisco Comesana,180541,match,spread,395,opening,Bookmaker,10,93,Flavio Cobolli,189964,10995095,-6,-105,1.9524,2026-08-28T10:38:44+00:00,6026.267,False,https://www.oddstrader.com/atp/?date=20260901&eid=4808893&g=match&m=spread,https://www.oddstrader.com/atp/?date=20260901&eid=4808893&g=match&m=merged
2026-09-01,4808893,2026-09-01T15:05:00+00:00,complete,US Open Men Singles,"New York, NY",Louis Armstrong Stadium,Flavio Cobolli,189964,Francisco Comesana,180541,match,spread,395,closing,Bookmaker,10,93,Francisco Comesana,180541,9508229,5.5,-110,1.9091,2026-08-29T20:20:14+00:00,4004.767,False,https://www.oddstrader.com/atp/?date=20260901&eid=4808893&g=match&m=spread,https://www.oddstrader.com/atp/?date=20260901&eid=4808893&g=match&m=merged
2026-09-01,4808893,2026-09-01T15:05:00+00:00,complete,US Open Men Singles,"New York, NY",Louis Armstrong Stadium,Flavio Cobolli,189964,Francisco Comesana,180541,match,spread,395,opening,Bookmaker,10,93,Francisco Comesana,180541,10565889,6,-116,1.8621,2026-08-28T10:38:44+00:00,6026.267,False,https://www.oddstrader.com/atp/?date=20260901&eid=4808893&g=match&m=spread,https://www.oddstrader.com/atp/?date=20260901&eid=4808893&g=match&m=merged
2026-09-01,4808893,2026-09-01T15:05:00+00:00,complete,US Open Men Singles,"New York, NY",Louis Armstrong Stadium,Flavio Cobolli,189964,Francisco Comesana,180541,match,spread,395,closing,Bovada,9,1618,Flavio Cobolli,189964,10995095,-6,-105,1.9524,2026-09-01T09:26:29+00:00,338.517,True,https://www.oddstrader.com/atp/?date=20260901&eid=4808893&g=match&m=spread,https://www.oddstrader.com/atp/?date=20260901&eid=4808893&g=match&m=merged
2026-09-01,4808893,2026-09-01T15:05:00+00:00,complete,US Open Men Singles,"New York, NY",Louis Armstrong Stadium,Flavio Cobolli,189964,Francisco Comesana,180541,match,spread,395,opening,Bovada,9,1618,Flavio Cobolli,189964,10923553,-6.5,-120,1.8333,2026-08-27T22:40:02+00:00,6744.967,False,https://www.oddstrader.com/atp/?date=20260901&eid=4808893&g=match&m=spread,https://www.oddstrader.com/atp/?date=20260901&eid=4808893&g=match&m=merged
2026-09-01,4808893,2026-09-01T15:05:00+00:00,complete,US Open Men Singles,"New York, NY",Louis Armstrong Stadium,Flavio Cobolli,189964,Francisco Comesana,180541,match,spread,395,closing,Bovada,9,1618,Francisco Comesana,180541,10565889,6,-125,1.8,2026-09-01T09:26:29+00:00,338.517,True,https://www.oddstrader.com/atp/?date=20260901&eid=4808893&g=match&m=spread,https://www.oddstrader.com/atp/?date=20260901&eid=4808893&g=match&m=merged
2026-09-01,4808893,2026-09-01T15:05:00+00:00,complete,US Open Men Singles,"New York, NY",Louis Armstrong Stadium,Flavio Cobolli,189964,Francisco Comesana,180541,match,spread,395,opening,Bovada,9,1618,Francisco Comesana,180541,8669410,6.5,-110,1.9091,2026-08-27T22:40:02+00:00,6744.967,False,https://www.oddstrader.com/atp/?date=20260901&eid=4808893&g=match&m=spread,https://www.oddstrader.com/atp/?date=20260901&eid=4808893&g=match&m=merged
2026-09-01,4808893,2026-09-01T15:05:00+00:00,complete,US Open Men Singles,"New York, NY",Louis Armstrong Stadium,Flavio Cobolli,189964,Francisco Comesana,180541,match,spread,395,closing,Everygame,29,180,Flavio Cobolli,189964,10922486,-5.5,-133,1.75,2026-09-01T07:28:02+00:00,456.967,False,https://www.oddstrader.com/atp/?date=20260901&eid=4808893&g=match&m=spread,https://www.oddstrader.com/atp/?date=20260901&eid=4808893&g=match&m=merged
2026-09-01,4808893,2026-09-01T15:05:00+00:00,complete,US Open Men Singles,"New York, NY",Louis Armstrong Stadium,Flavio Cobolli,189964,Francisco Comesana,180541,match,spread,395,opening,Everygame,29,180,Flavio Cobolli,189964,10922486,-5.5,-133,1.75,2026-08-28T12:57:35+00:00,5887.417,False,https://www.oddstrader.com/atp/?date=20260901&eid=4808893&g=match&m=spread,https://www.oddstrader.com/atp/?date=20260901&eid=4808893&g=match&m=merged
2026-09-01,4808893,2026-09-01T15:05:00+00:00,complete,US Open Men Singles,"New York, NY",Louis Armstrong Stadium,Flavio Cobolli,189964,Francisco Comesana,180541,match,spread,395,closing,Everygame,29,180,Francisco Comesana,180541,9508229,5.5,-105,1.95,2026-09-01T07:28:02+00:00,456.967,False,https://www.oddstrader.com/atp/?date=20260901&eid=4808893&g=match&m=spread,https://www.oddstrader.com/atp/?date=20260901&eid=4808893&g=match&m=merged
2026-09-01,4808893,2026-09-01T15:05:00+00:00,complete,US Open Men Singles,"New York, NY",Louis Armstrong Stadium,Flavio Cobolli,189964,Francisco Comesana,180541,match,spread,395,opening,Everygame,29,180,Francisco Comesana,180541,9508229,5.5,-105,1.95,2026-08-28T12:57:35+00:00,5887.417,False,https://www.oddstrader.com/atp/?date=20260901&eid=4808893&g=match&m=spread,https://www.oddstrader.com/atp/?date=20260901&eid=4808893&g=match&m=merged
2026-09-01,4808893,2026-09-01T15:05:00+00:00,complete,US Open Men Singles,"New York, NY",Louis Armstrong Stadium,Flavio Cobolli,189964,Francisco Comesana,180541,match,spread,395,opening,Heritage,44,169,Flavio Cobolli,189964,10923553,-6.5,-102,1.98,2026-08-27T21:28:42+00:00,6816.3,False,https://www.oddstrader.com/atp/?date=20260901&eid=4808893&g=match&m=spread,https://www.oddstrader.com/atp/?date=20260901&eid=4808893&g=match&m=merged
2026-09-01,4808893,2026-09-01T15:05:00+00:00,complete,US Open Men Singles,"New York, NY",Louis Armstrong Stadium,Flavio Cobolli,189964,Francisco Comesana,180541,match,spread,395,opening,Heritage,44,169,Francisco Comesana,180541,8669410,6.5,-134,1.746,2026-08-27T21:28:42+00:00,6816.3,False,https://www.oddstrader.com/atp/?date=20260901&eid=4808893&g=match&m=spread,https://www.oddstrader.com/atp/?date=20260901&eid=4808893&g=match&m=merged
2026-09-01,4808893,2026-09-01T15:05:00+00:00,complete,US Open Men Singles,"New York, NY",Louis Armstrong Stadium,Flavio Cobolli,189964,Francisco Comesana,180541,match,spread,395,closing,JustBet,16,1275,Flavio Cobolli,189964,10922486,-5.5,-111,1.9009,2026-08-29T20:20:14+00:00,4004.767,False,https://www.oddstrader.com/atp/?date=20260901&eid=4808893&g=match&m=spread,https://www.oddstrader.com/atp/?date=20260901&eid=4808893&g=match&m=merged
2026-09-01,4808893,2026-09-01T15:05:00+00:00,complete,US Open Men Singles,"New York, NY",Louis Armstrong Stadium,Flavio Cobolli,189964,Francisco Comesana,180541,match,spread,395,opening,JustBet,16,1275,Flavio Cobolli,189964,10995095,-6,-105,1.9524,2026-08-28T10:38:44+00:00,6026.267,False,https://www.oddstrader.com/atp/?date=20260901&eid=4808893&g=match&m=spread,https://www.oddstrader.com/atp/?date=20260901&eid=4808893&g=match&m=merged
2026-09-01,4808893,2026-09-01T15:05:00+00:00,complete,US Open Men Singles,"New York, NY",Louis Armstrong Stadium,Flavio Cobolli,189964,Francisco Comesana,180541,match,spread,395,closing,JustBet,16,1275,Francisco Comesana,180541,9508229,5.5,-110,1.9091,2026-08-29T20:20:14+00:00,4004.767,False,https://www.oddstrader.com/atp/?date=20260901&eid=4808893&g=match&m=spread,https://www.oddstrader.com/atp/?date=20260901&eid=4808893&g=match&m=merged
2026-09-01,4808893,2026-09-01T15:05:00+00:00,complete,US Open Men Singles,"New York, NY",Louis Armstrong Stadium,Flavio Cobolli,189964,Francisco Comesana,180541,match,spread,395,opening,JustBet,16,1275,Francisco Comesana,180541,10565889,6,-116,1.8621,2026-08-28T10:38:44+00:00,6026.267,False,https://www.oddstrader.com/atp/?date=20260901&eid=4808893&g=match&m=spread,https://www.oddstrader.com/atp/?date=20260901&eid=4808893&g=match&m=merged
2026-09-01,4808893,2026-09-01T15:05:00+00:00,complete,US Open Men Singles,"New York, NY",Louis Armstrong Stadium,Flavio Cobolli,189964,Francisco Comesana,180541,match,spread,395,closing,MyBookie,82,1680,Flavio Cobolli,189964,10923553,-6.5,104,2.04,2026-09-01T11:33:43+00:00,211.283,True,https://www.oddstrader.com/atp/?date=20260901&eid=4808893&g=match&m=spread,https://www.oddstrader.com/atp/?date=20260901&eid=4808893&g=match&m=merged
2026-09-01,4808893,2026-09-01T15:05:00+00:00,complete,US Open Men Singles,"New York, NY",Louis Armstrong Stadium,Flavio Cobolli,189964,Francisco Comesana,180541,match,spread,395,opening,MyBookie,82,1680,Flavio Cobolli,189964,10922486,-5.5,-133,1.7519,2026-08-28T15:10:28+00:00,5754.533,False,https://www.oddstrader.com/atp/?date=20260901&eid=4808893&g=match&m=spread,https://www.oddstrader.com/atp/?date=20260901&eid=4808893&g=match&m=merged
2026-09-01,4808893,2026-09-01T15:05:00+00:00,complete,US Open Men Singles,"New York, NY",Louis Armstrong Stadium,Flavio Cobolli,189964,Francisco Comesana,180541,match,spread,395,closing,MyBookie,82,1680,Francisco Comesana,180541,8669410,6.5,-144,1.6944,2026-09-01T11:33:43+00:00,211.283,True,https://www.oddstrader.com/atp/?date=20260901&eid=4808893&g=match&m=spread,https://www.oddstrader.com/atp/?date=20260901&eid=4808893&g=match&m=merged
2026-09-01,4808893,2026-09-01T15:05:00+00:00,complete,US Open Men Singles,"New York, NY",Louis Armstrong Stadium,Flavio Cobolli,189964,Francisco Comesana,180541,match,spread,395,opening,MyBookie,82,1680,Francisco Comesana,180541,9508229,5.5,-108,1.9259,2026-08-28T15:10:28+00:00,5754.533,False,https://www.oddstrader.com/atp/?date=20260901&eid=4808893&g=match&m=spread,https://www.oddstrader.com/atp/?date=20260901&eid=4808893&g=match&m=merged
2026-09-01,4808893,2026-09-01T15:05:00+00:00,complete,US Open Men Singles,"New York, NY",Louis Armstrong Stadium,Flavio Cobolli,189964,Francisco Comesana,180541,match,spread,395,opening,SportsBetting,131,99,Flavio Cobolli,189964,10922486,-5.5,-120,1.8333,2026-08-28T11:37:30+00:00,5967.5,False,https://www.oddstrader.com/atp/?date=20260901&eid=4808893&g=match&m=spread,https://www.oddstrader.com/atp/?date=20260901&eid=4808893&g=match&m=merged
2026-09-01,4808893,2026-09-01T15:05:00+00:00,complete,US Open Men Singles,"New York, NY",Louis Armstrong Stadium,Flavio Cobolli,189964,Francisco Comesana,180541,match,spread,395,opening,SportsBetting,131,99,Francisco Comesana,180541,9508229,5.5,100,2,2026-08-28T11:37:30+00:00,5967.5,False,https://www.oddstrader.com/atp/?date=20260901&eid=4808893&g=match&m=spread,https://www.oddstrader.com/atp/?date=20260901&eid=4808893&g=match&m=merged
2026-09-01,4808893,2026-09-01T15:05:00+00:00,complete,US Open Men Singles,"New York, NY",Louis Armstrong Stadium,Flavio Cobolli,189964,Francisco Comesana,180541,match,total,396,opening,Bet105,130,3174,option_15143,15143,119612,37,-107,1.935,2026-08-28T10:51:25+00:00,6013.583,False,https://www.oddstrader.com/atp/?date=20260901&eid=4808893&g=match&m=total,https://www.oddstrader.com/atp/?date=20260901&eid=4808893&g=match&m=merged
2026-09-01,4808893,2026-09-01T15:05:00+00:00,complete,US Open Men Singles,"New York, NY",Louis Armstrong Stadium,Flavio Cobolli,189964,Francisco Comesana,180541,match,total,396,opening,Bet105,130,3174,option_15144,15144,119682,37,-111,1.901,2026-08-28T10:51:25+00:00,6013.583,False,https://www.oddstrader.com/atp/?date=20260901&eid=4808893&g=match&m=total,https://www.oddstrader.com/atp/?date=20260901&eid=4808893&g=match&m=merged
2026-09-01,4808893,2026-09-01T15:05:00+00:00,complete,US Open Men Singles,"New York, NY",Louis Armstrong Stadium,Flavio Cobolli,189964,Francisco Comesana,180541,match,total,396,closing,BetAnything,123,1061,option_15143,15143,119611,36.5,-110,1.9091,2026-09-01T07:47:25+00:00,437.583,False,https://www.oddstrader.com/atp/?date=20260901&eid=4808893&g=match&m=total,https://www.oddstrader.com/atp/?date=20260901&eid=4808893&g=match&m=merged
2026-09-01,4808893,2026-09-01T15:05:00+00:00,complete,US Open Men Singles,"New York, NY",Louis Armstrong Stadium,Flavio Cobolli,189964,Francisco Comesana,180541,match,total,396,opening,BetAnything,123,1061,option_15143,15143,119611,36.5,-115,1.8696,2026-08-28T13:57:50+00:00,5827.167,False,https://www.oddstrader.com/atp/?date=20260901&eid=4808893&g=match&m=total,https://www.oddstrader.com/atp/?date=20260901&eid=4808893&g=match&m=merged
2026-09-01,4808893,2026-09-01T15:05:00+00:00,complete,US Open Men Singles,"New York, NY",Louis Armstrong Stadium,Flavio Cobolli,189964,Francisco Comesana,180541,match,total,396,closing,BetAnything,123,1061,option_15144,15144,119681,36.5,-120,1.8333,2026-09-01T07:47:25+00:00,437.583,False,https://www.oddstrader.com/atp/?date=20260901&eid=4808893&g=match&m=total,https://www.oddstrader.com/atp/?date=20260901&eid=4808893&g=match&m=merged
2026-09-01,4808893,2026-09-01T15:05:00+00:00,complete,US Open Men Singles,"New York, NY",Louis Armstrong Stadium,Flavio Cobolli,189964,Francisco Comesana,180541,match,total,396,opening,BetAnything,123,1061,option_15144,15144,119681,36.5,-115,1.8696,2026-08-28T13:57:50+00:00,5827.167,False,https://www.oddstrader.com/atp/?date=20260901&eid=4808893&g=match&m=total,https://www.oddstrader.com/atp/?date=20260901&eid=4808893&g=match&m=merged
2026-09-01,4808893,2026-09-01T15:05:00+00:00,complete,US Open Men Singles,"New York, NY",Louis Armstrong Stadium,Flavio Cobolli,189964,Francisco Comesana,180541,match,total,396,opening,BetOnline,8,1096,option_15143,15143,119611,36.5,-110,1.9091,2026-08-28T11:37:30+00:00,5967.5,False,https://www.oddstrader.com/atp/?date=20260901&eid=4808893&g=match&m=total,https://www.oddstrader.com/atp/?date=20260901&eid=4808893&g=match&m=merged
2026-09-01,4808893,2026-09-01T15:05:00+00:00,complete,US Open Men Singles,"New York, NY",Louis Armstrong Stadium,Flavio Cobolli,189964,Francisco Comesana,180541,match,total,396,opening,BetOnline,8,1096,option_15144,15144,119681,36.5,-110,1.9091,2026-08-28T11:37:30+00:00,5967.5,False,https://www.oddstrader.com/atp/?date=20260901&eid=4808893&g=match&m=total,https://www.oddstrader.com/atp/?date=20260901&eid=4808893&g=match&m=merged
2026-09-01,4808893,2026-09-01T15:05:00+00:00,complete,US Open Men Singles,"New York, NY",Louis Armstrong Stadium,Flavio Cobolli,189964,Francisco Comesana,180541,match,total,396,closing,Bookmaker,10,93,option_15143,15143,248,19.5,-108,1.9259,2026-08-31T06:16:14+00:00,1968.767,False,https://www.oddstrader.com/atp/?date=20260901&eid=4808893&g=match&m=total,https://www.oddstrader.com/atp/?date=20260901&eid=4808893&g=match&m=merged
2026-09-01,4808893,2026-09-01T15:05:00+00:00,complete,US Open Men Singles,"New York, NY",Louis Armstrong Stadium,Flavio Cobolli,189964,Francisco Comesana,180541,match,total,396,opening,Bookmaker,10,93,option_15143,15143,119610,36,-112,1.8929,2026-08-28T10:38:44+00:00,6026.267,False,https://www.oddstrader.com/atp/?date=20260901&eid=4808893&g=match&m=total,https://www.oddstrader.com/atp/?date=20260901&eid=4808893&g=match&m=merged
2026-09-01,4808893,2026-09-01T15:05:00+00:00,complete,US Open Men Singles,"New York, NY",Louis Armstrong Stadium,Flavio Cobolli,189964,Francisco Comesana,180541,match,total,396,closing,Bookmaker,10,93,option_15144,15144,249,19.5,-123,1.813,2026-08-31T06:16:14+00:00,1968.767,False,https://www.oddstrader.com/atp/?date=20260901&eid=4808893&g=match&m=total,https://www.oddstrader.com/atp/?date=20260901&eid=4808893&g=match&m=merged
2026-09-01,4808893,2026-09-01T15:05:00+00:00,complete,US Open Men Singles,"New York, NY",Louis Armstrong Stadium,Flavio Cobolli,189964,Francisco Comesana,180541,match,total,396,opening,Bookmaker,10,93,option_15144,15144,119680,36,-109,1.9174,2026-08-28T10:38:44+00:00,6026.267,False,https://www.oddstrader.com/atp/?date=20260901&eid=4808893&g=match&m=total,https://www.oddstrader.com/atp/?date=20260901&eid=4808893&g=match&m=merged
2026-09-01,4808893,2026-09-01T15:05:00+00:00,complete,US Open Men Singles,"New York, NY",Louis Armstrong Stadium,Flavio Cobolli,189964,Francisco Comesana,180541,match,total,396,closing,Bovada,9,1618,option_15143,15143,119611,36.5,-115,1.87,2026-09-01T14:58:12+00:00,6.8,True,https://www.oddstrader.com/atp/?date=20260901&eid=4808893&g=match&m=total,https://www.oddstrader.com/atp/?date=20260901&eid=4808893&g=match&m=merged
2026-09-01,4808893,2026-09-01T15:05:00+00:00,complete,US Open Men Singles,"New York, NY",Louis Armstrong Stadium,Flavio Cobolli,189964,Francisco Comesana,180541,match,total,396,opening,Bovada,9,1618,option_15143,15143,119609,35.5,-110,1.9091,2026-08-27T22:40:02+00:00,6744.967,False,https://www.oddstrader.com/atp/?date=20260901&eid=4808893&g=match&m=total,https://www.oddstrader.com/atp/?date=20260901&eid=4808893&g=match&m=merged
2026-09-01,4808893,2026-09-01T15:05:00+00:00,complete,US Open Men Singles,"New York, NY",Louis Armstrong Stadium,Flavio Cobolli,189964,Francisco Comesana,180541,match,total,396,closing,Bovada,9,1618,option_15144,15144,119681,36.5,-115,1.87,2026-09-01T14:58:12+00:00,6.8,True,https://www.oddstrader.com/atp/?date=20260901&eid=4808893&g=match&m=total,https://www.oddstrader.com/atp/?date=20260901&eid=4808893&g=match&m=merged
2026-09-01,4808893,2026-09-01T15:05:00+00:00,complete,US Open Men Singles,"New York, NY",Louis Armstrong Stadium,Flavio Cobolli,189964,Francisco Comesana,180541,match,total,396,opening,Bovada,9,1618,option_15144,15144,119679,35.5,-120,1.8333,2026-08-27T22:40:02+00:00,6744.967,False,https://www.oddstrader.com/atp/?date=20260901&eid=4808893&g=match&m=total,https://www.oddstrader.com/atp/?date=20260901&eid=4808893&g=match&m=merged
2026-09-01,4808893,2026-09-01T15:05:00+00:00,complete,US Open Men Singles,"New York, NY",Louis Armstrong Stadium,Flavio Cobolli,189964,Francisco Comesana,180541,match,total,396,closing,Everygame,29,180,option_15143,15143,119609,35.5,-125,1.8,2026-09-01T09:41:51+00:00,323.15,False,https://www.oddstrader.com/atp/?date=20260901&eid=4808893&g=match&m=total,https://www.oddstrader.com/atp/?date=20260901&eid=4808893&g=match&m=merged
2026-09-01,4808893,2026-09-01T15:05:00+00:00,complete,US Open Men Singles,"New York, NY",Louis Armstrong Stadium,Flavio Cobolli,189964,Francisco Comesana,180541,match,total,396,opening,Everygame,29,180,option_15143,15143,119611,36.5,-118,1.85,2026-08-28T12:57:35+00:00,5887.417,False,https://www.oddstrader.com/atp/?date=20260901&eid=4808893&g=match&m=total,https://www.oddstrader.com/atp/?date=20260901&eid=4808893&g=match&m=merged
2026-09-01,4808893,2026-09-01T15:05:00+00:00,complete,US Open Men Singles,"New York, NY",Louis Armstrong Stadium,Flavio Cobolli,189964,Francisco Comesana,180541,match,total,396,closing,Everygame,29,180,option_15144,15144,119679,35.5,-111,1.9,2026-09-01T09:41:51+00:00,323.15,False,https://www.oddstrader.com/atp/?date=20260901&eid=4808893&g=match&m=total,https://www.oddstrader.com/atp/?date=20260901&eid=4808893&g=match&m=merged
2026-09-01,4808893,2026-09-01T15:05:00+00:00,complete,US Open Men Singles,"New York, NY",Louis Armstrong Stadium,Flavio Cobolli,189964,Francisco Comesana,180541,match,total,396,opening,Everygame,29,180,option_15144,15144,119681,36.5,-118,1.85,2026-08-28T12:57:35+00:00,5887.417,False,https://www.oddstrader.com/atp/?date=20260901&eid=4808893&g=match&m=total,https://www.oddstrader.com/atp/?date=20260901&eid=4808893&g=match&m=merged
2026-09-01,4808893,2026-09-01T15:05:00+00:00,complete,US Open Men Singles,"New York, NY",Louis Armstrong Stadium,Flavio Cobolli,189964,Francisco Comesana,180541,match,total,396,opening,Heritage,44,169,option_15143,15143,119604,32.5,-159,1.629,2026-08-27T21:28:42+00:00,6816.3,False,https://www.oddstrader.com/atp/?date=20260901&eid=4808893&g=match&m=total,https://www.oddstrader.com/atp/?date=20260901&eid=4808893&g=match&m=merged
2026-09-01,4808893,2026-09-01T15:05:00+00:00,complete,US Open Men Singles,"New York, NY",Louis Armstrong Stadium,Flavio Cobolli,189964,Francisco Comesana,180541,match,total,396,opening,Heritage,44,169,option_15144,15144,119674,32.5,115,2.15,2026-08-27T21:28:42+00:00,6816.3,False,https://www.oddstrader.com/atp/?date=20260901&eid=4808893&g=match&m=total,https://www.oddstrader.com/atp/?date=20260901&eid=4808893&g=match&m=merged
2026-09-01,4808893,2026-09-01T15:05:00+00:00,complete,US Open Men Singles,"New York, NY",Louis Armstrong Stadium,Flavio Cobolli,189964,Francisco Comesana,180541,match,total,396,closing,JustBet,16,1275,option_15143,15143,248,19.5,-108,1.9259,2026-08-31T06:17:32+00:00,1967.467,False,https://www.oddstrader.com/atp/?date=20260901&eid=4808893&g=match&m=total,https://www.oddstrader.com/atp/?date=20260901&eid=4808893&g=match&m=merged
2026-09-01,4808893,2026-09-01T15:05:00+00:00,complete,US Open Men Singles,"New York, NY",Louis Armstrong Stadium,Flavio Cobolli,189964,Francisco Comesana,180541,match,total,396,opening,JustBet,16,1275,option_15143,15143,119610,36,-112,1.8929,2026-08-28T10:38:44+00:00,6026.267,False,https://www.oddstrader.com/atp/?date=20260901&eid=4808893&g=match&m=total,https://www.oddstrader.com/atp/?date=20260901&eid=4808893&g=match&m=merged
2026-09-01,4808893,2026-09-01T15:05:00+00:00,complete,US Open Men Singles,"New York, NY",Louis Armstrong Stadium,Flavio Cobolli,189964,Francisco Comesana,180541,match,total,396,closing,JustBet,16,1275,option_15144,15144,249,19.5,-123,1.813,2026-08-31T06:17:32+00:00,1967.467,False,https://www.oddstrader.com/atp/?date=20260901&eid=4808893&g=match&m=total,https://www.oddstrader.com/atp/?date=20260901&eid=4808893&g=match&m=merged
2026-09-01,4808893,2026-09-01T15:05:00+00:00,complete,US Open Men Singles,"New York, NY",Louis Armstrong Stadium,Flavio Cobolli,189964,Francisco Comesana,180541,match,total,396,opening,JustBet,16,1275,option_15144,15144,119680,36,-109,1.9174,2026-08-28T10:38:44+00:00,6026.267,False,https://www.oddstrader.com/atp/?date=20260901&eid=4808893&g=match&m=total,https://www.oddstrader.com/atp/?date=20260901&eid=4808893&g=match&m=merged
2026-09-01,4808893,2026-09-01T15:05:00+00:00,complete,US Open Men Singles,"New York, NY",Louis Armstrong Stadium,Flavio Cobolli,189964,Francisco Comesana,180541,match,total,396,closing,MyBookie,82,1680,option_15143,15143,119611,36.5,-111,1.9009,2026-09-01T11:33:43+00:00,211.283,True,https://www.oddstrader.com/atp/?date=20260901&eid=4808893&g=match&m=total,https://www.oddstrader.com/atp/?date=20260901&eid=4808893&g=match&m=merged
2026-09-01,4808893,2026-09-01T15:05:00+00:00,complete,US Open Men Singles,"New York, NY",Louis Armstrong Stadium,Flavio Cobolli,189964,Francisco Comesana,180541,match,total,396,opening,MyBookie,82,1680,option_15143,15143,119611,36.5,-119,1.8403,2026-08-28T15:10:28+00:00,5754.533,False,https://www.oddstrader.com/atp/?date=20260901&eid=4808893&g=match&m=total,https://www.oddstrader.com/atp/?date=20260901&eid=4808893&g=match&m=merged
2026-09-01,4808893,2026-09-01T15:05:00+00:00,complete,US Open Men Singles,"New York, NY",Louis Armstrong Stadium,Flavio Cobolli,189964,Francisco Comesana,180541,match,total,396,closing,MyBookie,82,1680,option_15144,15144,119681,36.5,-124,1.8065,2026-09-01T11:33:43+00:00,211.283,True,https://www.oddstrader.com/atp/?date=20260901&eid=4808893&g=match&m=total,https://www.oddstrader.com/atp/?date=20260901&eid=4808893&g=match&m=merged
2026-09-01,4808893,2026-09-01T15:05:00+00:00,complete,US Open Men Singles,"New York, NY",Louis Armstrong Stadium,Flavio Cobolli,189964,Francisco Comesana,180541,match,total,396,opening,MyBookie,82,1680,option_15144,15144,119681,36.5,-120,1.8333,2026-08-28T15:10:28+00:00,5754.533,False,https://www.oddstrader.com/atp/?date=20260901&eid=4808893&g=match&m=total,https://www.oddstrader.com/atp/?date=20260901&eid=4808893&g=match&m=merged
2026-09-01,4808893,2026-09-01T15:05:00+00:00,complete,US Open Men Singles,"New York, NY",Louis Armstrong Stadium,Flavio Cobolli,189964,Francisco Comesana,180541,match,total,396,opening,SportsBetting,131,99,option_15143,15143,119611,36.5,-110,1.9091,2026-08-28T11:37:30+00:00,5967.5,False,https://www.oddstrader.com/atp/?date=20260901&eid=4808893&g=match&m=total,https://www.oddstrader.com/atp/?date=20260901&eid=4808893&g=match&m=merged
2026-09-01,4808893,2026-09-01T15:05:00+00:00,complete,US Open Men Singles,"New York, NY",Louis Armstrong Stadium,Flavio Cobolli,189964,Francisco Comesana,180541,match,total,396,opening,SportsBetting,131,99,option_15144,15144,119681,36.5,-110,1.9091,2026-08-28T11:37:30+00:00,5967.5,False,https://www.oddstrader.com/atp/?date=20260901&eid=4808893&g=match&m=total,https://www.oddstrader.com/atp/?date=20260901&eid=4808893&g=match&m=merged
2026-09-01,4808893,2026-09-01T15:05:00+00:00,complete,US Open Men Singles,"New York, NY",Louis Armstrong Stadium,Flavio Cobolli,189964,Francisco Comesana,180541,match,winner,126,opening,Bet105,130,3174,Flavio Cobolli,189964,10916548,0,-402,1.249,2026-08-28T10:51:25+00:00,6013.583,False,https://www.oddstrader.com/atp/?date=20260901&eid=4808893&g=match&m=winner,https://www.oddstrader.com/atp/?date=20260901&eid=4808893&g=match&m=merged
2026-09-01,4808893,2026-09-01T15:05:00+00:00,complete,US Open Men Singles,"New York, NY",Louis Armstrong Stadium,Flavio Cobolli,189964,Francisco Comesana,180541,match,winner,126,opening,Bet105,130,3174,Francisco Comesana,180541,6757217,0,319,4.19,2026-08-28T10:51:25+00:00,6013.583,False,https://www.oddstrader.com/atp/?date=20260901&eid=4808893&g=match&m=winner,https://www.oddstrader.com/atp/?date=20260901&eid=4808893&g=match&m=merged
2026-09-01,4808893,2026-09-01T15:05:00+00:00,complete,US Open Men Singles,"New York, NY",Louis Armstrong Stadium,Flavio Cobolli,189964,Francisco Comesana,180541,match,winner,126,closing,BetAnything,123,1061,Flavio Cobolli,189964,10916548,0,-450,1.2222,2026-09-01T08:24:02+00:00,400.967,False,https://www.oddstrader.com/atp/?date=20260901&eid=4808893&g=match&m=winner,https://www.oddstrader.com/atp/?date=20260901&eid=4808893&g=match&m=merged
2026-09-01,4808893,2026-09-01T15:05:00+00:00,complete,US Open Men Singles,"New York, NY",Louis Armstrong Stadium,Flavio Cobolli,189964,Francisco Comesana,180541,match,winner,126,opening,BetAnything,123,1061,Flavio Cobolli,189964,10916548,0,-425,1.2353,2026-08-28T13:57:50+00:00,5827.167,False,https://www.oddstrader.com/atp/?date=20260901&eid=4808893&g=match&m=winner,https://www.oddstrader.com/atp/?date=20260901&eid=4808893&g=match&m=merged
2026-09-01,4808893,2026-09-01T15:05:00+00:00,complete,US Open Men Singles,"New York, NY",Louis Armstrong Stadium,Flavio Cobolli,189964,Francisco Comesana,180541,match,winner,126,closing,BetAnything,123,1061,Francisco Comesana,180541,6757217,0,330,4.3,2026-09-01T08:24:02+00:00,400.967,False,https://www.oddstrader.com/atp/?date=20260901&eid=4808893&g=match&m=winner,https://www.oddstrader.com/atp/?date=20260901&eid=4808893&g=match&m=merged
2026-09-01,4808893,2026-09-01T15:05:00+00:00,complete,US Open Men Singles,"New York, NY",Louis Armstrong Stadium,Flavio Cobolli,189964,Francisco Comesana,180541,match,winner,126,opening,BetAnything,123,1061,Francisco Comesana,180541,6757217,0,320,4.2,2026-08-28T13:57:50+00:00,5827.167,False,https://www.oddstrader.com/atp/?date=20260901&eid=4808893&g=match&m=winner,https://www.oddstrader.com/atp/?date=20260901&eid=4808893&g=match&m=merged
2026-09-01,4808893,2026-09-01T15:05:00+00:00,complete,US Open Men Singles,"New York, NY",Louis Armstrong Stadium,Flavio Cobolli,189964,Francisco Comesana,180541,match,winner,126,closing,BetOnline,8,1096,Flavio Cobolli,189964,10916548,0,-480,1.2083,2026-09-01T14:16:49+00:00,48.183,False,https://www.oddstrader.com/atp/?date=20260901&eid=4808893&g=match&m=winner,https://www.oddstrader.com/atp/?date=20260901&eid=4808893&g=match&m=merged
2026-09-01,4808893,2026-09-01T15:05:00+00:00,complete,US Open Men Singles,"New York, NY",Louis Armstrong Stadium,Flavio Cobolli,189964,Francisco Comesana,180541,match,winner,126,opening,BetOnline,8,1096,Flavio Cobolli,189964,10916548,0,-420,1.2381,2026-08-28T11:37:30+00:00,5967.5,False,https://www.oddstrader.com/atp/?date=20260901&eid=4808893&g=match&m=winner,https://www.oddstrader.com/atp/?date=20260901&eid=4808893&g=match&m=merged
2026-09-01,4808893,2026-09-01T15:05:00+00:00,complete,US Open Men Singles,"New York, NY",Louis Armstrong Stadium,Flavio Cobolli,189964,Francisco Comesana,180541,match,winner,126,closing,BetOnline,8,1096,Francisco Comesana,180541,6757217,0,390,4.9,2026-09-01T14:16:49+00:00,48.183,False,https://www.oddstrader.com/atp/?date=20260901&eid=4808893&g=match&m=winner,https://www.oddstrader.com/atp/?date=20260901&eid=4808893&g=match&m=merged
2026-09-01,4808893,2026-09-01T15:05:00+00:00,complete,US Open Men Singles,"New York, NY",Louis Armstrong Stadium,Flavio Cobolli,189964,Francisco Comesana,180541,match,winner,126,opening,BetOnline,8,1096,Francisco Comesana,180541,6757217,0,340,4.4,2026-08-28T11:37:30+00:00,5967.5,False,https://www.oddstrader.com/atp/?date=20260901&eid=4808893&g=match&m=winner,https://www.oddstrader.com/atp/?date=20260901&eid=4808893&g=match&m=merged
2026-09-01,4808893,2026-09-01T15:05:00+00:00,complete,US Open Men Singles,"New York, NY",Louis Armstrong Stadium,Flavio Cobolli,189964,Francisco Comesana,180541,match,winner,126,closing,Bookmaker,10,93,Flavio Cobolli,189964,10916548,0,-417,1.2398,2026-08-29T09:38:53+00:00,4646.117,False,https://www.oddstrader.com/atp/?date=20260901&eid=4808893&g=match&m=winner,https://www.oddstrader.com/atp/?date=20260901&eid=4808893&g=match&m=merged
2026-09-01,4808893,2026-09-01T15:05:00+00:00,complete,US Open Men Singles,"New York, NY",Louis Armstrong Stadium,Flavio Cobolli,189964,Francisco Comesana,180541,match,winner,126,opening,Bookmaker,10,93,Flavio Cobolli,189964,10916548,0,-526,1.1901,2026-08-28T00:07:44+00:00,6657.267,False,https://www.oddstrader.com/atp/?date=20260901&eid=4808893&g=match&m=winner,https://www.oddstrader.com/atp/?date=20260901&eid=4808893&g=match&m=merged
2026-09-01,4808893,2026-09-01T15:05:00+00:00,complete,US Open Men Singles,"New York, NY",Louis Armstrong Stadium,Flavio Cobolli,189964,Francisco Comesana,180541,match,winner,126,closing,Bookmaker,10,93,Francisco Comesana,180541,6757217,0,470,5.7,2026-08-30T19:25:42+00:00,2619.3,False,https://www.oddstrader.com/atp/?date=20260901&eid=4808893&g=match&m=winner,https://www.oddstrader.com/atp/?date=20260901&eid=4808893&g=match&m=merged
2026-09-01,4808893,2026-09-01T15:05:00+00:00,complete,US Open Men Singles,"New York, NY",Louis Armstrong Stadium,Flavio Cobolli,189964,Francisco Comesana,180541,match,winner,126,opening,Bookmaker,10,93,Francisco Comesana,180541,6757217,0,375,4.75,2026-08-28T00:07:44+00:00,6657.267,False,https://www.oddstrader.com/atp/?date=20260901&eid=4808893&g=match&m=winner,https://www.oddstrader.com/atp/?date=20260901&eid=4808893&g=match&m=merged
2026-09-01,4808893,2026-09-01T15:05:00+00:00,complete,US Open Men Singles,"New York, NY",Louis Armstrong Stadium,Flavio Cobolli,189964,Francisco Comesana,180541,match,winner,126,closing,Bovada,9,1618,Flavio Cobolli,189964,10916548,0,-450,1.2222,2026-09-01T08:29:39+00:00,395.35,True,https://www.oddstrader.com/atp/?date=20260901&eid=4808893&g=match&m=winner,https://www.oddstrader.com/atp/?date=20260901&eid=4808893&g=match&m=merged
2026-09-01,4808893,2026-09-01T15:05:00+00:00,complete,US Open Men Singles,"New York, NY",Louis Armstrong Stadium,Flavio Cobolli,189964,Francisco Comesana,180541,match,winner,126,opening,Bovada,9,1618,Flavio Cobolli,189964,10916548,0,-500,1.2,2026-08-27T22:40:02+00:00,6744.967,False,https://www.oddstrader.com/atp/?date=20260901&eid=4808893&g=match&m=winner,https://www.oddstrader.com/atp/?date=20260901&eid=4808893&g=match&m=merged
2026-09-01,4808893,2026-09-01T15:05:00+00:00,complete,US Open Men Singles,"New York, NY",Louis Armstrong Stadium,Flavio Cobolli,189964,Francisco Comesana,180541,match,winner,126,closing,Bovada,9,1618,Francisco Comesana,180541,6757217,0,350,4.5,2026-09-01T08:29:39+00:00,395.35,True,https://www.oddstrader.com/atp/?date=20260901&eid=4808893&g=match&m=winner,https://www.oddstrader.com/atp/?date=20260901&eid=4808893&g=match&m=merged
2026-09-01,4808893,2026-09-01T15:05:00+00:00,complete,US Open Men Singles,"New York, NY",Louis Armstrong Stadium,Flavio Cobolli,189964,Francisco Comesana,180541,match,winner,126,opening,Bovada,9,1618,Francisco Comesana,180541,6757217,0,375,4.75,2026-08-27T22:40:02+00:00,6744.967,False,https://www.oddstrader.com/atp/?date=20260901&eid=4808893&g=match&m=winner,https://www.oddstrader.com/atp/?date=20260901&eid=4808893&g=match&m=merged
2026-09-01,4808893,2026-09-01T15:05:00+00:00,complete,US Open Men Singles,"New York, NY",Louis Armstrong Stadium,Flavio Cobolli,189964,Francisco Comesana,180541,match,winner,126,closing,Everygame,29,180,Flavio Cobolli,189964,10916548,0,-500,1.2,2026-09-01T14:25:20+00:00,39.667,False,https://www.oddstrader.com/atp/?date=20260901&eid=4808893&g=match&m=winner,https://www.oddstrader.com/atp/?date=20260901&eid=4808893&g=match&m=merged
2026-09-01,4808893,2026-09-01T15:05:00+00:00,complete,US Open Men Singles,"New York, NY",Louis Armstrong Stadium,Flavio Cobolli,189964,Francisco Comesana,180541,match,winner,126,opening,Everygame,29,180,Flavio Cobolli,189964,10916548,0,-500,1.2,2026-08-28T10:37:40+00:00,6027.333,False,https://www.oddstrader.com/atp/?date=20260901&eid=4808893&g=match&m=winner,https://www.oddstrader.com/atp/?date=20260901&eid=4808893&g=match&m=merged
2026-09-01,4808893,2026-09-01T15:05:00+00:00,complete,US Open Men Singles,"New York, NY",Louis Armstrong Stadium,Flavio Cobolli,189964,Francisco Comesana,180541,match,winner,126,closing,Everygame,29,180,Francisco Comesana,180541,6757217,0,350,4.5,2026-09-01T14:25:20+00:00,39.667,False,https://www.oddstrader.com/atp/?date=20260901&eid=4808893&g=match&m=winner,https://www.oddstrader.com/atp/?date=20260901&eid=4808893&g=match&m=merged
2026-09-01,4808893,2026-09-01T15:05:00+00:00,complete,US Open Men Singles,"New York, NY",Louis Armstrong Stadium,Flavio Cobolli,189964,Francisco Comesana,180541,match,winner,126,opening,Everygame,29,180,Francisco Comesana,180541,6757217,0,350,4.5,2026-08-28T10:37:40+00:00,6027.333,False,https://www.oddstrader.com/atp/?date=20260901&eid=4808893&g=match&m=winner,https://www.oddstrader.com/atp/?date=20260901&eid=4808893&g=match&m=merged
2026-09-01,4808893,2026-09-01T15:05:00+00:00,complete,US Open Men Singles,"New York, NY",Louis Armstrong Stadium,Flavio Cobolli,189964,Francisco Comesana,180541,match,winner,126,closing,Heritage,44,169,Flavio Cobolli,189964,10916548,0,-462,1.216,2026-08-30T13:15:25+00:00,2989.583,False,https://www.oddstrader.com/atp/?date=20260901&eid=4808893&g=match&m=winner,https://www.oddstrader.com/atp/?date=20260901&eid=4808893&g=match&m=merged
2026-09-01,4808893,2026-09-01T15:05:00+00:00,complete,US Open Men Singles,"New York, NY",Louis Armstrong Stadium,Flavio Cobolli,189964,Francisco Comesana,180541,match,winner,126,opening,Heritage,44,169,Flavio Cobolli,189964,10916548,0,-457,1.219,2026-08-27T20:40:29+00:00,6864.517,False,https://www.oddstrader.com/atp/?date=20260901&eid=4808893&g=match&m=winner,https://www.oddstrader.com/atp/?date=20260901&eid=4808893&g=match&m=merged
2026-09-01,4808893,2026-09-01T15:05:00+00:00,complete,US Open Men Singles,"New York, NY",Louis Armstrong Stadium,Flavio Cobolli,189964,Francisco Comesana,180541,match,winner,126,closing,Heritage,44,169,Francisco Comesana,180541,6757217,0,348,4.48,2026-08-30T13:15:25+00:00,2989.583,False,https://www.oddstrader.com/atp/?date=20260901&eid=4808893&g=match&m=winner,https://www.oddstrader.com/atp/?date=20260901&eid=4808893&g=match&m=merged
2026-09-01,4808893,2026-09-01T15:05:00+00:00,complete,US Open Men Singles,"New York, NY",Louis Armstrong Stadium,Flavio Cobolli,189964,Francisco Comesana,180541,match,winner,126,opening,Heritage,44,169,Francisco Comesana,180541,6757217,0,337,4.37,2026-08-27T20:40:29+00:00,6864.517,False,https://www.oddstrader.com/atp/?date=20260901&eid=4808893&g=match&m=winner,https://www.oddstrader.com/atp/?date=20260901&eid=4808893&g=match&m=merged
2026-09-01,4808893,2026-09-01T15:05:00+00:00,complete,US Open Men Singles,"New York, NY",Louis Armstrong Stadium,Flavio Cobolli,189964,Francisco Comesana,180541,match,winner,126,closing,JustBet,16,1275,Flavio Cobolli,189964,10916548,0,-417,1.2398,2026-08-30T03:44:24+00:00,3560.6,False,https://www.oddstrader.com/atp/?date=20260901&eid=4808893&g=match&m=winner,https://www.oddstrader.com/atp/?date=20260901&eid=4808893&g=match&m=merged
2026-09-01,4808893,2026-09-01T15:05:00+00:00,complete,US Open Men Singles,"New York, NY",Louis Armstrong Stadium,Flavio Cobolli,189964,Francisco Comesana,180541,match,winner,126,opening,JustBet,16,1275,Flavio Cobolli,189964,10916548,0,-526,1.1901,2026-08-28T00:08:14+00:00,6656.767,False,https://www.oddstrader.com/atp/?date=20260901&eid=4808893&g=match&m=winner,https://www.oddstrader.com/atp/?date=20260901&eid=4808893&g=match&m=merged
2026-09-01,4808893,2026-09-01T15:05:00+00:00,complete,US Open Men Singles,"New York, NY",Louis Armstrong Stadium,Flavio Cobolli,189964,Francisco Comesana,180541,match,winner,126,closing,JustBet,16,1275,Francisco Comesana,180541,6757217,0,470,5.7,2026-08-30T19:27:08+00:00,2617.867,False,https://www.oddstrader.com/atp/?date=20260901&eid=4808893&g=match&m=winner,https://www.oddstrader.com/atp/?date=20260901&eid=4808893&g=match&m=merged
2026-09-01,4808893,2026-09-01T15:05:00+00:00,complete,US Open Men Singles,"New York, NY",Louis Armstrong Stadium,Flavio Cobolli,189964,Francisco Comesana,180541,match,winner,126,opening,JustBet,16,1275,Francisco Comesana,180541,6757217,0,375,4.75,2026-08-28T00:08:14+00:00,6656.767,False,https://www.oddstrader.com/atp/?date=20260901&eid=4808893&g=match&m=winner,https://www.oddstrader.com/atp/?date=20260901&eid=4808893&g=match&m=merged
2026-09-01,4808893,2026-09-01T15:05:00+00:00,complete,US Open Men Singles,"New York, NY",Louis Armstrong Stadium,Flavio Cobolli,189964,Francisco Comesana,180541,match,winner,126,closing,MyBookie,82,1680,Flavio Cobolli,189964,10916548,0,-469,1.2132,2026-09-01T07:45:07+00:00,439.883,True,https://www.oddstrader.com/atp/?date=20260901&eid=4808893&g=match&m=winner,https://www.oddstrader.com/atp/?date=20260901&eid=4808893&g=match&m=merged
2026-09-01,4808893,2026-09-01T15:05:00+00:00,complete,US Open Men Singles,"New York, NY",Louis Armstrong Stadium,Flavio Cobolli,189964,Francisco Comesana,180541,match,winner,126,opening,MyBookie,82,1680,Flavio Cobolli,189964,10916548,0,-490,1.2041,2026-08-27T19:52:04+00:00,6912.933,False,https://www.oddstrader.com/atp/?date=20260901&eid=4808893&g=match&m=winner,https://www.oddstrader.com/atp/?date=20260901&eid=4808893&g=match&m=merged
2026-09-01,4808893,2026-09-01T15:05:00+00:00,complete,US Open Men Singles,"New York, NY",Louis Armstrong Stadium,Flavio Cobolli,189964,Francisco Comesana,180541,match,winner,126,closing,MyBookie,82,1680,Francisco Comesana,180541,6757217,0,340,4.4,2026-09-01T07:45:07+00:00,439.883,True,https://www.oddstrader.com/atp/?date=20260901&eid=4808893&g=match&m=winner,https://www.oddstrader.com/atp/?date=20260901&eid=4808893&g=match&m=merged
2026-09-01,4808893,2026-09-01T15:05:00+00:00,complete,US Open Men Singles,"New York, NY",Louis Armstrong Stadium,Flavio Cobolli,189964,Francisco Comesana,180541,match,winner,126,opening,MyBookie,82,1680,Francisco Comesana,180541,6757217,0,300,4,2026-08-27T19:52:04+00:00,6912.933,False,https://www.oddstrader.com/atp/?date=20260901&eid=4808893&g=match&m=winner,https://www.oddstrader.com/atp/?date=20260901&eid=4808893&g=match&m=merged
2026-09-01,4808893,2026-09-01T15:05:00+00:00,complete,US Open Men Singles,"New York, NY",Louis Armstrong Stadium,Flavio Cobolli,189964,Francisco Comesana,180541,match,winner,126,closing,SportsBetting,131,99,Flavio Cobolli,189964,10916548,0,-480,1.2083,2026-09-01T14:16:49+00:00,48.183,False,https://www.oddstrader.com/atp/?date=20260901&eid=4808893&g=match&m=winner,https://www.oddstrader.com/atp/?date=20260901&eid=4808893&g=match&m=merged
2026-09-01,4808893,2026-09-01T15:05:00+00:00,complete,US Open Men Singles,"New York, NY",Louis Armstrong Stadium,Flavio Cobolli,189964,Francisco Comesana,180541,match,winner,126,opening,SportsBetting,131,99,Flavio Cobolli,189964,10916548,0,-420,1.2381,2026-08-28T11:37:30+00:00,5967.5,False,https://www.oddstrader.com/atp/?date=20260901&eid=4808893&g=match&m=winner,https://www.oddstrader.com/atp/?date=20260901&eid=4808893&g=match&m=merged
2026-09-01,4808893,2026-09-01T15:05:00+00:00,complete,US Open Men Singles,"New York, NY",Louis Armstrong Stadium,Flavio Cobolli,189964,Francisco Comesana,180541,match,winner,126,closing,SportsBetting,131,99,Francisco Comesana,180541,6757217,0,390,4.9,2026-09-01T14:16:49+00:00,48.183,False,https://www.oddstrader.com/atp/?date=20260901&eid=4808893&g=match&m=winner,https://www.oddstrader.com/atp/?date=20260901&eid=4808893&g=match&m=merged
2026-09-01,4808893,2026-09-01T15:05:00+00:00,complete,US Open Men Singles,"New York, NY",Louis Armstrong Stadium,Flavio Cobolli,189964,Francisco Comesana,180541,match,winner,126,opening,SportsBetting,131,99,Francisco Comesana,180541,6757217,0,340,4.4,2026-08-28T11:37:30+00:00,5967.5,False,https://www.oddstrader.com/atp/?date=20260901&eid=4808893&g=match&m=winner,https://www.oddstrader.com/atp/?date=20260901&eid=4808893&g=match&m=merged
2026-09-01,4808901,2026-09-01T17:40:00+00:00,complete,US Open Men Singles,"New York, NY",Arthur Ashe Stadium,Darwin Blanch,612813,Taylor Fritz,29410,1st-set,winner,279,closing,BetOnline,8,1096,Darwin Blanch,612813,10536591,0,520,6.2,2026-08-28T13:19:43+00:00,6020.283,False,https://www.oddstrader.com/atp/?date=20260901&eid=4808901&g=1st-set&m=winner,https://www.oddstrader.com/atp/?date=20260901&eid=4808901&g=1st-set&m=merged
2026-09-01,4808901,2026-09-01T17:40:00+00:00,complete,US Open Men Singles,"New York, NY",Arthur Ashe Stadium,Darwin Blanch,612813,Taylor Fritz,29410,1st-set,winner,279,opening,BetOnline,8,1096,Darwin Blanch,612813,10536591,0,520,6.2,2026-08-28T13:19:43+00:00,6020.283,False,https://www.oddstrader.com/atp/?date=20260901&eid=4808901&g=1st-set&m=winner,https://www.oddstrader.com/atp/?date=20260901&eid=4808901&g=1st-set&m=merged
2026-09-01,4808901,2026-09-01T17:40:00+00:00,complete,US Open Men Singles,"New York, NY",Arthur Ashe Stadium,Darwin Blanch,612813,Taylor Fritz,29410,1st-set,winner,279,closing,BetOnline,8,1096,Taylor Fritz,29410,10916593,0,-700,1.1429,2026-08-28T13:19:43+00:00,6020.283,False,https://www.oddstrader.com/atp/?date=20260901&eid=4808901&g=1st-set&m=winner,https://www.oddstrader.com/atp/?date=20260901&eid=4808901&g=1st-set&m=merged
2026-09-01,4808901,2026-09-01T17:40:00+00:00,complete,US Open Men Singles,"New York, NY",Arthur Ashe Stadium,Darwin Blanch,612813,Taylor Fritz,29410,1st-set,winner,279,opening,BetOnline,8,1096,Taylor Fritz,29410,10916593,0,-700,1.1429,2026-08-28T13:19:43+00:00,6020.283,False,https://www.oddstrader.com/atp/?date=20260901&eid=4808901&g=1st-set&m=winner,https://www.oddstrader.com/atp/?date=20260901&eid=4808901&g=1st-set&m=merged
2026-09-01,4808901,2026-09-01T17:40:00+00:00,complete,US Open Men Singles,"New York, NY",Arthur Ashe Stadium,Darwin Blanch,612813,Taylor Fritz,29410,1st-set,winner,279,closing,SportsBetting,131,99,Darwin Blanch,612813,10536591,0,520,6.2,2026-08-28T13:19:43+00:00,6020.283,False,https://www.oddstrader.com/atp/?date=20260901&eid=4808901&g=1st-set&m=winner,https://www.oddstrader.com/atp/?date=20260901&eid=4808901&g=1st-set&m=merged
2026-09-01,4808901,2026-09-01T17:40:00+00:00,complete,US Open Men Singles,"New York, NY",Arthur Ashe Stadium,Darwin Blanch,612813,Taylor Fritz,29410,1st-set,winner,279,opening,SportsBetting,131,99,Darwin Blanch,612813,10536591,0,520,6.2,2026-08-28T13:19:43+00:00,6020.283,False,https://www.oddstrader.com/atp/?date=20260901&eid=4808901&g=1st-set&m=winner,https://www.oddstrader.com/atp/?date=20260901&eid=4808901&g=1st-set&m=merged
2026-09-01,4808901,2026-09-01T17:40:00+00:00,complete,US Open Men Singles,"New York, NY",Arthur Ashe Stadium,Darwin Blanch,612813,Taylor Fritz,29410,1st-set,winner,279,closing,SportsBetting,131,99,Taylor Fritz,29410,10916593,0,-700,1.1429,2026-08-28T13:19:43+00:00,6020.283,False,https://www.oddstrader.com/atp/?date=20260901&eid=4808901&g=1st-set&m=winner,https://www.oddstrader.com/atp/?date=20260901&eid=4808901&g=1st-set&m=merged
2026-09-01,4808901,2026-09-01T17:40:00+00:00,complete,US Open Men Singles,"New York, NY",Arthur Ashe Stadium,Darwin Blanch,612813,Taylor Fritz,29410,1st-set,winner,279,opening,SportsBetting,131,99,Taylor Fritz,29410,10916593,0,-700,1.1429,2026-08-28T13:19:43+00:00,6020.283,False,https://www.oddstrader.com/atp/?date=20260901&eid=4808901&g=1st-set&m=winner,https://www.oddstrader.com/atp/?date=20260901&eid=4808901&g=1st-set&m=merged
2026-09-01,4808901,2026-09-01T17:40:00+00:00,complete,US Open Men Singles,"New York, NY",Arthur Ashe Stadium,Darwin Blanch,612813,Taylor Fritz,29410,match,spread,395,closing,Bet105,130,3174,Darwin Blanch,612813,10536635,7.5,105,2.05,2026-09-01T17:37:43+00:00,2.283,True,https://www.oddstrader.com/atp/?date=20260901&eid=4808901&g=match&m=spread,https://www.oddstrader.com/atp/?date=20260901&eid=4808901&g=match&m=merged
2026-09-01,4808901,2026-09-01T17:40:00+00:00,complete,US Open Men Singles,"New York, NY",Arthur Ashe Stadium,Darwin Blanch,612813,Taylor Fritz,29410,match,spread,395,opening,Bet105,130,3174,Darwin Blanch,612813,10536642,7,106,2.06,2026-08-28T10:09:26+00:00,6210.567,False,https://www.oddstrader.com/atp/?date=20260901&eid=4808901&g=match&m=spread,https://www.oddstrader.com/atp/?date=20260901&eid=4808901&g=match&m=merged
2026-09-01,4808901,2026-09-01T17:40:00+00:00,complete,US Open Men Singles,"New York, NY",Arthur Ashe Stadium,Darwin Blanch,612813,Taylor Fritz,29410,match,spread,395,closing,Bet105,130,3174,Taylor Fritz,29410,10945025,-7.5,-122,1.82,2026-09-01T17:37:43+00:00,2.283,True,https://www.oddstrader.com/atp/?date=20260901&eid=4808901&g=match&m=spread,https://www.oddstrader.com/atp/?date=20260901&eid=4808901&g=match&m=merged
2026-09-01,4808901,2026-09-01T17:40:00+00:00,complete,US Open Men Singles,"New York, NY",Arthur Ashe Stadium,Darwin Blanch,612813,Taylor Fritz,29410,match,spread,395,opening,Bet105,130,3174,Taylor Fritz,29410,10994134,-7,-126,1.794,2026-08-28T10:09:26+00:00,6210.567,False,https://www.oddstrader.com/atp/?date=20260901&eid=4808901&g=match&m=spread,https://www.oddstrader.com/atp/?date=20260901&eid=4808901&g=match&m=merged
2026-09-01,4808901,2026-09-01T17:40:00+00:00,complete,US Open Men Singles,"New York, NY",Arthur Ashe Stadium,Darwin Blanch,612813,Taylor Fritz,29410,match,spread,395,opening,BetAnything,123,1061,Darwin Blanch,612813,10536635,7.5,-115,1.8696,2026-08-28T23:54:57+00:00,5385.05,False,https://www.oddstrader.com/atp/?date=20260901&eid=4808901&g=match&m=spread,https://www.oddstrader.com/atp/?date=20260901&eid=4808901&g=match&m=merged
2026-09-01,4808901,2026-09-01T17:40:00+00:00,complete,US Open Men Singles,"New York, NY",Arthur Ashe Stadium,Darwin Blanch,612813,Taylor Fritz,29410,match,spread,395,opening,BetAnything,123,1061,Taylor Fritz,29410,10945025,-7.5,-115,1.8696,2026-08-28T23:54:57+00:00,5385.05,False,https://www.oddstrader.com/atp/?date=20260901&eid=4808901&g=match&m=spread,https://www.oddstrader.com/atp/?date=20260901&eid=4808901&g=match&m=merged
2026-09-01,4808901,2026-09-01T17:40:00+00:00,complete,US Open Men Singles,"New York, NY",Arthur Ashe Stadium,Darwin Blanch,612813,Taylor Fritz,29410,match,spread,395,opening,BetOnline,8,1096,Darwin Blanch,612813,10536635,7.5,-137,1.7299,2026-08-28T10:46:33+00:00,6173.45,False,https://www.oddstrader.com/atp/?date=20260901&eid=4808901&g=match&m=spread,https://www.oddstrader.com/atp/?date=20260901&eid=4808901&g=match&m=merged
2026-09-01,4808901,2026-09-01T17:40:00+00:00,complete,US Open Men Singles,"New York, NY",Arthur Ashe Stadium,Darwin Blanch,612813,Taylor Fritz,29410,match,spread,395,opening,BetOnline,8,1096,Taylor Fritz,29410,10945025,-7.5,117,2.17,2026-08-28T10:46:33+00:00,6173.45,False,https://www.oddstrader.com/atp/?date=20260901&eid=4808901&g=match&m=spread,https://www.oddstrader.com/atp/?date=20260901&eid=4808901&g=match&m=merged
2026-09-01,4808901,2026-09-01T17:40:00+00:00,complete,US Open Men Singles,"New York, NY",Arthur Ashe Stadium,Darwin Blanch,612813,Taylor Fritz,29410,match,spread,395,closing,Bookmaker,10,93,Darwin Blanch,612813,10536635,7.5,-112,1.8929,2026-08-30T10:10:45+00:00,3329.25,False,https://www.oddstrader.com/atp/?date=20260901&eid=4808901&g=match&m=spread,https://www.oddstrader.com/atp/?date=20260901&eid=4808901&g=match&m=merged
2026-09-01,4808901,2026-09-01T17:40:00+00:00,complete,US Open Men Singles,"New York, NY",Arthur Ashe Stadium,Darwin Blanch,612813,Taylor Fritz,29410,match,spread,395,opening,Bookmaker,10,93,Darwin Blanch,612813,10536642,7,102,2.02,2026-08-28T10:17:13+00:00,6202.783,False,https://www.oddstrader.com/atp/?date=20260901&eid=4808901&g=match&m=spread,https://www.oddstrader.com/atp/?date=20260901&eid=4808901&g=match&m=merged
2026-09-01,4808901,2026-09-01T17:40:00+00:00,complete,US Open Men Singles,"New York, NY",Arthur Ashe Stadium,Darwin Blanch,612813,Taylor Fritz,29410,match,spread,395,closing,Bookmaker,10,93,Taylor Fritz,29410,10945025,-7.5,-109,1.9174,2026-08-30T10:10:45+00:00,3329.25,False,https://www.oddstrader.com/atp/?date=20260901&eid=4808901&g=match&m=spread,https://www.oddstrader.com/atp/?date=20260901&eid=4808901&g=match&m=merged
2026-09-01,4808901,2026-09-01T17:40:00+00:00,complete,US Open Men Singles,"New York, NY",Arthur Ashe Stadium,Darwin Blanch,612813,Taylor Fritz,29410,match,spread,395,opening,Bookmaker,10,93,Taylor Fritz,29410,10994134,-7,-125,1.8,2026-08-28T10:17:13+00:00,6202.783,False,https://www.oddstrader.com/atp/?date=20260901&eid=4808901&g=match&m=spread,https://www.oddstrader.com/atp/?date=20260901&eid=4808901&g=match&m=merged
2026-09-01,4808901,2026-09-01T17:40:00+00:00,complete,US Open Men Singles,"New York, NY",Arthur Ashe Stadium,Darwin Blanch,612813,Taylor Fritz,29410,match,spread,395,closing,Bovada,9,1618,Darwin Blanch,612813,10536635,7.5,100,2,2026-09-01T17:05:22+00:00,34.633,False,https://www.oddstrader.com/atp/?date=20260901&eid=4808901&g=match&m=spread,https://www.oddstrader.com/atp/?date=20260901&eid=4808901&g=match&m=merged
2026-09-01,4808901,2026-09-01T17:40:00+00:00,complete,US Open Men Singles,"New York, NY",Arthur Ashe Stadium,Darwin Blanch,612813,Taylor Fritz,29410,match,spread,395,opening,Bovada,9,1618,Darwin Blanch,612813,10536635,7.5,-115,1.87,2026-08-27T21:30:14+00:00,6969.767,False,https://www.oddstrader.com/atp/?date=20260901&eid=4808901&g=match&m=spread,https://www.oddstrader.com/atp/?date=20260901&eid=4808901&g=match&m=merged
2026-09-01,4808901,2026-09-01T17:40:00+00:00,complete,US Open Men Singles,"New York, NY",Arthur Ashe Stadium,Darwin Blanch,612813,Taylor Fritz,29410,match,spread,395,closing,Bovada,9,1618,Taylor Fritz,29410,10945025,-7.5,-130,1.7692,2026-09-01T17:05:22+00:00,34.633,False,https://www.oddstrader.com/atp/?date=20260901&eid=4808901&g=match&m=spread,https://www.oddstrader.com/atp/?date=20260901&eid=4808901&g=match&m=merged
2026-09-01,4808901,2026-09-01T17:40:00+00:00,complete,US Open Men Singles,"New York, NY",Arthur Ashe Stadium,Darwin Blanch,612813,Taylor Fritz,29410,match,spread,395,opening,Bovada,9,1618,Taylor Fritz,29410,10945025,-7.5,-115,1.87,2026-08-27T21:30:14+00:00,6969.767,False,https://www.oddstrader.com/atp/?date=20260901&eid=4808901&g=match&m=spread,https://www.oddstrader.com/atp/?date=20260901&eid=4808901&g=match&m=merged
2026-09-01,4808901,2026-09-01T17:40:00+00:00,complete,US Open Men Singles,"New York, NY",Arthur Ashe Stadium,Darwin Blanch,612813,Taylor Fritz,29410,match,spread,395,closing,Everygame,29,180,Darwin Blanch,612813,10536635,7.5,-105,1.95,2026-09-01T14:25:20+00:00,194.667,False,https://www.oddstrader.com/atp/?date=20260901&eid=4808901&g=match&m=spread,https://www.oddstrader.com/atp/?date=20260901&eid=4808901&g=match&m=merged
2026-09-01,4808901,2026-09-01T17:40:00+00:00,complete,US Open Men Singles,"New York, NY",Arthur Ashe Stadium,Darwin Blanch,612813,Taylor Fritz,29410,match,spread,395,opening,Everygame,29,180,Darwin Blanch,612813,10536635,7.5,-154,1.65,2026-08-28T10:37:40+00:00,6182.333,False,https://www.oddstrader.com/atp/?date=20260901&eid=4808901&g=match&m=spread,https://www.oddstrader.com/atp/?date=20260901&eid=4808901&g=match&m=merged
2026-09-01,4808901,2026-09-01T17:40:00+00:00,complete,US Open Men Singles,"New York, NY",Arthur Ashe Stadium,Darwin Blanch,612813,Taylor Fritz,29410,match,spread,395,closing,Everygame,29,180,Taylor Fritz,29410,10945025,-7.5,-133,1.75,2026-09-01T14:25:20+00:00,194.667,False,https://www.oddstrader.com/atp/?date=20260901&eid=4808901&g=match&m=spread,https://www.oddstrader.com/atp/?date=20260901&eid=4808901&g=match&m=merged
2026-09-01,4808901,2026-09-01T17:40:00+00:00,complete,US Open Men Singles,"New York, NY",Arthur Ashe Stadium,Darwin Blanch,612813,Taylor Fritz,29410,match,spread,395,opening,Everygame,29,180,Taylor Fritz,29410,10945025,-7.5,110,2.1,2026-08-28T10:37:40+00:00,6182.333,False,https://www.oddstrader.com/atp/?date=20260901&eid=4808901&g=match&m=spread,https://www.oddstrader.com/atp/?date=20260901&eid=4808901&g=match&m=merged
2026-09-01,4808901,2026-09-01T17:40:00+00:00,complete,US Open Men Singles,"New York, NY",Arthur Ashe Stadium,Darwin Blanch,612813,Taylor Fritz,29410,match,spread,395,closing,Heritage,44,169,Darwin Blanch,612813,10536635,7.5,-105,1.952,2026-09-01T15:14:08+00:00,145.867,False,https://www.oddstrader.com/atp/?date=20260901&eid=4808901&g=match&m=spread,https://www.oddstrader.com/atp/?date=20260901&eid=4808901&g=match&m=merged
2026-09-01,4808901,2026-09-01T17:40:00+00:00,complete,US Open Men Singles,"New York, NY",Arthur Ashe Stadium,Darwin Blanch,612813,Taylor Fritz,29410,match,spread,395,opening,Heritage,44,169,Darwin Blanch,612813,10536635,7.5,-132,1.758,2026-08-27T21:39:38+00:00,6960.367,False,https://www.oddstrader.com/atp/?date=20260901&eid=4808901&g=match&m=spread,https://www.oddstrader.com/atp/?date=20260901&eid=4808901&g=match&m=merged
2026-09-01,4808901,2026-09-01T17:40:00+00:00,complete,US Open Men Singles,"New York, NY",Arthur Ashe Stadium,Darwin Blanch,612813,Taylor Fritz,29410,match,spread,395,closing,Heritage,44,169,Taylor Fritz,29410,10945025,-7.5,-131,1.763,2026-09-01T15:14:08+00:00,145.867,False,https://www.oddstrader.com/atp/?date=20260901&eid=4808901&g=match&m=spread,https://www.oddstrader.com/atp/?date=20260901&eid=4808901&g=match&m=merged
2026-09-01,4808901,2026-09-01T17:40:00+00:00,complete,US Open Men Singles,"New York, NY",Arthur Ashe Stadium,Darwin Blanch,612813,Taylor Fritz,29410,match,spread,395,opening,Heritage,44,169,Taylor Fritz,29410,10945025,-7.5,-104,1.962,2026-08-27T21:39:38+00:00,6960.367,False,https://www.oddstrader.com/atp/?date=20260901&eid=4808901&g=match&m=spread,https://www.oddstrader.com/atp/?date=20260901&eid=4808901&g=match&m=merged
2026-09-01,4808901,2026-09-01T17:40:00+00:00,complete,US Open Men Singles,"New York, NY",Arthur Ashe Stadium,Darwin Blanch,612813,Taylor Fritz,29410,match,spread,395,closing,JustBet,16,1275,Darwin Blanch,612813,10536635,7.5,-112,1.8929,2026-08-30T10:12:56+00:00,3327.067,False,https://www.oddstrader.com/atp/?date=20260901&eid=4808901&g=match&m=spread,https://www.oddstrader.com/atp/?date=20260901&eid=4808901&g=match&m=merged
2026-09-01,4808901,2026-09-01T17:40:00+00:00,complete,US Open Men Singles,"New York, NY",Arthur Ashe Stadium,Darwin Blanch,612813,Taylor Fritz,29410,match,spread,395,opening,JustBet,16,1275,Darwin Blanch,612813,10536642,7,102,2.02,2026-08-28T10:17:26+00:00,6202.567,False,https://www.oddstrader.com/atp/?date=20260901&eid=4808901&g=match&m=spread,https://www.oddstrader.com/atp/?date=20260901&eid=4808901&g=match&m=merged
2026-09-01,4808901,2026-09-01T17:40:00+00:00,complete,US Open Men Singles,"New York, NY",Arthur Ashe Stadium,Darwin Blanch,612813,Taylor Fritz,29410,match,spread,395,closing,JustBet,16,1275,Taylor Fritz,29410,10945025,-7.5,-109,1.9174,2026-08-30T10:12:56+00:00,3327.067,False,https://www.oddstrader.com/atp/?date=20260901&eid=4808901&g=match&m=spread,https://www.oddstrader.com/atp/?date=20260901&eid=4808901&g=match&m=merged
2026-09-01,4808901,2026-09-01T17:40:00+00:00,complete,US Open Men Singles,"New York, NY",Arthur Ashe Stadium,Darwin Blanch,612813,Taylor Fritz,29410,match,spread,395,opening,JustBet,16,1275,Taylor Fritz,29410,10994134,-7,-125,1.8,2026-08-28T10:17:26+00:00,6202.567,False,https://www.oddstrader.com/atp/?date=20260901&eid=4808901&g=match&m=spread,https://www.oddstrader.com/atp/?date=20260901&eid=4808901&g=match&m=merged
2026-09-01,4808901,2026-09-01T17:40:00+00:00,complete,US Open Men Singles,"New York, NY",Arthur Ashe Stadium,Darwin Blanch,612813,Taylor Fritz,29410,match,spread,395,closing,MyBookie,82,1680,Darwin Blanch,612813,10536635,7.5,-104,1.9615,2026-09-01T13:40:20+00:00,239.667,True,https://www.oddstrader.com/atp/?date=20260901&eid=4808901&g=match&m=spread,https://www.oddstrader.com/atp/?date=20260901&eid=4808901&g=match&m=merged
2026-09-01,4808901,2026-09-01T17:40:00+00:00,complete,US Open Men Singles,"New York, NY",Arthur Ashe Stadium,Darwin Blanch,612813,Taylor Fritz,29410,match,spread,395,opening,MyBookie,82,1680,Darwin Blanch,612813,10536635,7.5,-146,1.6849,2026-08-28T15:10:28+00:00,5909.533,False,https://www.oddstrader.com/atp/?date=20260901&eid=4808901&g=match&m=spread,https://www.oddstrader.com/atp/?date=20260901&eid=4808901&g=match&m=merged
2026-09-01,4808901,2026-09-01T17:40:00+00:00,complete,US Open Men Singles,"New York, NY",Arthur Ashe Stadium,Darwin Blanch,612813,Taylor Fritz,29410,match,spread,395,closing,MyBookie,82,1680,Taylor Fritz,29410,10945025,-7.5,-133,1.7519,2026-09-01T13:40:20+00:00,239.667,True,https://www.oddstrader.com/atp/?date=20260901&eid=4808901&g=match&m=spread,https://www.oddstrader.com/atp/?date=20260901&eid=4808901&g=match&m=merged
2026-09-01,4808901,2026-09-01T17:40:00+00:00,complete,US Open Men Singles,"New York, NY",Arthur Ashe Stadium,Darwin Blanch,612813,Taylor Fritz,29410,match,spread,395,opening,MyBookie,82,1680,Taylor Fritz,29410,10945025,-7.5,101,2.01,2026-08-28T15:10:28+00:00,5909.533,False,https://www.oddstrader.com/atp/?date=20260901&eid=4808901&g=match&m=spread,https://www.oddstrader.com/atp/?date=20260901&eid=4808901&g=match&m=merged
2026-09-01,4808901,2026-09-01T17:40:00+00:00,complete,US Open Men Singles,"New York, NY",Arthur Ashe Stadium,Darwin Blanch,612813,Taylor Fritz,29410,match,spread,395,opening,SportsBetting,131,99,Darwin Blanch,612813,10536635,7.5,-137,1.7299,2026-08-28T10:46:33+00:00,6173.45,False,https://www.oddstrader.com/atp/?date=20260901&eid=4808901&g=match&m=spread,https://www.oddstrader.com/atp/?date=20260901&eid=4808901&g=match&m=merged
2026-09-01,4808901,2026-09-01T17:40:00+00:00,complete,US Open Men Singles,"New York, NY",Arthur Ashe Stadium,Darwin Blanch,612813,Taylor Fritz,29410,match,spread,395,opening,SportsBetting,131,99,Taylor Fritz,29410,10945025,-7.5,117,2.17,2026-08-28T10:46:33+00:00,6173.45,False,https://www.oddstrader.com/atp/?date=20260901&eid=4808901&g=match&m=spread,https://www.oddstrader.com/atp/?date=20260901&eid=4808901&g=match&m=merged
2026-09-01,4808901,2026-09-01T17:40:00+00:00,complete,US Open Men Singles,"New York, NY",Arthur Ashe Stadium,Darwin Blanch,612813,Taylor Fritz,29410,match,total,396,closing,Bet105,130,3174,option_15143,15143,119600,30.5,-102,1.98,2026-09-01T17:37:43+00:00,2.283,True,https://www.oddstrader.com/atp/?date=20260901&eid=4808901&g=match&m=total,https://www.oddstrader.com/atp/?date=20260901&eid=4808901&g=match&m=merged
2026-09-01,4808901,2026-09-01T17:40:00+00:00,complete,US Open Men Singles,"New York, NY",Arthur Ashe Stadium,Darwin Blanch,612813,Taylor Fritz,29410,match,total,396,opening,Bet105,130,3174,option_15143,15143,119602,31.5,-111,1.901,2026-08-28T10:09:26+00:00,6210.567,False,https://www.oddstrader.com/atp/?date=20260901&eid=4808901&g=match&m=total,https://www.oddstrader.com/atp/?date=20260901&eid=4808901&g=match&m=merged
2026-09-01,4808901,2026-09-01T17:40:00+00:00,complete,US Open Men Singles,"New York, NY",Arthur Ashe Stadium,Darwin Blanch,612813,Taylor Fritz,29410,match,total,396,closing,Bet105,130,3174,option_15144,15144,119670,30.5,-114,1.877,2026-09-01T17:37:43+00:00,2.283,True,https://www.oddstrader.com/atp/?date=20260901&eid=4808901&g=match&m=total,https://www.oddstrader.com/atp/?date=20260901&eid=4808901&g=match&m=merged
2026-09-01,4808901,2026-09-01T17:40:00+00:00,complete,US Open Men Singles,"New York, NY",Arthur Ashe Stadium,Darwin Blanch,612813,Taylor Fritz,29410,match,total,396,opening,Bet105,130,3174,option_15144,15144,119672,31.5,-107,1.935,2026-08-28T10:09:26+00:00,6210.567,False,https://www.oddstrader.com/atp/?date=20260901&eid=4808901&g=match&m=total,https://www.oddstrader.com/atp/?date=20260901&eid=4808901&g=match&m=merged
2026-09-01,4808901,2026-09-01T17:40:00+00:00,complete,US Open Men Singles,"New York, NY",Arthur Ashe Stadium,Darwin Blanch,612813,Taylor Fritz,29410,match,total,396,opening,BetAnything,123,1061,option_15143,15143,119600,30.5,-130,1.7692,2026-08-28T23:54:57+00:00,5385.05,False,https://www.oddstrader.com/atp/?date=20260901&eid=4808901&g=match&m=total,https://www.oddstrader.com/atp/?date=20260901&eid=4808901&g=match&m=merged
2026-09-01,4808901,2026-09-01T17:40:00+00:00,complete,US Open Men Singles,"New York, NY",Arthur Ashe Stadium,Darwin Blanch,612813,Taylor Fritz,29410,match,total,396,opening,BetAnything,123,1061,option_15144,15144,119670,30.5,100,2,2026-08-28T23:54:57+00:00,5385.05,False,https://www.oddstrader.com/atp/?date=20260901&eid=4808901&g=match&m=total,https://www.oddstrader.com/atp/?date=20260901&eid=4808901&g=match&m=merged
2026-09-01,4808901,2026-09-01T17:40:00+00:00,complete,US Open Men Singles,"New York, NY",Arthur Ashe Stadium,Darwin Blanch,612813,Taylor Fritz,29410,match,total,396,opening,BetOnline,8,1096,option_15143,15143,119602,31.5,-112,1.8929,2026-08-28T10:46:33+00:00,6173.45,False,https://www.oddstrader.com/atp/?date=20260901&eid=4808901&g=match&m=total,https://www.oddstrader.com/atp/?date=20260901&eid=4808901&g=match&m=merged
2026-09-01,4808901,2026-09-01T17:40:00+00:00,complete,US Open Men Singles,"New York, NY",Arthur Ashe Stadium,Darwin Blanch,612813,Taylor Fritz,29410,match,total,396,opening,BetOnline,8,1096,option_15144,15144,119672,31.5,-108,1.9259,2026-08-28T10:46:33+00:00,6173.45,False,https://www.oddstrader.com/atp/?date=20260901&eid=4808901&g=match&m=total,https://www.oddstrader.com/atp/?date=20260901&eid=4808901&g=match&m=merged
2026-09-01,4808901,2026-09-01T17:40:00+00:00,complete,US Open Men Singles,"New York, NY",Arthur Ashe Stadium,Darwin Blanch,612813,Taylor Fritz,29410,match,total,396,closing,Bookmaker,10,93,option_15143,15143,119601,31,-109,1.9174,2026-08-30T10:10:45+00:00,3329.25,False,https://www.oddstrader.com/atp/?date=20260901&eid=4808901&g=match&m=total,https://www.oddstrader.com/atp/?date=20260901&eid=4808901&g=match&m=merged
2026-09-01,4808901,2026-09-01T17:40:00+00:00,complete,US Open Men Singles,"New York, NY",Arthur Ashe Stadium,Darwin Blanch,612813,Taylor Fritz,29410,match,total,396,opening,Bookmaker,10,93,option_15143,15143,119602,31.5,-116,1.8621,2026-08-28T10:17:13+00:00,6202.783,False,https://www.oddstrader.com/atp/?date=20260901&eid=4808901&g=match&m=total,https://www.oddstrader.com/atp/?date=20260901&eid=4808901&g=match&m=merged
2026-09-01,4808901,2026-09-01T17:40:00+00:00,complete,US Open Men Singles,"New York, NY",Arthur Ashe Stadium,Darwin Blanch,612813,Taylor Fritz,29410,match,total,396,closing,Bookmaker,10,93,option_15144,15144,119671,31,-112,1.8929,2026-08-30T10:10:45+00:00,3329.25,False,https://www.oddstrader.com/atp/?date=20260901&eid=4808901&g=match&m=total,https://www.oddstrader.com/atp/?date=20260901&eid=4808901&g=match&m=merged
2026-09-01,4808901,2026-09-01T17:40:00+00:00,complete,US Open Men Singles,"New York, NY",Arthur Ashe Stadium,Darwin Blanch,612813,Taylor Fritz,29410,match,total,396,opening,Bookmaker,10,93,option_15144,15144,119672,31.5,-105,1.9524,2026-08-28T10:17:13+00:00,6202.783,False,https://www.oddstrader.com/atp/?date=20260901&eid=4808901&g=match&m=total,https://www.oddstrader.com/atp/?date=20260901&eid=4808901&g=match&m=merged
2026-09-01,4808901,2026-09-01T17:40:00+00:00,complete,US Open Men Singles,"New York, NY",Arthur Ashe Stadium,Darwin Blanch,612813,Taylor Fritz,29410,match,total,396,closing,Bovada,9,1618,option_15143,15143,119600,30.5,-110,1.9091,2026-09-01T17:05:22+00:00,34.633,False,https://www.oddstrader.com/atp/?date=20260901&eid=4808901&g=match&m=total,https://www.oddstrader.com/atp/?date=20260901&eid=4808901&g=match&m=merged
2026-09-01,4808901,2026-09-01T17:40:00+00:00,complete,US Open Men Singles,"New York, NY",Arthur Ashe Stadium,Darwin Blanch,612813,Taylor Fritz,29410,match,total,396,opening,Bovada,9,1618,option_15143,15143,119604,32.5,-115,1.87,2026-08-27T21:11:04+00:00,6988.933,False,https://www.oddstrader.com/atp/?date=20260901&eid=4808901&g=match&m=total,https://www.oddstrader.com/atp/?date=20260901&eid=4808901&g=match&m=merged
2026-09-01,4808901,2026-09-01T17:40:00+00:00,complete,US Open Men Singles,"New York, NY",Arthur Ashe Stadium,Darwin Blanch,612813,Taylor Fritz,29410,match,total,396,closing,Bovada,9,1618,option_15144,15144,119670,30.5,-120,1.8333,2026-09-01T17:05:22+00:00,34.633,False,https://www.oddstrader.com/atp/?date=20260901&eid=4808901&g=match&m=total,https://www.oddstrader.com/atp/?date=20260901&eid=4808901&g=match&m=merged
2026-09-01,4808901,2026-09-01T17:40:00+00:00,complete,US Open Men Singles,"New York, NY",Arthur Ashe Stadium,Darwin Blanch,612813,Taylor Fritz,29410,match,total,396,opening,Bovada,9,1618,option_15144,15144,119674,32.5,-115,1.87,2026-08-27T21:11:04+00:00,6988.933,False,https://www.oddstrader.com/atp/?date=20260901&eid=4808901&g=match&m=total,https://www.oddstrader.com/atp/?date=20260901&eid=4808901&g=match&m=merged
2026-09-01,4808901,2026-09-01T17:40:00+00:00,complete,US Open Men Singles,"New York, NY",Arthur Ashe Stadium,Darwin Blanch,612813,Taylor Fritz,29410,match,total,396,closing,Everygame,29,180,option_15143,15143,119600,30.5,-111,1.9,2026-09-01T14:25:20+00:00,194.667,False,https://www.oddstrader.com/atp/?date=20260901&eid=4808901&g=match&m=total,https://www.oddstrader.com/atp/?date=20260901&eid=4808901&g=match&m=merged
2026-09-01,4808901,2026-09-01T17:40:00+00:00,complete,US Open Men Singles,"New York, NY",Arthur Ashe Stadium,Darwin Blanch,612813,Taylor Fritz,29410,match,total,396,opening,Everygame,29,180,option_15143,15143,119602,31.5,-118,1.85,2026-08-28T10:37:40+00:00,6182.333,False,https://www.oddstrader.com/atp/?date=20260901&eid=4808901&g=match&m=total,https://www.oddstrader.com/atp/?date=20260901&eid=4808901&g=match&m=merged
2026-09-01,4808901,2026-09-01T17:40:00+00:00,complete,US Open Men Singles,"New York, NY",Arthur Ashe Stadium,Darwin Blanch,612813,Taylor Fritz,29410,match,total,396,closing,Everygame,29,180,option_15144,15144,119670,30.5,-125,1.8,2026-09-01T14:25:20+00:00,194.667,False,https://www.oddstrader.com/atp/?date=20260901&eid=4808901&g=match&m=total,https://www.oddstrader.com/atp/?date=20260901&eid=4808901&g=match&m=merged
2026-09-01,4808901,2026-09-01T17:40:00+00:00,complete,US Open Men Singles,"New York, NY",Arthur Ashe Stadium,Darwin Blanch,612813,Taylor Fritz,29410,match,total,396,opening,Everygame,29,180,option_15144,15144,119672,31.5,-118,1.85,2026-08-28T10:37:40+00:00,6182.333,False,https://www.oddstrader.com/atp/?date=20260901&eid=4808901&g=match&m=total,https://www.oddstrader.com/atp/?date=20260901&eid=4808901&g=match&m=merged
2026-09-01,4808901,2026-09-01T17:40:00+00:00,complete,US Open Men Singles,"New York, NY",Arthur Ashe Stadium,Darwin Blanch,612813,Taylor Fritz,29410,match,total,396,closing,Heritage,44,169,option_15143,15143,119600,30.5,-111,1.901,2026-09-01T13:58:52+00:00,221.133,False,https://www.oddstrader.com/atp/?date=20260901&eid=4808901&g=match&m=total,https://www.oddstrader.com/atp/?date=20260901&eid=4808901&g=match&m=merged
2026-09-01,4808901,2026-09-01T17:40:00+00:00,complete,US Open Men Singles,"New York, NY",Arthur Ashe Stadium,Darwin Blanch,612813,Taylor Fritz,29410,match,total,396,opening,Heritage,44,169,option_15143,15143,119600,30.5,-111,1.901,2026-08-27T21:39:38+00:00,6960.367,False,https://www.oddstrader.com/atp/?date=20260901&eid=4808901&g=match&m=total,https://www.oddstrader.com/atp/?date=20260901&eid=4808901&g=match&m=merged
2026-09-01,4808901,2026-09-01T17:40:00+00:00,complete,US Open Men Singles,"New York, NY",Arthur Ashe Stadium,Darwin Blanch,612813,Taylor Fritz,29410,match,total,396,opening,Heritage,44,169,option_15144,15144,119670,30.5,-121,1.826,2026-08-27T21:39:38+00:00,6960.367,False,https://www.oddstrader.com/atp/?date=20260901&eid=4808901&g=match&m=total,https://www.oddstrader.com/atp/?date=20260901&eid=4808901&g=match&m=merged
2026-09-01,4808901,2026-09-01T17:40:00+00:00,complete,US Open Men Singles,"New York, NY",Arthur Ashe Stadium,Darwin Blanch,612813,Taylor Fritz,29410,match,total,396,closing,JustBet,16,1275,option_15143,15143,119601,31,-109,1.9174,2026-08-30T10:12:56+00:00,3327.067,False,https://www.oddstrader.com/atp/?date=20260901&eid=4808901&g=match&m=total,https://www.oddstrader.com/atp/?date=20260901&eid=4808901&g=match&m=merged
2026-09-01,4808901,2026-09-01T17:40:00+00:00,complete,US Open Men Singles,"New York, NY",Arthur Ashe Stadium,Darwin Blanch,612813,Taylor Fritz,29410,match,total,396,opening,JustBet,16,1275,option_15143,15143,119602,31.5,-116,1.8621,2026-08-28T10:17:26+00:00,6202.567,False,https://www.oddstrader.com/atp/?date=20260901&eid=4808901&g=match&m=total,https://www.oddstrader.com/atp/?date=20260901&eid=4808901&g=match&m=merged
2026-09-01,4808901,2026-09-01T17:40:00+00:00,complete,US Open Men Singles,"New York, NY",Arthur Ashe Stadium,Darwin Blanch,612813,Taylor Fritz,29410,match,total,396,closing,JustBet,16,1275,option_15144,15144,119671,31,-112,1.8929,2026-08-30T10:12:56+00:00,3327.067,False,https://www.oddstrader.com/atp/?date=20260901&eid=4808901&g=match&m=total,https://www.oddstrader.com/atp/?date=20260901&eid=4808901&g=match&m=merged
2026-09-01,4808901,2026-09-01T17:40:00+00:00,complete,US Open Men Singles,"New York, NY",Arthur Ashe Stadium,Darwin Blanch,612813,Taylor Fritz,29410,match,total,396,opening,JustBet,16,1275,option_15144,15144,119672,31.5,-105,1.9524,2026-08-28T10:17:26+00:00,6202.567,False,https://www.oddstrader.com/atp/?date=20260901&eid=4808901&g=match&m=total,https://www.oddstrader.com/atp/?date=20260901&eid=4808901&g=match&m=merged
2026-09-01,4808901,2026-09-01T17:40:00+00:00,complete,US Open Men Singles,"New York, NY",Arthur Ashe Stadium,Darwin Blanch,612813,Taylor Fritz,29410,match,total,396,closing,MyBookie,82,1680,option_15143,15143,119600,30.5,-120,1.8333,2026-09-01T13:40:20+00:00,239.667,True,https://www.oddstrader.com/atp/?date=20260901&eid=4808901&g=match&m=total,https://www.oddstrader.com/atp/?date=20260901&eid=4808901&g=match&m=merged
2026-09-01,4808901,2026-09-01T17:40:00+00:00,complete,US Open Men Singles,"New York, NY",Arthur Ashe Stadium,Darwin Blanch,612813,Taylor Fritz,29410,match,total,396,opening,MyBookie,82,1680,option_15143,15143,119602,31.5,-126,1.7937,2026-08-28T15:10:28+00:00,5909.533,False,https://www.oddstrader.com/atp/?date=20260901&eid=4808901&g=match&m=total,https://www.oddstrader.com/atp/?date=20260901&eid=4808901&g=match&m=merged
2026-09-01,4808901,2026-09-01T17:40:00+00:00,complete,US Open Men Singles,"New York, NY",Arthur Ashe Stadium,Darwin Blanch,612813,Taylor Fritz,29410,match,total,396,closing,MyBookie,82,1680,option_15144,15144,119670,30.5,-115,1.8696,2026-09-01T13:40:20+00:00,239.667,True,https://www.oddstrader.com/atp/?date=20260901&eid=4808901&g=match&m=total,https://www.oddstrader.com/atp/?date=20260901&eid=4808901&g=match&m=merged
2026-09-01,4808901,2026-09-01T17:40:00+00:00,complete,US Open Men Singles,"New York, NY",Arthur Ashe Stadium,Darwin Blanch,612813,Taylor Fritz,29410,match,total,396,opening,MyBookie,82,1680,option_15144,15144,119672,31.5,-114,1.8772,2026-08-28T15:10:28+00:00,5909.533,False,https://www.oddstrader.com/atp/?date=20260901&eid=4808901&g=match&m=total,https://www.oddstrader.com/atp/?date=20260901&eid=4808901&g=match&m=merged
2026-09-01,4808901,2026-09-01T17:40:00+00:00,complete,US Open Men Singles,"New York, NY",Arthur Ashe Stadium,Darwin Blanch,612813,Taylor Fritz,29410,match,total,396,opening,SportsBetting,131,99,option_15143,15143,119602,31.5,-112,1.8929,2026-08-28T10:46:33+00:00,6173.45,False,https://www.oddstrader.com/atp/?date=20260901&eid=4808901&g=match&m=total,https://www.oddstrader.com/atp/?date=20260901&eid=4808901&g=match&m=merged
2026-09-01,4808901,2026-09-01T17:40:00+00:00,complete,US Open Men Singles,"New York, NY",Arthur Ashe Stadium,Darwin Blanch,612813,Taylor Fritz,29410,match,total,396,opening,SportsBetting,131,99,option_15144,15144,119672,31.5,-108,1.9259,2026-08-28T10:46:33+00:00,6173.45,False,https://www.oddstrader.com/atp/?date=20260901&eid=4808901&g=match&m=total,https://www.oddstrader.com/atp/?date=20260901&eid=4808901&g=match&m=merged
2026-09-01,4808901,2026-09-01T17:40:00+00:00,complete,US Open Men Singles,"New York, NY",Arthur Ashe Stadium,Darwin Blanch,612813,Taylor Fritz,29410,match,winner,126,closing,Bet105,130,3174,Darwin Blanch,612813,10536591,0,1643,17.43,2026-09-01T17:37:43+00:00,2.283,True,https://www.oddstrader.com/atp/?date=20260901&eid=4808901&g=match&m=winner,https://www.oddstrader.com/atp/?date=20260901&eid=4808901&g=match&m=merged
2026-09-01,4808901,2026-09-01T17:40:00+00:00,complete,US Open Men Singles,"New York, NY",Arthur Ashe Stadium,Darwin Blanch,612813,Taylor Fritz,29410,match,winner,126,opening,Bet105,130,3174,Darwin Blanch,612813,10536591,0,1580,16.8,2026-08-28T10:09:26+00:00,6210.567,False,https://www.oddstrader.com/atp/?date=20260901&eid=4808901&g=match&m=winner,https://www.oddstrader.com/atp/?date=20260901&eid=4808901&g=match&m=merged
2026-09-01,4808901,2026-09-01T17:40:00+00:00,complete,US Open Men Singles,"New York, NY",Arthur Ashe Stadium,Darwin Blanch,612813,Taylor Fritz,29410,match,winner,126,closing,Bet105,130,3174,Taylor Fritz,29410,10916593,0,-4000,1.025,2026-09-01T17:37:43+00:00,2.283,True,https://www.oddstrader.com/atp/?date=20260901&eid=4808901&g=match&m=winner,https://www.oddstrader.com/atp/?date=20260901&eid=4808901&g=match&m=merged
2026-09-01,4808901,2026-09-01T17:40:00+00:00,complete,US Open Men Singles,"New York, NY",Arthur Ashe Stadium,Darwin Blanch,612813,Taylor Fritz,29410,match,winner,126,opening,Bet105,130,3174,Taylor Fritz,29410,10916593,0,-4167,1.024,2026-08-28T10:09:26+00:00,6210.567,False,https://www.oddstrader.com/atp/?date=20260901&eid=4808901&g=match&m=winner,https://www.oddstrader.com/atp/?date=20260901&eid=4808901&g=match&m=merged
2026-09-01,4808901,2026-09-01T17:40:00+00:00,complete,US Open Men Singles,"New York, NY",Arthur Ashe Stadium,Darwin Blanch,612813,Taylor Fritz,29410,match,winner,126,opening,BetAnything,123,1061,Darwin Blanch,612813,10536591,0,1695,17.95,2026-08-28T23:54:57+00:00,5385.05,False,https://www.oddstrader.com/atp/?date=20260901&eid=4808901&g=match&m=winner,https://www.oddstrader.com/atp/?date=20260901&eid=4808901&g=match&m=merged
2026-09-01,4808901,2026-09-01T17:40:00+00:00,complete,US Open Men Singles,"New York, NY",Arthur Ashe Stadium,Darwin Blanch,612813,Taylor Fritz,29410,match,winner,126,opening,BetAnything,123,1061,Taylor Fritz,29410,10916593,0,-5000,1.02,2026-08-28T23:54:57+00:00,5385.05,False,https://www.oddstrader.com/atp/?date=20260901&eid=4808901&g=match&m=winner,https://www.oddstrader.com/atp/?date=20260901&eid=4808901&g=match&m=merged
2026-09-01,4808901,2026-09-01T17:40:00+00:00,complete,US Open Men Singles,"New York, NY",Arthur Ashe Stadium,Darwin Blanch,612813,Taylor Fritz,29410,match,winner,126,opening,BetOnline,8,1096,Darwin Blanch,612813,10536591,0,1500,16,2026-08-28T10:46:33+00:00,6173.45,False,https://www.oddstrader.com/atp/?date=20260901&eid=4808901&g=match&m=winner,https://www.oddstrader.com/atp/?date=20260901&eid=4808901&g=match&m=merged
2026-09-01,4808901,2026-09-01T17:40:00+00:00,complete,US Open Men Singles,"New York, NY",Arthur Ashe Stadium,Darwin Blanch,612813,Taylor Fritz,29410,match,winner,126,opening,BetOnline,8,1096,Taylor Fritz,29410,10916593,0,-4000,1.025,2026-08-28T10:46:33+00:00,6173.45,False,https://www.oddstrader.com/atp/?date=20260901&eid=4808901&g=match&m=winner,https://www.oddstrader.com/atp/?date=20260901&eid=4808901&g=match&m=merged
2026-09-01,4808901,2026-09-01T17:40:00+00:00,complete,US Open Men Singles,"New York, NY",Arthur Ashe Stadium,Darwin Blanch,612813,Taylor Fritz,29410,match,winner,126,closing,Bookmaker,10,93,Darwin Blanch,612813,10536591,0,1336,14.36,2026-08-29T15:31:17+00:00,4448.717,False,https://www.oddstrader.com/atp/?date=20260901&eid=4808901&g=match&m=winner,https://www.oddstrader.com/atp/?date=20260901&eid=4808901&g=match&m=merged
2026-09-01,4808901,2026-09-01T17:40:00+00:00,complete,US Open Men Singles,"New York, NY",Arthur Ashe Stadium,Darwin Blanch,612813,Taylor Fritz,29410,match,winner,126,opening,Bookmaker,10,93,Darwin Blanch,612813,10536591,0,1218,13.18,2026-08-28T00:07:44+00:00,6812.267,False,https://www.oddstrader.com/atp/?date=20260901&eid=4808901&g=match&m=winner,https://www.oddstrader.com/atp/?date=20260901&eid=4808901&g=match&m=merged
2026-09-01,4808901,2026-09-01T17:40:00+00:00,complete,US Open Men Singles,"New York, NY",Arthur Ashe Stadium,Darwin Blanch,612813,Taylor Fritz,29410,match,winner,126,closing,Bookmaker,10,93,Taylor Fritz,29410,10916593,0,-5000,1.02,2026-08-28T16:25:08+00:00,5834.867,False,https://www.oddstrader.com/atp/?date=20260901&eid=4808901&g=match&m=winner,https://www.oddstrader.com/atp/?date=20260901&eid=4808901&g=match&m=merged
2026-09-01,4808901,2026-09-01T17:40:00+00:00,complete,US Open Men Singles,"New York, NY",Arthur Ashe Stadium,Darwin Blanch,612813,Taylor Fritz,29410,match,winner,126,opening,Bookmaker,10,93,Taylor Fritz,29410,10916593,0,-3333,1.03,2026-08-28T00:07:44+00:00,6812.267,False,https://www.oddstrader.com/atp/?date=20260901&eid=4808901&g=match&m=winner,https://www.oddstrader.com/atp/?date=20260901&eid=4808901&g=match&m=merged
2026-09-01,4808901,2026-09-01T17:40:00+00:00,complete,US Open Men Singles,"New York, NY",Arthur Ashe Stadium,Darwin Blanch,612813,Taylor Fritz,29410,match,winner,126,closing,Bovada,9,1618,Darwin Blanch,612813,10536591,0,1400,15,2026-09-01T17:18:04+00:00,21.933,True,https://www.oddstrader.com/atp/?date=20260901&eid=4808901&g=match&m=winner,https://www.oddstrader.com/atp/?date=20260901&eid=4808901&g=match&m=merged
2026-09-01,4808901,2026-09-01T17:40:00+00:00,complete,US Open Men Singles,"New York, NY",Arthur Ashe Stadium,Darwin Blanch,612813,Taylor Fritz,29410,match,winner,126,opening,Bovada,9,1618,Darwin Blanch,612813,10536591,0,1200,13,2026-08-27T19:22:22+00:00,7097.633,False,https://www.oddstrader.com/atp/?date=20260901&eid=4808901&g=match&m=winner,https://www.oddstrader.com/atp/?date=20260901&eid=4808901&g=match&m=merged
2026-09-01,4808901,2026-09-01T17:40:00+00:00,complete,US Open Men Singles,"New York, NY",Arthur Ashe Stadium,Darwin Blanch,612813,Taylor Fritz,29410,match,winner,126,closing,Bovada,9,1618,Taylor Fritz,29410,10916593,0,-5000,1.02,2026-09-01T17:18:04+00:00,21.933,True,https://www.oddstrader.com/atp/?date=20260901&eid=4808901&g=match&m=winner,https://www.oddstrader.com/atp/?date=20260901&eid=4808901&g=match&m=merged
2026-09-01,4808901,2026-09-01T17:40:00+00:00,complete,US Open Men Singles,"New York, NY",Arthur Ashe Stadium,Darwin Blanch,612813,Taylor Fritz,29410,match,winner,126,opening,Bovada,9,1618,Taylor Fritz,29410,10916593,0,-3300,1.03,2026-08-27T19:22:22+00:00,7097.633,False,https://www.oddstrader.com/atp/?date=20260901&eid=4808901&g=match&m=winner,https://www.oddstrader.com/atp/?date=20260901&eid=4808901&g=match&m=merged
2026-09-01,4808901,2026-09-01T17:40:00+00:00,complete,US Open Men Singles,"New York, NY",Arthur Ashe Stadium,Darwin Blanch,612813,Taylor Fritz,29410,match,winner,126,closing,Everygame,29,180,Darwin Blanch,612813,10536591,0,1200,13,2026-08-28T10:37:40+00:00,6182.333,False,https://www.oddstrader.com/atp/?date=20260901&eid=4808901&g=match&m=winner,https://www.oddstrader.com/atp/?date=20260901&eid=4808901&g=match&m=merged
2026-09-01,4808901,2026-09-01T17:40:00+00:00,complete,US Open Men Singles,"New York, NY",Arthur Ashe Stadium,Darwin Blanch,612813,Taylor Fritz,29410,match,winner,126,opening,Everygame,29,180,Darwin Blanch,612813,10536591,0,1200,13,2026-08-28T10:37:40+00:00,6182.333,False,https://www.oddstrader.com/atp/?date=20260901&eid=4808901&g=match&m=winner,https://www.oddstrader.com/atp/?date=20260901&eid=4808901&g=match&m=merged
2026-09-01,4808901,2026-09-01T17:40:00+00:00,complete,US Open Men Singles,"New York, NY",Arthur Ashe Stadium,Darwin Blanch,612813,Taylor Fritz,29410,match,winner,126,closing,Everygame,29,180,Taylor Fritz,29410,10916593,0,-5000,1.02,2026-08-28T10:37:40+00:00,6182.333,False,https://www.oddstrader.com/atp/?date=20260901&eid=4808901&g=match&m=winner,https://www.oddstrader.com/atp/?date=20260901&eid=4808901&g=match&m=merged
2026-09-01,4808901,2026-09-01T17:40:00+00:00,complete,US Open Men Singles,"New York, NY",Arthur Ashe Stadium,Darwin Blanch,612813,Taylor Fritz,29410,match,winner,126,opening,Everygame,29,180,Taylor Fritz,29410,10916593,0,-5000,1.02,2026-08-28T10:37:40+00:00,6182.333,False,https://www.oddstrader.com/atp/?date=20260901&eid=4808901&g=match&m=winner,https://www.oddstrader.com/atp/?date=20260901&eid=4808901&g=match&m=merged
2026-09-01,4808901,2026-09-01T17:40:00+00:00,complete,US Open Men Singles,"New York, NY",Arthur Ashe Stadium,Darwin Blanch,612813,Taylor Fritz,29410,match,winner,126,closing,Heritage,44,169,Darwin Blanch,612813,10536591,0,1522,16.22,2026-09-01T13:16:18+00:00,263.7,False,https://www.oddstrader.com/atp/?date=20260901&eid=4808901&g=match&m=winner,https://www.oddstrader.com/atp/?date=20260901&eid=4808901&g=match&m=merged
2026-09-01,4808901,2026-09-01T17:40:00+00:00,complete,US Open Men Singles,"New York, NY",Arthur Ashe Stadium,Darwin Blanch,612813,Taylor Fritz,29410,match,winner,126,opening,Heritage,44,169,Darwin Blanch,612813,10536591,0,1277,13.77,2026-08-27T20:13:22+00:00,7046.633,False,https://www.oddstrader.com/atp/?date=20260901&eid=4808901&g=match&m=winner,https://www.oddstrader.com/atp/?date=20260901&eid=4808901&g=match&m=merged
2026-09-01,4808901,2026-09-01T17:40:00+00:00,complete,US Open Men Singles,"New York, NY",Arthur Ashe Stadium,Darwin Blanch,612813,Taylor Fritz,29410,match,winner,126,closing,Heritage,44,169,Taylor Fritz,29410,10916593,0,-5435,1.018,2026-09-01T13:16:18+00:00,263.7,False,https://www.oddstrader.com/atp/?date=20260901&eid=4808901&g=match&m=winner,https://www.oddstrader.com/atp/?date=20260901&eid=4808901&g=match&m=merged
2026-09-01,4808901,2026-09-01T17:40:00+00:00,complete,US Open Men Singles,"New York, NY",Arthur Ashe Stadium,Darwin Blanch,612813,Taylor Fritz,29410,match,winner,126,opening,Heritage,44,169,Taylor Fritz,29410,10916593,0,-3610,1.028,2026-08-27T20:13:22+00:00,7046.633,False,https://www.oddstrader.com/atp/?date=20260901&eid=4808901&g=match&m=winner,https://www.oddstrader.com/atp/?date=20260901&eid=4808901&g=match&m=merged
2026-09-01,4808901,2026-09-01T17:40:00+00:00,complete,US Open Men Singles,"New York, NY",Arthur Ashe Stadium,Darwin Blanch,612813,Taylor Fritz,29410,match,winner,126,closing,JustBet,16,1275,Darwin Blanch,612813,10536591,0,1336,14.36,2026-08-29T15:31:09+00:00,4448.85,False,https://www.oddstrader.com/atp/?date=20260901&eid=4808901&g=match&m=winner,https://www.oddstrader.com/atp/?date=20260901&eid=4808901&g=match&m=merged
2026-09-01,4808901,2026-09-01T17:40:00+00:00,complete,US Open Men Singles,"New York, NY",Arthur Ashe Stadium,Darwin Blanch,612813,Taylor Fritz,29410,match,winner,126,opening,JustBet,16,1275,Darwin Blanch,612813,10536591,0,1218,13.18,2026-08-28T00:08:14+00:00,6811.767,False,https://www.oddstrader.com/atp/?date=20260901&eid=4808901&g=match&m=winner,https://www.oddstrader.com/atp/?date=20260901&eid=4808901&g=match&m=merged
2026-09-01,4808901,2026-09-01T17:40:00+00:00,complete,US Open Men Singles,"New York, NY",Arthur Ashe Stadium,Darwin Blanch,612813,Taylor Fritz,29410,match,winner,126,closing,JustBet,16,1275,Taylor Fritz,29410,10916593,0,-5000,1.02,2026-08-28T16:25:09+00:00,5834.85,False,https://www.oddstrader.com/atp/?date=20260901&eid=4808901&g=match&m=winner,https://www.oddstrader.com/atp/?date=20260901&eid=4808901&g=match&m=merged
2026-09-01,4808901,2026-09-01T17:40:00+00:00,complete,US Open Men Singles,"New York, NY",Arthur Ashe Stadium,Darwin Blanch,612813,Taylor Fritz,29410,match,winner,126,opening,JustBet,16,1275,Taylor Fritz,29410,10916593,0,-3333,1.03,2026-08-28T00:08:14+00:00,6811.767,False,https://www.oddstrader.com/atp/?date=20260901&eid=4808901&g=match&m=winner,https://www.oddstrader.com/atp/?date=20260901&eid=4808901&g=match&m=merged
2026-09-01,4808901,2026-09-01T17:40:00+00:00,complete,US Open Men Singles,"New York, NY",Arthur Ashe Stadium,Darwin Blanch,612813,Taylor Fritz,29410,match,winner,126,opening,SportsBetting,131,99,Darwin Blanch,612813,10536591,0,1500,16,2026-08-28T10:46:33+00:00,6173.45,False,https://www.oddstrader.com/atp/?date=20260901&eid=4808901&g=match&m=winner,https://www.oddstrader.com/atp/?date=20260901&eid=4808901&g=match&m=merged
2026-09-01,4808901,2026-09-01T17:40:00+00:00,complete,US Open Men Singles,"New York, NY",Arthur Ashe Stadium,Darwin Blanch,612813,Taylor Fritz,29410,match,winner,126,opening,SportsBetting,131,99,Taylor Fritz,29410,10916593,0,-4000,1.025,2026-08-28T10:46:33+00:00,6173.45,False,https://www.oddstrader.com/atp/?date=20260901&eid=4808901&g=match&m=winner,https://www.oddstrader.com/atp/?date=20260901&eid=4808901&g=match&m=merged
2026-09-01,4808924,2026-09-01T18:20:00+00:00,canceled,US Open Men Singles,"New York, NY",Stadium 17,Thanasi Kokkinakis,28504,Rafael Jodar,667795,1st-set,winner,279,closing,BetOnline,8,1096,Rafael Jodar,667795,11193360,0,-385,1.2597,2026-09-01T14:27:17+00:00,232.717,True,https://www.oddstrader.com/atp/?date=20260901&eid=4808924&g=1st-set&m=winner,https://www.oddstrader.com/atp/?date=20260901&eid=4808924&g=1st-set&m=merged
2026-09-01,4808924,2026-09-01T18:20:00+00:00,canceled,US Open Men Singles,"New York, NY",Stadium 17,Thanasi Kokkinakis,28504,Rafael Jodar,667795,1st-set,winner,279,opening,BetOnline,8,1096,Rafael Jodar,667795,11193360,0,-325,1.3077,2026-08-28T13:19:43+00:00,6060.283,False,https://www.oddstrader.com/atp/?date=20260901&eid=4808924&g=1st-set&m=winner,https://www.oddstrader.com/atp/?date=20260901&eid=4808924&g=1st-set&m=merged
2026-09-01,4808924,2026-09-01T18:20:00+00:00,canceled,US Open Men Singles,"New York, NY",Stadium 17,Thanasi Kokkinakis,28504,Rafael Jodar,667795,1st-set,winner,279,closing,BetOnline,8,1096,Thanasi Kokkinakis,28504,10916838,0,315,4.15,2026-09-01T14:27:17+00:00,232.717,True,https://www.oddstrader.com/atp/?date=20260901&eid=4808924&g=1st-set&m=winner,https://www.oddstrader.com/atp/?date=20260901&eid=4808924&g=1st-set&m=merged
2026-09-01,4808924,2026-09-01T18:20:00+00:00,canceled,US Open Men Singles,"New York, NY",Stadium 17,Thanasi Kokkinakis,28504,Rafael Jodar,667795,1st-set,winner,279,opening,BetOnline,8,1096,Thanasi Kokkinakis,28504,10916838,0,270,3.7,2026-08-28T13:19:43+00:00,6060.283,False,https://www.oddstrader.com/atp/?date=20260901&eid=4808924&g=1st-set&m=winner,https://www.oddstrader.com/atp/?date=20260901&eid=4808924&g=1st-set&m=merged
2026-09-01,4808924,2026-09-01T18:20:00+00:00,canceled,US Open Men Singles,"New York, NY",Stadium 17,Thanasi Kokkinakis,28504,Rafael Jodar,667795,1st-set,winner,279,closing,SportsBetting,131,99,Rafael Jodar,667795,11193360,0,-385,1.2597,2026-09-01T14:27:17+00:00,232.717,False,https://www.oddstrader.com/atp/?date=20260901&eid=4808924&g=1st-set&m=winner,https://www.oddstrader.com/atp/?date=20260901&eid=4808924&g=1st-set&m=merged
2026-09-01,4808924,2026-09-01T18:20:00+00:00,canceled,US Open Men Singles,"New York, NY",Stadium 17,Thanasi Kokkinakis,28504,Rafael Jodar,667795,1st-set,winner,279,opening,SportsBetting,131,99,Rafael Jodar,667795,11193360,0,-325,1.3077,2026-08-28T13:19:43+00:00,6060.283,False,https://www.oddstrader.com/atp/?date=20260901&eid=4808924&g=1st-set&m=winner,https://www.oddstrader.com/atp/?date=20260901&eid=4808924&g=1st-set&m=merged
2026-09-01,4808924,2026-09-01T18:20:00+00:00,canceled,US Open Men Singles,"New York, NY",Stadium 17,Thanasi Kokkinakis,28504,Rafael Jodar,667795,1st-set,winner,279,closing,SportsBetting,131,99,Thanasi Kokkinakis,28504,10916838,0,315,4.15,2026-09-01T14:27:17+00:00,232.717,False,https://www.oddstrader.com/atp/?date=20260901&eid=4808924&g=1st-set&m=winner,https://www.oddstrader.com/atp/?date=20260901&eid=4808924&g=1st-set&m=merged
2026-09-01,4808924,2026-09-01T18:20:00+00:00,canceled,US Open Men Singles,"New York, NY",Stadium 17,Thanasi Kokkinakis,28504,Rafael Jodar,667795,1st-set,winner,279,opening,SportsBetting,131,99,Thanasi Kokkinakis,28504,10916838,0,270,3.7,2026-08-28T13:19:43+00:00,6060.283,False,https://www.oddstrader.com/atp/?date=20260901&eid=4808924&g=1st-set&m=winner,https://www.oddstrader.com/atp/?date=20260901&eid=4808924&g=1st-set&m=merged
2026-09-01,4808924,2026-09-01T18:20:00+00:00,canceled,US Open Men Singles,"New York, NY",Stadium 17,Thanasi Kokkinakis,28504,Rafael Jodar,667795,match,spread,395,closing,Bet105,130,3174,Rafael Jodar,667795,11198235,-7.5,-102,1.98,2026-09-01T15:15:39+00:00,184.35,True,https://www.oddstrader.com/atp/?date=20260901&eid=4808924&g=match&m=spread,https://www.oddstrader.com/atp/?date=20260901&eid=4808924&g=match&m=merged
2026-09-01,4808924,2026-09-01T18:20:00+00:00,canceled,US Open Men Singles,"New York, NY",Stadium 17,Thanasi Kokkinakis,28504,Rafael Jodar,667795,match,spread,395,opening,Bet105,130,3174,Rafael Jodar,667795,11260066,-7,-105,1.952,2026-08-28T11:01:57+00:00,6198.05,False,https://www.oddstrader.com/atp/?date=20260901&eid=4808924&g=match&m=spread,https://www.oddstrader.com/atp/?date=20260901&eid=4808924&g=match&m=merged
2026-09-01,4808924,2026-09-01T18:20:00+00:00,canceled,US Open Men Singles,"New York, NY",Stadium 17,Thanasi Kokkinakis,28504,Rafael Jodar,667795,match,spread,395,closing,Bet105,130,3174,Thanasi Kokkinakis,28504,11269093,7.5,-115,1.87,2026-09-01T15:15:39+00:00,184.35,True,https://www.oddstrader.com/atp/?date=20260901&eid=4808924&g=match&m=spread,https://www.oddstrader.com/atp/?date=20260901&eid=4808924&g=match&m=merged
2026-09-01,4808924,2026-09-01T18:20:00+00:00,canceled,US Open Men Singles,"New York, NY",Stadium 17,Thanasi Kokkinakis,28504,Rafael Jodar,667795,match,spread,395,opening,Bet105,130,3174,Thanasi Kokkinakis,28504,11269146,7,-114,1.877,2026-08-28T11:01:57+00:00,6198.05,False,https://www.oddstrader.com/atp/?date=20260901&eid=4808924&g=match&m=spread,https://www.oddstrader.com/atp/?date=20260901&eid=4808924&g=match&m=merged
2026-09-01,4808924,2026-09-01T18:20:00+00:00,canceled,US Open Men Singles,"New York, NY",Stadium 17,Thanasi Kokkinakis,28504,Rafael Jodar,667795,match,spread,395,closing,BetAnything,123,1061,Rafael Jodar,667795,11198235,-7.5,-110,1.9091,2026-09-01T06:49:47+00:00,690.217,False,https://www.oddstrader.com/atp/?date=20260901&eid=4808924&g=match&m=spread,https://www.oddstrader.com/atp/?date=20260901&eid=4808924&g=match&m=merged
2026-09-01,4808924,2026-09-01T18:20:00+00:00,canceled,US Open Men Singles,"New York, NY",Stadium 17,Thanasi Kokkinakis,28504,Rafael Jodar,667795,match,spread,395,opening,BetAnything,123,1061,Rafael Jodar,667795,11198235,-7.5,110,2.1,2026-08-28T13:47:30+00:00,6032.5,False,https://www.oddstrader.com/atp/?date=20260901&eid=4808924&g=match&m=spread,https://www.oddstrader.com/atp/?date=20260901&eid=4808924&g=match&m=merged
2026-09-01,4808924,2026-09-01T18:20:00+00:00,canceled,US Open Men Singles,"New York, NY",Stadium 17,Thanasi Kokkinakis,28504,Rafael Jodar,667795,match,spread,395,closing,BetAnything,123,1061,Thanasi Kokkinakis,28504,11269093,7.5,-120,1.8333,2026-09-01T06:49:47+00:00,690.217,False,https://www.oddstrader.com/atp/?date=20260901&eid=4808924&g=match&m=spread,https://www.oddstrader.com/atp/?date=20260901&eid=4808924&g=match&m=merged
2026-09-01,4808924,2026-09-01T18:20:00+00:00,canceled,US Open Men Singles,"New York, NY",Stadium 17,Thanasi Kokkinakis,28504,Rafael Jodar,667795,match,spread,395,opening,BetAnything,123,1061,Thanasi Kokkinakis,28504,11269093,7.5,-140,1.7143,2026-08-28T13:47:30+00:00,6032.5,False,https://www.oddstrader.com/atp/?date=20260901&eid=4808924&g=match&m=spread,https://www.oddstrader.com/atp/?date=20260901&eid=4808924&g=match&m=merged
2026-09-01,4808924,2026-09-01T18:20:00+00:00,canceled,US Open Men Singles,"New York, NY",Stadium 17,Thanasi Kokkinakis,28504,Rafael Jodar,667795,match,spread,395,closing,BetOnline,8,1096,Rafael Jodar,667795,11198235,-7.5,-125,1.8,2026-09-01T15:38:55+00:00,161.083,True,https://www.oddstrader.com/atp/?date=20260901&eid=4808924&g=match&m=spread,https://www.oddstrader.com/atp/?date=20260901&eid=4808924&g=match&m=merged
2026-09-01,4808924,2026-09-01T18:20:00+00:00,canceled,US Open Men Singles,"New York, NY",Stadium 17,Thanasi Kokkinakis,28504,Rafael Jodar,667795,match,spread,395,opening,BetOnline,8,1096,Rafael Jodar,667795,11198235,-7.5,120,2.2,2026-08-28T11:17:04+00:00,6182.933,False,https://www.oddstrader.com/atp/?date=20260901&eid=4808924&g=match&m=spread,https://www.oddstrader.com/atp/?date=20260901&eid=4808924&g=match&m=merged
2026-09-01,4808924,2026-09-01T18:20:00+00:00,canceled,US Open Men Singles,"New York, NY",Stadium 17,Thanasi Kokkinakis,28504,Rafael Jodar,667795,match,spread,395,closing,BetOnline,8,1096,Thanasi Kokkinakis,28504,11269093,7.5,105,2.05,2026-09-01T15:38:55+00:00,161.083,True,https://www.oddstrader.com/atp/?date=20260901&eid=4808924&g=match&m=spread,https://www.oddstrader.com/atp/?date=20260901&eid=4808924&g=match&m=merged
2026-09-01,4808924,2026-09-01T18:20:00+00:00,canceled,US Open Men Singles,"New York, NY",Stadium 17,Thanasi Kokkinakis,28504,Rafael Jodar,667795,match,spread,395,opening,BetOnline,8,1096,Thanasi Kokkinakis,28504,11269093,7.5,-140,1.7143,2026-08-28T11:17:04+00:00,6182.933,False,https://www.oddstrader.com/atp/?date=20260901&eid=4808924&g=match&m=spread,https://www.oddstrader.com/atp/?date=20260901&eid=4808924&g=match&m=merged
2026-09-01,4808924,2026-09-01T18:20:00+00:00,canceled,US Open Men Singles,"New York, NY",Stadium 17,Thanasi Kokkinakis,28504,Rafael Jodar,667795,match,spread,395,closing,Bookmaker,10,93,Rafael Jodar,667795,11198235,-7.5,101,2.01,2026-08-29T13:46:59+00:00,4593.017,False,https://www.oddstrader.com/atp/?date=20260901&eid=4808924&g=match&m=spread,https://www.oddstrader.com/atp/?date=20260901&eid=4808924&g=match&m=merged
2026-09-01,4808924,2026-09-01T18:20:00+00:00,canceled,US Open Men Singles,"New York, NY",Stadium 17,Thanasi Kokkinakis,28504,Rafael Jodar,667795,match,spread,395,opening,Bookmaker,10,93,Rafael Jodar,667795,11260066,-7,-109,1.9174,2026-08-28T11:15:30+00:00,6184.5,False,https://www.oddstrader.com/atp/?date=20260901&eid=4808924&g=match&m=spread,https://www.oddstrader.com/atp/?date=20260901&eid=4808924&g=match&m=merged
2026-09-01,4808924,2026-09-01T18:20:00+00:00,canceled,US Open Men Singles,"New York, NY",Stadium 17,Thanasi Kokkinakis,28504,Rafael Jodar,667795,match,spread,395,closing,Bookmaker,10,93,Thanasi Kokkinakis,28504,11269093,7.5,-123,1.813,2026-08-29T13:46:59+00:00,4593.017,False,https://www.oddstrader.com/atp/?date=20260901&eid=4808924&g=match&m=spread,https://www.oddstrader.com/atp/?date=20260901&eid=4808924&g=match&m=merged
2026-09-01,4808924,2026-09-01T18:20:00+00:00,canceled,US Open Men Singles,"New York, NY",Stadium 17,Thanasi Kokkinakis,28504,Rafael Jodar,667795,match,spread,395,opening,Bookmaker,10,93,Thanasi Kokkinakis,28504,11269146,7,-112,1.8929,2026-08-28T11:15:30+00:00,6184.5,False,https://www.oddstrader.com/atp/?date=20260901&eid=4808924&g=match&m=spread,https://www.oddstrader.com/atp/?date=20260901&eid=4808924&g=match&m=merged
2026-09-01,4808924,2026-09-01T18:20:00+00:00,canceled,US Open Men Singles,"New York, NY",Stadium 17,Thanasi Kokkinakis,28504,Rafael Jodar,667795,match,spread,395,closing,Bovada,9,1618,Rafael Jodar,667795,11198218,-5.5,-275,1.3636,2026-09-01T15:55:25+00:00,144.583,True,https://www.oddstrader.com/atp/?date=20260901&eid=4808924&g=match&m=spread,https://www.oddstrader.com/atp/?date=20260901&eid=4808924&g=match&m=merged
2026-09-01,4808924,2026-09-01T18:20:00+00:00,canceled,US Open Men Singles,"New York, NY",Stadium 17,Thanasi Kokkinakis,28504,Rafael Jodar,667795,match,spread,395,opening,Bovada,9,1618,Rafael Jodar,667795,11198223,-6.5,-135,1.741,2026-08-27T21:23:41+00:00,7016.317,False,https://www.oddstrader.com/atp/?date=20260901&eid=4808924&g=match&m=spread,https://www.oddstrader.com/atp/?date=20260901&eid=4808924&g=match&m=merged
2026-09-01,4808924,2026-09-01T18:20:00+00:00,canceled,US Open Men Singles,"New York, NY",Stadium 17,Thanasi Kokkinakis,28504,Rafael Jodar,667795,match,spread,395,closing,Bovada,9,1618,Thanasi Kokkinakis,28504,11219849,5.5,200,3,2026-09-01T15:55:25+00:00,144.583,True,https://www.oddstrader.com/atp/?date=20260901&eid=4808924&g=match&m=spread,https://www.oddstrader.com/atp/?date=20260901&eid=4808924&g=match&m=merged
2026-09-01,4808924,2026-09-01T18:20:00+00:00,canceled,US Open Men Singles,"New York, NY",Stadium 17,Thanasi Kokkinakis,28504,Rafael Jodar,667795,match,spread,395,opening,Bovada,9,1618,Thanasi Kokkinakis,28504,11219880,6.5,105,2.05,2026-08-27T21:23:41+00:00,7016.317,False,https://www.oddstrader.com/atp/?date=20260901&eid=4808924&g=match&m=spread,https://www.oddstrader.com/atp/?date=20260901&eid=4808924&g=match&m=merged
2026-09-01,4808924,2026-09-01T18:20:00+00:00,canceled,US Open Men Singles,"New York, NY",Stadium 17,Thanasi Kokkinakis,28504,Rafael Jodar,667795,match,spread,395,closing,Everygame,29,180,Rafael Jodar,667795,11198235,-7.5,-118,1.85,2026-09-01T08:11:23+00:00,608.617,False,https://www.oddstrader.com/atp/?date=20260901&eid=4808924&g=match&m=spread,https://www.oddstrader.com/atp/?date=20260901&eid=4808924&g=match&m=merged
2026-09-01,4808924,2026-09-01T18:20:00+00:00,canceled,US Open Men Singles,"New York, NY",Stadium 17,Thanasi Kokkinakis,28504,Rafael Jodar,667795,match,spread,395,opening,Everygame,29,180,Rafael Jodar,667795,11198223,-6.5,-161,1.62,2026-08-28T19:55:24+00:00,5664.6,False,https://www.oddstrader.com/atp/?date=20260901&eid=4808924&g=match&m=spread,https://www.oddstrader.com/atp/?date=20260901&eid=4808924&g=match&m=merged
2026-09-01,4808924,2026-09-01T18:20:00+00:00,canceled,US Open Men Singles,"New York, NY",Stadium 17,Thanasi Kokkinakis,28504,Rafael Jodar,667795,match,spread,395,closing,Everygame,29,180,Thanasi Kokkinakis,28504,11269093,7.5,-118,1.85,2026-09-01T08:11:23+00:00,608.617,False,https://www.oddstrader.com/atp/?date=20260901&eid=4808924&g=match&m=spread,https://www.oddstrader.com/atp/?date=20260901&eid=4808924&g=match&m=merged
2026-09-01,4808924,2026-09-01T18:20:00+00:00,canceled,US Open Men Singles,"New York, NY",Stadium 17,Thanasi Kokkinakis,28504,Rafael Jodar,667795,match,spread,395,opening,Everygame,29,180,Thanasi Kokkinakis,28504,11219880,6.5,115,2.15,2026-08-28T19:55:24+00:00,5664.6,False,https://www.oddstrader.com/atp/?date=20260901&eid=4808924&g=match&m=spread,https://www.oddstrader.com/atp/?date=20260901&eid=4808924&g=match&m=merged
2026-09-01,4808924,2026-09-01T18:20:00+00:00,canceled,US Open Men Singles,"New York, NY",Stadium 17,Thanasi Kokkinakis,28504,Rafael Jodar,667795,match,spread,395,closing,Heritage,44,169,Rafael Jodar,667795,11198235,-7.5,-109,1.917,2026-09-01T15:29:58+00:00,170.033,False,https://www.oddstrader.com/atp/?date=20260901&eid=4808924&g=match&m=spread,https://www.oddstrader.com/atp/?date=20260901&eid=4808924&g=match&m=merged
2026-09-01,4808924,2026-09-01T18:20:00+00:00,canceled,US Open Men Singles,"New York, NY",Stadium 17,Thanasi Kokkinakis,28504,Rafael Jodar,667795,match,spread,395,opening,Heritage,44,169,Rafael Jodar,667795,11198223,-6.5,-141,1.709,2026-08-27T21:55:57+00:00,6984.05,False,https://www.oddstrader.com/atp/?date=20260901&eid=4808924&g=match&m=spread,https://www.oddstrader.com/atp/?date=20260901&eid=4808924&g=match&m=merged
2026-09-01,4808924,2026-09-01T18:20:00+00:00,canceled,US Open Men Singles,"New York, NY",Stadium 17,Thanasi Kokkinakis,28504,Rafael Jodar,667795,match,spread,395,closing,Heritage,44,169,Thanasi Kokkinakis,28504,11269093,7.5,-121,1.826,2026-09-01T15:45:36+00:00,154.4,False,https://www.oddstrader.com/atp/?date=20260901&eid=4808924&g=match&m=spread,https://www.oddstrader.com/atp/?date=20260901&eid=4808924&g=match&m=merged
2026-09-01,4808924,2026-09-01T18:20:00+00:00,canceled,US Open Men Singles,"New York, NY",Stadium 17,Thanasi Kokkinakis,28504,Rafael Jodar,667795,match,spread,395,opening,Heritage,44,169,Thanasi Kokkinakis,28504,11219880,6.5,101,2.01,2026-08-27T21:55:57+00:00,6984.05,False,https://www.oddstrader.com/atp/?date=20260901&eid=4808924&g=match&m=spread,https://www.oddstrader.com/atp/?date=20260901&eid=4808924&g=match&m=merged
2026-09-01,4808924,2026-09-01T18:20:00+00:00,canceled,US Open Men Singles,"New York, NY",Stadium 17,Thanasi Kokkinakis,28504,Rafael Jodar,667795,match,spread,395,closing,JustBet,16,1275,Rafael Jodar,667795,11198235,-7.5,101,2.01,2026-08-29T13:47:00+00:00,4593.0,False,https://www.oddstrader.com/atp/?date=20260901&eid=4808924&g=match&m=spread,https://www.oddstrader.com/atp/?date=20260901&eid=4808924&g=match&m=merged
2026-09-01,4808924,2026-09-01T18:20:00+00:00,canceled,US Open Men Singles,"New York, NY",Stadium 17,Thanasi Kokkinakis,28504,Rafael Jodar,667795,match,spread,395,opening,JustBet,16,1275,Rafael Jodar,667795,11260066,-7,-109,1.9174,2026-08-28T11:15:29+00:00,6184.517,False,https://www.oddstrader.com/atp/?date=20260901&eid=4808924&g=match&m=spread,https://www.oddstrader.com/atp/?date=20260901&eid=4808924&g=match&m=merged
2026-09-01,4808924,2026-09-01T18:20:00+00:00,canceled,US Open Men Singles,"New York, NY",Stadium 17,Thanasi Kokkinakis,28504,Rafael Jodar,667795,match,spread,395,closing,JustBet,16,1275,Thanasi Kokkinakis,28504,11269093,7.5,-123,1.813,2026-08-29T13:47:00+00:00,4593.0,False,https://www.oddstrader.com/atp/?date=20260901&eid=4808924&g=match&m=spread,https://www.oddstrader.com/atp/?date=20260901&eid=4808924&g=match&m=merged
2026-09-01,4808924,2026-09-01T18:20:00+00:00,canceled,US Open Men Singles,"New York, NY",Stadium 17,Thanasi Kokkinakis,28504,Rafael Jodar,667795,match,spread,395,opening,JustBet,16,1275,Thanasi Kokkinakis,28504,11269146,7,-112,1.8929,2026-08-28T11:15:29+00:00,6184.517,False,https://www.oddstrader.com/atp/?date=20260901&eid=4808924&g=match&m=spread,https://www.oddstrader.com/atp/?date=20260901&eid=4808924&g=match&m=merged
2026-09-01,4808924,2026-09-01T18:20:00+00:00,canceled,US Open Men Singles,"New York, NY",Stadium 17,Thanasi Kokkinakis,28504,Rafael Jodar,667795,match,spread,395,closing,MyBookie,82,1680,Rafael Jodar,667795,11198235,-7.5,102,2.02,2026-09-01T15:34:19+00:00,165.683,True,https://www.oddstrader.com/atp/?date=20260901&eid=4808924&g=match&m=spread,https://www.oddstrader.com/atp/?date=20260901&eid=4808924&g=match&m=merged
2026-09-01,4808924,2026-09-01T18:20:00+00:00,canceled,US Open Men Singles,"New York, NY",Stadium 17,Thanasi Kokkinakis,28504,Rafael Jodar,667795,match,spread,395,opening,MyBookie,82,1680,Rafael Jodar,667795,11198223,-6.5,-145,1.6897,2026-08-28T15:10:28+00:00,5949.533,False,https://www.oddstrader.com/atp/?date=20260901&eid=4808924&g=match&m=spread,https://www.oddstrader.com/atp/?date=20260901&eid=4808924&g=match&m=merged
2026-09-01,4808924,2026-09-01T18:20:00+00:00,canceled,US Open Men Singles,"New York, NY",Stadium 17,Thanasi Kokkinakis,28504,Rafael Jodar,667795,match,spread,395,closing,MyBookie,82,1680,Thanasi Kokkinakis,28504,11269093,7.5,-141,1.7092,2026-09-01T15:34:19+00:00,165.683,True,https://www.oddstrader.com/atp/?date=20260901&eid=4808924&g=match&m=spread,https://www.oddstrader.com/atp/?date=20260901&eid=4808924&g=match&m=merged
2026-09-01,4808924,2026-09-01T18:20:00+00:00,canceled,US Open Men Singles,"New York, NY",Stadium 17,Thanasi Kokkinakis,28504,Rafael Jodar,667795,match,spread,395,opening,MyBookie,82,1680,Thanasi Kokkinakis,28504,11219880,6.5,101,2.01,2026-08-28T15:10:28+00:00,5949.533,False,https://www.oddstrader.com/atp/?date=20260901&eid=4808924&g=match&m=spread,https://www.oddstrader.com/atp/?date=20260901&eid=4808924&g=match&m=merged
2026-09-01,4808924,2026-09-01T18:20:00+00:00,canceled,US Open Men Singles,"New York, NY",Stadium 17,Thanasi Kokkinakis,28504,Rafael Jodar,667795,match,spread,395,closing,SportsBetting,131,99,Rafael Jodar,667795,11198235,-7.5,-125,1.8,2026-09-01T15:38:55+00:00,161.083,False,https://www.oddstrader.com/atp/?date=20260901&eid=4808924&g=match&m=spread,https://www.oddstrader.com/atp/?date=20260901&eid=4808924&g=match&m=merged
2026-09-01,4808924,2026-09-01T18:20:00+00:00,canceled,US Open Men Singles,"New York, NY",Stadium 17,Thanasi Kokkinakis,28504,Rafael Jodar,667795,match,spread,395,opening,SportsBetting,131,99,Rafael Jodar,667795,11198235,-7.5,120,2.2,2026-08-28T11:17:04+00:00,6182.933,False,https://www.oddstrader.com/atp/?date=20260901&eid=4808924&g=match&m=spread,https://www.oddstrader.com/atp/?date=20260901&eid=4808924&g=match&m=merged
2026-09-01,4808924,2026-09-01T18:20:00+00:00,canceled,US Open Men Singles,"New York, NY",Stadium 17,Thanasi Kokkinakis,28504,Rafael Jodar,667795,match,spread,395,closing,SportsBetting,131,99,Thanasi Kokkinakis,28504,11269093,7.5,105,2.05,2026-09-01T15:38:55+00:00,161.083,False,https://www.oddstrader.com/atp/?date=20260901&eid=4808924&g=match&m=spread,https://www.oddstrader.com/atp/?date=20260901&eid=4808924&g=match&m=merged
2026-09-01,4808924,2026-09-01T18:20:00+00:00,canceled,US Open Men Singles,"New York, NY",Stadium 17,Thanasi Kokkinakis,28504,Rafael Jodar,667795,match,spread,395,opening,SportsBetting,131,99,Thanasi Kokkinakis,28504,11269093,7.5,-140,1.7143,2026-08-28T11:17:04+00:00,6182.933,False,https://www.oddstrader.com/atp/?date=20260901&eid=4808924&g=match&m=spread,https://www.oddstrader.com/atp/?date=20260901&eid=4808924&g=match&m=merged
2026-09-01,4808924,2026-09-01T18:20:00+00:00,canceled,US Open Men Singles,"New York, NY",Stadium 17,Thanasi Kokkinakis,28504,Rafael Jodar,667795,match,total,396,closing,Bet105,130,3174,option_15143,15143,119603,32,-111,1.901,2026-09-01T15:15:39+00:00,184.35,True,https://www.oddstrader.com/atp/?date=20260901&eid=4808924&g=match&m=total,https://www.oddstrader.com/atp/?date=20260901&eid=4808924&g=match&m=merged
2026-09-01,4808924,2026-09-01T18:20:00+00:00,canceled,US Open Men Singles,"New York, NY",Stadium 17,Thanasi Kokkinakis,28504,Rafael Jodar,667795,match,total,396,opening,Bet105,130,3174,option_15143,15143,119606,33.5,-111,1.901,2026-08-28T11:01:57+00:00,6198.05,False,https://www.oddstrader.com/atp/?date=20260901&eid=4808924&g=match&m=total,https://www.oddstrader.com/atp/?date=20260901&eid=4808924&g=match&m=merged
2026-09-01,4808924,2026-09-01T18:20:00+00:00,canceled,US Open Men Singles,"New York, NY",Stadium 17,Thanasi Kokkinakis,28504,Rafael Jodar,667795,match,total,396,closing,Bet105,130,3174,option_15144,15144,119673,32,-105,1.952,2026-09-01T15:15:39+00:00,184.35,True,https://www.oddstrader.com/atp/?date=20260901&eid=4808924&g=match&m=total,https://www.oddstrader.com/atp/?date=20260901&eid=4808924&g=match&m=merged
2026-09-01,4808924,2026-09-01T18:20:00+00:00,canceled,US Open Men Singles,"New York, NY",Stadium 17,Thanasi Kokkinakis,28504,Rafael Jodar,667795,match,total,396,opening,Bet105,130,3174,option_15144,15144,119676,33.5,-107,1.935,2026-08-28T11:01:57+00:00,6198.05,False,https://www.oddstrader.com/atp/?date=20260901&eid=4808924&g=match&m=total,https://www.oddstrader.com/atp/?date=20260901&eid=4808924&g=match&m=merged
2026-09-01,4808924,2026-09-01T18:20:00+00:00,canceled,US Open Men Singles,"New York, NY",Stadium 17,Thanasi Kokkinakis,28504,Rafael Jodar,667795,match,total,396,closing,BetAnything,123,1061,option_15143,15143,119603,32,-115,1.8696,2026-09-01T07:36:55+00:00,643.083,False,https://www.oddstrader.com/atp/?date=20260901&eid=4808924&g=match&m=total,https://www.oddstrader.com/atp/?date=20260901&eid=4808924&g=match&m=merged
2026-09-01,4808924,2026-09-01T18:20:00+00:00,canceled,US Open Men Singles,"New York, NY",Stadium 17,Thanasi Kokkinakis,28504,Rafael Jodar,667795,match,total,396,opening,BetAnything,123,1061,option_15143,15143,119606,33.5,-119,1.8403,2026-08-28T13:47:30+00:00,6032.5,False,https://www.oddstrader.com/atp/?date=20260901&eid=4808924&g=match&m=total,https://www.oddstrader.com/atp/?date=20260901&eid=4808924&g=match&m=merged
2026-09-01,4808924,2026-09-01T18:20:00+00:00,canceled,US Open Men Singles,"New York, NY",Stadium 17,Thanasi Kokkinakis,28504,Rafael Jodar,667795,match,total,396,closing,BetAnything,123,1061,option_15144,15144,119673,32,-115,1.8696,2026-09-01T07:36:55+00:00,643.083,False,https://www.oddstrader.com/atp/?date=20260901&eid=4808924&g=match&m=total,https://www.oddstrader.com/atp/?date=20260901&eid=4808924&g=match&m=merged
2026-09-01,4808924,2026-09-01T18:20:00+00:00,canceled,US Open Men Singles,"New York, NY",Stadium 17,Thanasi Kokkinakis,28504,Rafael Jodar,667795,match,total,396,opening,BetAnything,123,1061,option_15144,15144,119676,33.5,-111,1.9009,2026-08-28T13:47:30+00:00,6032.5,False,https://www.oddstrader.com/atp/?date=20260901&eid=4808924&g=match&m=total,https://www.oddstrader.com/atp/?date=20260901&eid=4808924&g=match&m=merged
2026-09-01,4808924,2026-09-01T18:20:00+00:00,canceled,US Open Men Singles,"New York, NY",Stadium 17,Thanasi Kokkinakis,28504,Rafael Jodar,667795,match,total,396,closing,BetOnline,8,1096,option_15143,15143,119602,31.5,-110,1.9091,2026-09-01T15:38:55+00:00,161.083,True,https://www.oddstrader.com/atp/?date=20260901&eid=4808924&g=match&m=total,https://www.oddstrader.com/atp/?date=20260901&eid=4808924&g=match&m=merged
2026-09-01,4808924,2026-09-01T18:20:00+00:00,canceled,US Open Men Singles,"New York, NY",Stadium 17,Thanasi Kokkinakis,28504,Rafael Jodar,667795,match,total,396,opening,BetOnline,8,1096,option_15143,15143,119606,33.5,-108,1.9259,2026-08-28T11:17:04+00:00,6182.933,False,https://www.oddstrader.com/atp/?date=20260901&eid=4808924&g=match&m=total,https://www.oddstrader.com/atp/?date=20260901&eid=4808924&g=match&m=merged
2026-09-01,4808924,2026-09-01T18:20:00+00:00,canceled,US Open Men Singles,"New York, NY",Stadium 17,Thanasi Kokkinakis,28504,Rafael Jodar,667795,match,total,396,closing,BetOnline,8,1096,option_15144,15144,119672,31.5,-110,1.9091,2026-09-01T15:38:55+00:00,161.083,True,https://www.oddstrader.com/atp/?date=20260901&eid=4808924&g=match&m=total,https://www.oddstrader.com/atp/?date=20260901&eid=4808924&g=match&m=merged
2026-09-01,4808924,2026-09-01T18:20:00+00:00,canceled,US Open Men Singles,"New York, NY",Stadium 17,Thanasi Kokkinakis,28504,Rafael Jodar,667795,match,total,396,opening,BetOnline,8,1096,option_15144,15144,119676,33.5,-112,1.8929,2026-08-28T11:17:04+00:00,6182.933,False,https://www.oddstrader.com/atp/?date=20260901&eid=4808924&g=match&m=total,https://www.oddstrader.com/atp/?date=20260901&eid=4808924&g=match&m=merged
2026-09-01,4808924,2026-09-01T18:20:00+00:00,canceled,US Open Men Singles,"New York, NY",Stadium 17,Thanasi Kokkinakis,28504,Rafael Jodar,667795,match,total,396,closing,Bookmaker,10,93,option_15143,15143,119605,33,-112,1.8929,2026-08-29T15:10:19+00:00,4509.683,False,https://www.oddstrader.com/atp/?date=20260901&eid=4808924&g=match&m=total,https://www.oddstrader.com/atp/?date=20260901&eid=4808924&g=match&m=merged
2026-09-01,4808924,2026-09-01T18:20:00+00:00,canceled,US Open Men Singles,"New York, NY",Stadium 17,Thanasi Kokkinakis,28504,Rafael Jodar,667795,match,total,396,opening,Bookmaker,10,93,option_15143,15143,119606,33.5,-110,1.9091,2026-08-28T11:15:30+00:00,6184.5,False,https://www.oddstrader.com/atp/?date=20260901&eid=4808924&g=match&m=total,https://www.oddstrader.com/atp/?date=20260901&eid=4808924&g=match&m=merged
2026-09-01,4808924,2026-09-01T18:20:00+00:00,canceled,US Open Men Singles,"New York, NY",Stadium 17,Thanasi Kokkinakis,28504,Rafael Jodar,667795,match,total,396,closing,Bookmaker,10,93,option_15144,15144,119675,33,-109,1.9174,2026-08-29T15:10:19+00:00,4509.683,False,https://www.oddstrader.com/atp/?date=20260901&eid=4808924&g=match&m=total,https://www.oddstrader.com/atp/?date=20260901&eid=4808924&g=match&m=merged
2026-09-01,4808924,2026-09-01T18:20:00+00:00,canceled,US Open Men Singles,"New York, NY",Stadium 17,Thanasi Kokkinakis,28504,Rafael Jodar,667795,match,total,396,opening,Bookmaker,10,93,option_15144,15144,119676,33.5,-111,1.9009,2026-08-28T11:15:30+00:00,6184.5,False,https://www.oddstrader.com/atp/?date=20260901&eid=4808924&g=match&m=total,https://www.oddstrader.com/atp/?date=20260901&eid=4808924&g=match&m=merged
2026-09-01,4808924,2026-09-01T18:20:00+00:00,canceled,US Open Men Singles,"New York, NY",Stadium 17,Thanasi Kokkinakis,28504,Rafael Jodar,667795,match,total,396,closing,Bovada,9,1618,option_15143,15143,119604,32.5,-115,1.87,2026-09-01T15:36:05+00:00,163.917,True,https://www.oddstrader.com/atp/?date=20260901&eid=4808924&g=match&m=total,https://www.oddstrader.com/atp/?date=20260901&eid=4808924&g=match&m=merged
2026-09-01,4808924,2026-09-01T18:20:00+00:00,canceled,US Open Men Singles,"New York, NY",Stadium 17,Thanasi Kokkinakis,28504,Rafael Jodar,667795,match,total,396,opening,Bovada,9,1618,option_15143,15143,119606,33.5,-115,1.87,2026-08-27T21:11:04+00:00,7028.933,False,https://www.oddstrader.com/atp/?date=20260901&eid=4808924&g=match&m=total,https://www.oddstrader.com/atp/?date=20260901&eid=4808924&g=match&m=merged
2026-09-01,4808924,2026-09-01T18:20:00+00:00,canceled,US Open Men Singles,"New York, NY",Stadium 17,Thanasi Kokkinakis,28504,Rafael Jodar,667795,match,total,396,closing,Bovada,9,1618,option_15144,15144,119674,32.5,-115,1.87,2026-09-01T15:36:05+00:00,163.917,True,https://www.oddstrader.com/atp/?date=20260901&eid=4808924&g=match&m=total,https://www.oddstrader.com/atp/?date=20260901&eid=4808924&g=match&m=merged
2026-09-01,4808924,2026-09-01T18:20:00+00:00,canceled,US Open Men Singles,"New York, NY",Stadium 17,Thanasi Kokkinakis,28504,Rafael Jodar,667795,match,total,396,opening,Bovada,9,1618,option_15144,15144,119676,33.5,-115,1.87,2026-08-27T21:11:04+00:00,7028.933,False,https://www.oddstrader.com/atp/?date=20260901&eid=4808924&g=match&m=total,https://www.oddstrader.com/atp/?date=20260901&eid=4808924&g=match&m=merged
2026-09-01,4808924,2026-09-01T18:20:00+00:00,canceled,US Open Men Singles,"New York, NY",Stadium 17,Thanasi Kokkinakis,28504,Rafael Jodar,667795,match,total,396,closing,Everygame,29,180,option_15143,15143,119604,32.5,-118,1.85,2026-09-01T15:19:13+00:00,180.783,False,https://www.oddstrader.com/atp/?date=20260901&eid=4808924&g=match&m=total,https://www.oddstrader.com/atp/?date=20260901&eid=4808924&g=match&m=merged
2026-09-01,4808924,2026-09-01T18:20:00+00:00,canceled,US Open Men Singles,"New York, NY",Stadium 17,Thanasi Kokkinakis,28504,Rafael Jodar,667795,match,total,396,opening,Everygame,29,180,option_15143,15143,119606,33.5,-118,1.85,2026-08-28T19:55:24+00:00,5664.6,False,https://www.oddstrader.com/atp/?date=20260901&eid=4808924&g=match&m=total,https://www.oddstrader.com/atp/?date=20260901&eid=4808924&g=match&m=merged
2026-09-01,4808924,2026-09-01T18:20:00+00:00,canceled,US Open Men Singles,"New York, NY",Stadium 17,Thanasi Kokkinakis,28504,Rafael Jodar,667795,match,total,396,closing,Everygame,29,180,option_15144,15144,119674,32.5,-118,1.85,2026-09-01T15:19:13+00:00,180.783,False,https://www.oddstrader.com/atp/?date=20260901&eid=4808924&g=match&m=total,https://www.oddstrader.com/atp/?date=20260901&eid=4808924&g=match&m=merged
2026-09-01,4808924,2026-09-01T18:20:00+00:00,canceled,US Open Men Singles,"New York, NY",Stadium 17,Thanasi Kokkinakis,28504,Rafael Jodar,667795,match,total,396,opening,Everygame,29,180,option_15144,15144,119676,33.5,-118,1.85,2026-08-28T19:55:24+00:00,5664.6,False,https://www.oddstrader.com/atp/?date=20260901&eid=4808924&g=match&m=total,https://www.oddstrader.com/atp/?date=20260901&eid=4808924&g=match&m=merged
2026-09-01,4808924,2026-09-01T18:20:00+00:00,canceled,US Open Men Singles,"New York, NY",Stadium 17,Thanasi Kokkinakis,28504,Rafael Jodar,667795,match,total,396,closing,Heritage,44,169,option_15143,15143,119604,32.5,-122,1.82,2026-09-01T15:14:08+00:00,185.867,False,https://www.oddstrader.com/atp/?date=20260901&eid=4808924&g=match&m=total,https://www.oddstrader.com/atp/?date=20260901&eid=4808924&g=match&m=merged
2026-09-01,4808924,2026-09-01T18:20:00+00:00,canceled,US Open Men Singles,"New York, NY",Stadium 17,Thanasi Kokkinakis,28504,Rafael Jodar,667795,match,total,396,opening,Heritage,44,169,option_15143,15143,119608,34.5,-117,1.855,2026-08-27T21:55:57+00:00,6984.05,False,https://www.oddstrader.com/atp/?date=20260901&eid=4808924&g=match&m=total,https://www.oddstrader.com/atp/?date=20260901&eid=4808924&g=match&m=merged
2026-09-01,4808924,2026-09-01T18:20:00+00:00,canceled,US Open Men Singles,"New York, NY",Stadium 17,Thanasi Kokkinakis,28504,Rafael Jodar,667795,match,total,396,closing,Heritage,44,169,option_15144,15144,119674,32.5,-118,1.847,2026-09-01T15:29:58+00:00,170.033,False,https://www.oddstrader.com/atp/?date=20260901&eid=4808924&g=match&m=total,https://www.oddstrader.com/atp/?date=20260901&eid=4808924&g=match&m=merged
2026-09-01,4808924,2026-09-01T18:20:00+00:00,canceled,US Open Men Singles,"New York, NY",Stadium 17,Thanasi Kokkinakis,28504,Rafael Jodar,667795,match,total,396,opening,Heritage,44,169,option_15144,15144,119678,34.5,-117,1.855,2026-08-27T21:55:57+00:00,6984.05,False,https://www.oddstrader.com/atp/?date=20260901&eid=4808924&g=match&m=total,https://www.oddstrader.com/atp/?date=20260901&eid=4808924&g=match&m=merged
2026-09-01,4808924,2026-09-01T18:20:00+00:00,canceled,US Open Men Singles,"New York, NY",Stadium 17,Thanasi Kokkinakis,28504,Rafael Jodar,667795,match,total,396,closing,JustBet,16,1275,option_15143,15143,119605,33,-112,1.8929,2026-08-29T15:10:19+00:00,4509.683,False,https://www.oddstrader.com/atp/?date=20260901&eid=4808924&g=match&m=total,https://www.oddstrader.com/atp/?date=20260901&eid=4808924&g=match&m=merged
2026-09-01,4808924,2026-09-01T18:20:00+00:00,canceled,US Open Men Singles,"New York, NY",Stadium 17,Thanasi Kokkinakis,28504,Rafael Jodar,667795,match,total,396,opening,JustBet,16,1275,option_15143,15143,119606,33.5,-110,1.9091,2026-08-28T11:15:29+00:00,6184.517,False,https://www.oddstrader.com/atp/?date=20260901&eid=4808924&g=match&m=total,https://www.oddstrader.com/atp/?date=20260901&eid=4808924&g=match&m=merged
2026-09-01,4808924,2026-09-01T18:20:00+00:00,canceled,US Open Men Singles,"New York, NY",Stadium 17,Thanasi Kokkinakis,28504,Rafael Jodar,667795,match,total,396,closing,JustBet,16,1275,option_15144,15144,119675,33,-109,1.9174,2026-08-29T15:10:19+00:00,4509.683,False,https://www.oddstrader.com/atp/?date=20260901&eid=4808924&g=match&m=total,https://www.oddstrader.com/atp/?date=20260901&eid=4808924&g=match&m=merged
2026-09-01,4808924,2026-09-01T18:20:00+00:00,canceled,US Open Men Singles,"New York, NY",Stadium 17,Thanasi Kokkinakis,28504,Rafael Jodar,667795,match,total,396,opening,JustBet,16,1275,option_15144,15144,119676,33.5,-111,1.9009,2026-08-28T11:15:29+00:00,6184.517,False,https://www.oddstrader.com/atp/?date=20260901&eid=4808924&g=match&m=total,https://www.oddstrader.com/atp/?date=20260901&eid=4808924&g=match&m=merged
2026-09-01,4808924,2026-09-01T18:20:00+00:00,canceled,US Open Men Singles,"New York, NY",Stadium 17,Thanasi Kokkinakis,28504,Rafael Jodar,667795,match,total,396,closing,MyBookie,82,1680,option_15143,15143,119604,32.5,-120,1.8333,2026-09-01T15:34:19+00:00,165.683,True,https://www.oddstrader.com/atp/?date=20260901&eid=4808924&g=match&m=total,https://www.oddstrader.com/atp/?date=20260901&eid=4808924&g=match&m=merged
2026-09-01,4808924,2026-09-01T18:20:00+00:00,canceled,US Open Men Singles,"New York, NY",Stadium 17,Thanasi Kokkinakis,28504,Rafael Jodar,667795,match,total,396,opening,MyBookie,82,1680,option_15143,15143,119606,33.5,-119,1.8403,2026-08-28T15:10:28+00:00,5949.533,False,https://www.oddstrader.com/atp/?date=20260901&eid=4808924&g=match&m=total,https://www.oddstrader.com/atp/?date=20260901&eid=4808924&g=match&m=merged
2026-09-01,4808924,2026-09-01T18:20:00+00:00,canceled,US Open Men Singles,"New York, NY",Stadium 17,Thanasi Kokkinakis,28504,Rafael Jodar,667795,match,total,396,closing,MyBookie,82,1680,option_15144,15144,119674,32.5,-115,1.8696,2026-09-01T15:34:19+00:00,165.683,True,https://www.oddstrader.com/atp/?date=20260901&eid=4808924&g=match&m=total,https://www.oddstrader.com/atp/?date=20260901&eid=4808924&g=match&m=merged
2026-09-01,4808924,2026-09-01T18:20:00+00:00,canceled,US Open Men Singles,"New York, NY",Stadium 17,Thanasi Kokkinakis,28504,Rafael Jodar,667795,match,total,396,opening,MyBookie,82,1680,option_15144,15144,119676,33.5,-120,1.8333,2026-08-28T15:10:28+00:00,5949.533,False,https://www.oddstrader.com/atp/?date=20260901&eid=4808924&g=match&m=total,https://www.oddstrader.com/atp/?date=20260901&eid=4808924&g=match&m=merged
2026-09-01,4808924,2026-09-01T18:20:00+00:00,canceled,US Open Men Singles,"New York, NY",Stadium 17,Thanasi Kokkinakis,28504,Rafael Jodar,667795,match,total,396,closing,SportsBetting,131,99,option_15143,15143,119602,31.5,-110,1.9091,2026-09-01T15:38:55+00:00,161.083,False,https://www.oddstrader.com/atp/?date=20260901&eid=4808924&g=match&m=total,https://www.oddstrader.com/atp/?date=20260901&eid=4808924&g=match&m=merged
2026-09-01,4808924,2026-09-01T18:20:00+00:00,canceled,US Open Men Singles,"New York, NY",Stadium 17,Thanasi Kokkinakis,28504,Rafael Jodar,667795,match,total,396,opening,SportsBetting,131,99,option_15143,15143,119606,33.5,-108,1.9259,2026-08-28T11:17:04+00:00,6182.933,False,https://www.oddstrader.com/atp/?date=20260901&eid=4808924&g=match&m=total,https://www.oddstrader.com/atp/?date=20260901&eid=4808924&g=match&m=merged
2026-09-01,4808924,2026-09-01T18:20:00+00:00,canceled,US Open Men Singles,"New York, NY",Stadium 17,Thanasi Kokkinakis,28504,Rafael Jodar,667795,match,total,396,closing,SportsBetting,131,99,option_15144,15144,119672,31.5,-110,1.9091,2026-09-01T15:38:55+00:00,161.083,False,https://www.oddstrader.com/atp/?date=20260901&eid=4808924&g=match&m=total,https://www.oddstrader.com/atp/?date=20260901&eid=4808924&g=match&m=merged
2026-09-01,4808924,2026-09-01T18:20:00+00:00,canceled,US Open Men Singles,"New York, NY",Stadium 17,Thanasi Kokkinakis,28504,Rafael Jodar,667795,match,total,396,opening,SportsBetting,131,99,option_15144,15144,119676,33.5,-112,1.8929,2026-08-28T11:17:04+00:00,6182.933,False,https://www.oddstrader.com/atp/?date=20260901&eid=4808924&g=match&m=total,https://www.oddstrader.com/atp/?date=20260901&eid=4808924&g=match&m=merged
2026-09-01,4808924,2026-09-01T18:20:00+00:00,canceled,US Open Men Singles,"New York, NY",Stadium 17,Thanasi Kokkinakis,28504,Rafael Jodar,667795,match,winner,126,closing,Bet105,130,3174,Rafael Jodar,667795,11193360,0,-940,1.106,2026-09-01T15:05:20+00:00,194.667,True,https://www.oddstrader.com/atp/?date=20260901&eid=4808924&g=match&m=winner,https://www.oddstrader.com/atp/?date=20260901&eid=4808924&g=match&m=merged
2026-09-01,4808924,2026-09-01T18:20:00+00:00,canceled,US Open Men Singles,"New York, NY",Stadium 17,Thanasi Kokkinakis,28504,Rafael Jodar,667795,match,winner,126,opening,Bet105,130,3174,Rafael Jodar,667795,11193360,0,-698,1.143,2026-08-28T11:01:57+00:00,6198.05,False,https://www.oddstrader.com/atp/?date=20260901&eid=4808924&g=match&m=winner,https://www.oddstrader.com/atp/?date=20260901&eid=4808924&g=match&m=merged
2026-09-01,4808924,2026-09-01T18:20:00+00:00,canceled,US Open Men Singles,"New York, NY",Stadium 17,Thanasi Kokkinakis,28504,Rafael Jodar,667795,match,winner,126,closing,Bet105,130,3174,Thanasi Kokkinakis,28504,10916838,0,633,7.33,2026-09-01T15:05:20+00:00,194.667,True,https://www.oddstrader.com/atp/?date=20260901&eid=4808924&g=match&m=winner,https://www.oddstrader.com/atp/?date=20260901&eid=4808924&g=match&m=merged
2026-09-01,4808924,2026-09-01T18:20:00+00:00,canceled,US Open Men Singles,"New York, NY",Stadium 17,Thanasi Kokkinakis,28504,Rafael Jodar,667795,match,winner,126,opening,Bet105,130,3174,Thanasi Kokkinakis,28504,10916838,0,497,5.97,2026-08-28T11:01:57+00:00,6198.05,False,https://www.oddstrader.com/atp/?date=20260901&eid=4808924&g=match&m=winner,https://www.oddstrader.com/atp/?date=20260901&eid=4808924&g=match&m=merged
2026-09-01,4808924,2026-09-01T18:20:00+00:00,canceled,US Open Men Singles,"New York, NY",Stadium 17,Thanasi Kokkinakis,28504,Rafael Jodar,667795,match,winner,126,closing,BetAnything,123,1061,Rafael Jodar,667795,11193360,0,-950,1.1053,2026-09-01T14:44:35+00:00,215.417,False,https://www.oddstrader.com/atp/?date=20260901&eid=4808924&g=match&m=winner,https://www.oddstrader.com/atp/?date=20260901&eid=4808924&g=match&m=merged
2026-09-01,4808924,2026-09-01T18:20:00+00:00,canceled,US Open Men Singles,"New York, NY",Stadium 17,Thanasi Kokkinakis,28504,Rafael Jodar,667795,match,winner,126,opening,BetAnything,123,1061,Rafael Jodar,667795,11193360,0,-775,1.129,2026-08-28T13:47:30+00:00,6032.5,False,https://www.oddstrader.com/atp/?date=20260901&eid=4808924&g=match&m=winner,https://www.oddstrader.com/atp/?date=20260901&eid=4808924&g=match&m=merged
2026-09-01,4808924,2026-09-01T18:20:00+00:00,canceled,US Open Men Singles,"New York, NY",Stadium 17,Thanasi Kokkinakis,28504,Rafael Jodar,667795,match,winner,126,closing,BetAnything,123,1061,Thanasi Kokkinakis,28504,10916838,0,570,6.7,2026-09-01T14:44:35+00:00,215.417,False,https://www.oddstrader.com/atp/?date=20260901&eid=4808924&g=match&m=winner,https://www.oddstrader.com/atp/?date=20260901&eid=4808924&g=match&m=merged
2026-09-01,4808924,2026-09-01T18:20:00+00:00,canceled,US Open Men Singles,"New York, NY",Stadium 17,Thanasi Kokkinakis,28504,Rafael Jodar,667795,match,winner,126,opening,BetAnything,123,1061,Thanasi Kokkinakis,28504,10916838,0,500,6,2026-08-28T13:47:30+00:00,6032.5,False,https://www.oddstrader.com/atp/?date=20260901&eid=4808924&g=match&m=winner,https://www.oddstrader.com/atp/?date=20260901&eid=4808924&g=match&m=merged
2026-09-01,4808924,2026-09-01T18:20:00+00:00,canceled,US Open Men Singles,"New York, NY",Stadium 17,Thanasi Kokkinakis,28504,Rafael Jodar,667795,match,winner,126,closing,BetOnline,8,1096,Rafael Jodar,667795,11193360,0,-1391,1.0719,2026-09-01T15:38:55+00:00,161.083,True,https://www.oddstrader.com/atp/?date=20260901&eid=4808924&g=match&m=winner,https://www.oddstrader.com/atp/?date=20260901&eid=4808924&g=match&m=merged
2026-09-01,4808924,2026-09-01T18:20:00+00:00,canceled,US Open Men Singles,"New York, NY",Stadium 17,Thanasi Kokkinakis,28504,Rafael Jodar,667795,match,winner,126,opening,BetOnline,8,1096,Rafael Jodar,667795,11193360,0,-700,1.1429,2026-08-28T11:17:04+00:00,6182.933,False,https://www.oddstrader.com/atp/?date=20260901&eid=4808924&g=match&m=winner,https://www.oddstrader.com/atp/?date=20260901&eid=4808924&g=match&m=merged
2026-09-01,4808924,2026-09-01T18:20:00+00:00,canceled,US Open Men Singles,"New York, NY",Stadium 17,Thanasi Kokkinakis,28504,Rafael Jodar,667795,match,winner,126,closing,BetOnline,8,1096,Thanasi Kokkinakis,28504,10916838,0,816,9.16,2026-09-01T15:38:55+00:00,161.083,True,https://www.oddstrader.com/atp/?date=20260901&eid=4808924&g=match&m=winner,https://www.oddstrader.com/atp/?date=20260901&eid=4808924&g=match&m=merged
2026-09-01,4808924,2026-09-01T18:20:00+00:00,canceled,US Open Men Singles,"New York, NY",Stadium 17,Thanasi Kokkinakis,28504,Rafael Jodar,667795,match,winner,126,opening,BetOnline,8,1096,Thanasi Kokkinakis,28504,10916838,0,520,6.2,2026-08-28T11:17:04+00:00,6182.933,False,https://www.oddstrader.com/atp/?date=20260901&eid=4808924&g=match&m=winner,https://www.oddstrader.com/atp/?date=20260901&eid=4808924&g=match&m=merged
2026-09-01,4808924,2026-09-01T18:20:00+00:00,canceled,US Open Men Singles,"New York, NY",Stadium 17,Thanasi Kokkinakis,28504,Rafael Jodar,667795,match,winner,126,closing,Bookmaker,10,93,Rafael Jodar,667795,11193360,0,-909,1.11,2026-08-29T14:02:43+00:00,4577.283,False,https://www.oddstrader.com/atp/?date=20260901&eid=4808924&g=match&m=winner,https://www.oddstrader.com/atp/?date=20260901&eid=4808924&g=match&m=merged
2026-09-01,4808924,2026-09-01T18:20:00+00:00,canceled,US Open Men Singles,"New York, NY",Stadium 17,Thanasi Kokkinakis,28504,Rafael Jodar,667795,match,winner,126,opening,Bookmaker,10,93,Rafael Jodar,667795,11193360,0,-833,1.12,2026-08-27T23:57:18+00:00,6862.7,False,https://www.oddstrader.com/atp/?date=20260901&eid=4808924&g=match&m=winner,https://www.oddstrader.com/atp/?date=20260901&eid=4808924&g=match&m=merged
2026-09-01,4808924,2026-09-01T18:20:00+00:00,canceled,US Open Men Singles,"New York, NY",Stadium 17,Thanasi Kokkinakis,28504,Rafael Jodar,667795,match,winner,126,closing,Bookmaker,10,93,Thanasi Kokkinakis,28504,10916838,0,575,6.75,2026-08-29T21:13:29+00:00,4146.517,False,https://www.oddstrader.com/atp/?date=20260901&eid=4808924&g=match&m=winner,https://www.oddstrader.com/atp/?date=20260901&eid=4808924&g=match&m=merged
2026-09-01,4808924,2026-09-01T18:20:00+00:00,canceled,US Open Men Singles,"New York, NY",Stadium 17,Thanasi Kokkinakis,28504,Rafael Jodar,667795,match,winner,126,opening,Bookmaker,10,93,Thanasi Kokkinakis,28504,10916838,0,533,6.33,2026-08-27T23:57:18+00:00,6862.7,False,https://www.oddstrader.com/atp/?date=20260901&eid=4808924&g=match&m=winner,https://www.oddstrader.com/atp/?date=20260901&eid=4808924&g=match&m=merged
2026-09-01,4808924,2026-09-01T18:20:00+00:00,canceled,US Open Men Singles,"New York, NY",Stadium 17,Thanasi Kokkinakis,28504,Rafael Jodar,667795,match,winner,126,closing,Bovada,9,1618,Rafael Jodar,667795,11193360,0,-1600,1.0625,2026-09-01T15:48:57+00:00,151.05,True,https://www.oddstrader.com/atp/?date=20260901&eid=4808924&g=match&m=winner,https://www.oddstrader.com/atp/?date=20260901&eid=4808924&g=match&m=merged
2026-09-01,4808924,2026-09-01T18:20:00+00:00,canceled,US Open Men Singles,"New York, NY",Stadium 17,Thanasi Kokkinakis,28504,Rafael Jodar,667795,match,winner,126,opening,Bovada,9,1618,Rafael Jodar,667795,11193360,0,-700,1.1429,2026-08-27T19:22:22+00:00,7137.633,False,https://www.oddstrader.com/atp/?date=20260901&eid=4808924&g=match&m=winner,https://www.oddstrader.com/atp/?date=20260901&eid=4808924&g=match&m=merged
2026-09-01,4808924,2026-09-01T18:20:00+00:00,canceled,US Open Men Singles,"New York, NY",Stadium 17,Thanasi Kokkinakis,28504,Rafael Jodar,667795,match,winner,126,closing,Bovada,9,1618,Thanasi Kokkinakis,28504,10916838,0,850,9.5,2026-09-01T15:48:57+00:00,151.05,True,https://www.oddstrader.com/atp/?date=20260901&eid=4808924&g=match&m=winner,https://www.oddstrader.com/atp/?date=20260901&eid=4808924&g=match&m=merged
2026-09-01,4808924,2026-09-01T18:20:00+00:00,canceled,US Open Men Singles,"New York, NY",Stadium 17,Thanasi Kokkinakis,28504,Rafael Jodar,667795,match,winner,126,opening,Bovada,9,1618,Thanasi Kokkinakis,28504,10916838,0,475,5.75,2026-08-27T19:22:22+00:00,7137.633,False,https://www.oddstrader.com/atp/?date=20260901&eid=4808924&g=match&m=winner,https://www.oddstrader.com/atp/?date=20260901&eid=4808924&g=match&m=merged
2026-09-01,4808924,2026-09-01T18:20:00+00:00,canceled,US Open Men Singles,"New York, NY",Stadium 17,Thanasi Kokkinakis,28504,Rafael Jodar,667795,match,winner,126,closing,Everygame,29,180,Rafael Jodar,667795,11193360,0,-1000,1.1,2026-09-01T14:25:20+00:00,234.667,False,https://www.oddstrader.com/atp/?date=20260901&eid=4808924&g=match&m=winner,https://www.oddstrader.com/atp/?date=20260901&eid=4808924&g=match&m=merged
2026-09-01,4808924,2026-09-01T18:20:00+00:00,canceled,US Open Men Singles,"New York, NY",Stadium 17,Thanasi Kokkinakis,28504,Rafael Jodar,667795,match,winner,126,opening,Everygame,29,180,Rafael Jodar,667795,11193360,0,-1000,1.1,2026-08-28T10:37:40+00:00,6222.333,False,https://www.oddstrader.com/atp/?date=20260901&eid=4808924&g=match&m=winner,https://www.oddstrader.com/atp/?date=20260901&eid=4808924&g=match&m=merged
2026-09-01,4808924,2026-09-01T18:20:00+00:00,canceled,US Open Men Singles,"New York, NY",Stadium 17,Thanasi Kokkinakis,28504,Rafael Jodar,667795,match,winner,126,closing,Everygame,29,180,Thanasi Kokkinakis,28504,10916838,0,550,6.5,2026-09-01T14:25:20+00:00,234.667,False,https://www.oddstrader.com/atp/?date=20260901&eid=4808924&g=match&m=winner,https://www.oddstrader.com/atp/?date=20260901&eid=4808924&g=match&m=merged
2026-09-01,4808924,2026-09-01T18:20:00+00:00,canceled,US Open Men Singles,"New York, NY",Stadium 17,Thanasi Kokkinakis,28504,Rafael Jodar,667795,match,winner,126,opening,Everygame,29,180,Thanasi Kokkinakis,28504,10916838,0,550,6.5,2026-08-28T10:37:40+00:00,6222.333,False,https://www.oddstrader.com/atp/?date=20260901&eid=4808924&g=match&m=winner,https://www.oddstrader.com/atp/?date=20260901&eid=4808924&g=match&m=merged
2026-09-01,4808924,2026-09-01T18:20:00+00:00,canceled,US Open Men Singles,"New York, NY",Stadium 17,Thanasi Kokkinakis,28504,Rafael Jodar,667795,match,winner,126,closing,Heritage,44,169,Rafael Jodar,667795,11193360,0,-872,1.115,2026-09-01T15:45:36+00:00,154.4,True,https://www.oddstrader.com/atp/?date=20260901&eid=4808924&g=match&m=winner,https://www.oddstrader.com/atp/?date=20260901&eid=4808924&g=match&m=merged
2026-09-01,4808924,2026-09-01T18:20:00+00:00,canceled,US Open Men Singles,"New York, NY",Stadium 17,Thanasi Kokkinakis,28504,Rafael Jodar,667795,match,winner,126,opening,Heritage,44,169,Rafael Jodar,667795,11193360,0,-785,1.127,2026-08-27T20:13:22+00:00,7086.633,False,https://www.oddstrader.com/atp/?date=20260901&eid=4808924&g=match&m=winner,https://www.oddstrader.com/atp/?date=20260901&eid=4808924&g=match&m=merged
2026-09-01,4808924,2026-09-01T18:20:00+00:00,canceled,US Open Men Singles,"New York, NY",Stadium 17,Thanasi Kokkinakis,28504,Rafael Jodar,667795,match,winner,126,closing,Heritage,44,169,Thanasi Kokkinakis,28504,10916838,0,592,6.92,2026-09-01T15:45:36+00:00,154.4,True,https://www.oddstrader.com/atp/?date=20260901&eid=4808924&g=match&m=winner,https://www.oddstrader.com/atp/?date=20260901&eid=4808924&g=match&m=merged
2026-09-01,4808924,2026-09-01T18:20:00+00:00,canceled,US Open Men Singles,"New York, NY",Stadium 17,Thanasi Kokkinakis,28504,Rafael Jodar,667795,match,winner,126,opening,Heritage,44,169,Thanasi Kokkinakis,28504,10916838,0,507,6.07,2026-08-27T20:13:22+00:00,7086.633,False,https://www.oddstrader.com/atp/?date=20260901&eid=4808924&g=match&m=winner,https://www.oddstrader.com/atp/?date=20260901&eid=4808924&g=match&m=merged
2026-09-01,4808924,2026-09-01T18:20:00+00:00,canceled,US Open Men Singles,"New York, NY",Stadium 17,Thanasi Kokkinakis,28504,Rafael Jodar,667795,match,winner,126,closing,JustBet,16,1275,Rafael Jodar,667795,11193360,0,-909,1.11,2026-08-29T14:02:43+00:00,4577.283,False,https://www.oddstrader.com/atp/?date=20260901&eid=4808924&g=match&m=winner,https://www.oddstrader.com/atp/?date=20260901&eid=4808924&g=match&m=merged
2026-09-01,4808924,2026-09-01T18:20:00+00:00,canceled,US Open Men Singles,"New York, NY",Stadium 17,Thanasi Kokkinakis,28504,Rafael Jodar,667795,match,winner,126,opening,JustBet,16,1275,Rafael Jodar,667795,11193360,0,-833,1.12,2026-08-27T23:57:52+00:00,6862.133,False,https://www.oddstrader.com/atp/?date=20260901&eid=4808924&g=match&m=winner,https://www.oddstrader.com/atp/?date=20260901&eid=4808924&g=match&m=merged
2026-09-01,4808924,2026-09-01T18:20:00+00:00,canceled,US Open Men Singles,"New York, NY",Stadium 17,Thanasi Kokkinakis,28504,Rafael Jodar,667795,match,winner,126,closing,JustBet,16,1275,Thanasi Kokkinakis,28504,10916838,0,575,6.75,2026-08-29T21:13:27+00:00,4146.55,False,https://www.oddstrader.com/atp/?date=20260901&eid=4808924&g=match&m=winner,https://www.oddstrader.com/atp/?date=20260901&eid=4808924&g=match&m=merged
2026-09-01,4808924,2026-09-01T18:20:00+00:00,canceled,US Open Men Singles,"New York, NY",Stadium 17,Thanasi Kokkinakis,28504,Rafael Jodar,667795,match,winner,126,opening,JustBet,16,1275,Thanasi Kokkinakis,28504,10916838,0,533,6.33,2026-08-27T23:57:52+00:00,6862.133,False,https://www.oddstrader.com/atp/?date=20260901&eid=4808924&g=match&m=winner,https://www.oddstrader.com/atp/?date=20260901&eid=4808924&g=match&m=merged
2026-09-01,4808924,2026-09-01T18:20:00+00:00,canceled,US Open Men Singles,"New York, NY",Stadium 17,Thanasi Kokkinakis,28504,Rafael Jodar,667795,match,winner,126,closing,MyBookie,82,1680,Rafael Jodar,667795,11193360,0,-1099,1.091,2026-09-01T15:15:15+00:00,184.75,False,https://www.oddstrader.com/atp/?date=20260901&eid=4808924&g=match&m=winner,https://www.oddstrader.com/atp/?date=20260901&eid=4808924&g=match&m=merged
2026-09-01,4808924,2026-09-01T18:20:00+00:00,canceled,US Open Men Singles,"New York, NY",Stadium 17,Thanasi Kokkinakis,28504,Rafael Jodar,667795,match,winner,126,opening,MyBookie,82,1680,Rafael Jodar,667795,11193360,0,-847,1.1181,2026-08-27T19:52:04+00:00,7107.933,False,https://www.oddstrader.com/atp/?date=20260901&eid=4808924&g=match&m=winner,https://www.oddstrader.com/atp/?date=20260901&eid=4808924&g=match&m=merged
2026-09-01,4808924,2026-09-01T18:20:00+00:00,canceled,US Open Men Singles,"New York, NY",Stadium 17,Thanasi Kokkinakis,28504,Rafael Jodar,667795,match,winner,126,closing,MyBookie,82,1680,Thanasi Kokkinakis,28504,10916838,0,630,7.3,2026-09-01T15:34:19+00:00,165.683,True,https://www.oddstrader.com/atp/?date=20260901&eid=4808924&g=match&m=winner,https://www.oddstrader.com/atp/?date=20260901&eid=4808924&g=match&m=merged
2026-09-01,4808924,2026-09-01T18:20:00+00:00,canceled,US Open Men Singles,"New York, NY",Stadium 17,Thanasi Kokkinakis,28504,Rafael Jodar,667795,match,winner,126,opening,MyBookie,82,1680,Thanasi Kokkinakis,28504,10916838,0,430,5.3,2026-08-27T19:52:04+00:00,7107.933,False,https://www.oddstrader.com/atp/?date=20260901&eid=4808924&g=match&m=winner,https://www.oddstrader.com/atp/?date=20260901&eid=4808924&g=match&m=merged
2026-09-01,4808924,2026-09-01T18:20:00+00:00,canceled,US Open Men Singles,"New York, NY",Stadium 17,Thanasi Kokkinakis,28504,Rafael Jodar,667795,match,winner,126,closing,SportsBetting,131,99,Rafael Jodar,667795,11193360,0,-1391,1.0719,2026-09-01T15:38:55+00:00,161.083,False,https://www.oddstrader.com/atp/?date=20260901&eid=4808924&g=match&m=winner,https://www.oddstrader.com/atp/?date=20260901&eid=4808924&g=match&m=merged
2026-09-01,4808924,2026-09-01T18:20:00+00:00,canceled,US Open Men Singles,"New York, NY",Stadium 17,Thanasi Kokkinakis,28504,Rafael Jodar,667795,match,winner,126,opening,SportsBetting,131,99,Rafael Jodar,667795,11193360,0,-700,1.1429,2026-08-28T11:17:04+00:00,6182.933,False,https://www.oddstrader.com/atp/?date=20260901&eid=4808924&g=match&m=winner,https://www.oddstrader.com/atp/?date=20260901&eid=4808924&g=match&m=merged
2026-09-01,4808924,2026-09-01T18:20:00+00:00,canceled,US Open Men Singles,"New York, NY",Stadium 17,Thanasi Kokkinakis,28504,Rafael Jodar,667795,match,winner,126,closing,SportsBetting,131,99,Thanasi Kokkinakis,28504,10916838,0,816,9.16,2026-09-01T15:38:55+00:00,161.083,False,https://www.oddstrader.com/atp/?date=20260901&eid=4808924&g=match&m=winner,https://www.oddstrader.com/atp/?date=20260901&eid=4808924&g=match&m=merged
2026-09-01,4808924,2026-09-01T18:20:00+00:00,canceled,US Open Men Singles,"New York, NY",Stadium 17,Thanasi Kokkinakis,28504,Rafael Jodar,667795,match,winner,126,opening,SportsBetting,131,99,Thanasi Kokkinakis,28504,10916838,0,520,6.2,2026-08-28T11:17:04+00:00,6182.933,False,https://www.oddstrader.com/atp/?date=20260901&eid=4808924&g=match&m=winner,https://www.oddstrader.com/atp/?date=20260901&eid=4808924&g=match&m=merged
2026-09-01,4808928,2026-09-01T18:45:00+00:00,retired,US Open Men Singles,"New York, NY",Court 7,Corentin Moutet,41223,Dane Sweeny,72995,1st-set,winner,279,closing,BetOnline,8,1096,Corentin Moutet,41223,10916861,0,-195,1.5128,2026-09-01T03:12:41+00:00,932.317,False,https://www.oddstrader.com/atp/?date=20260901&eid=4808928&g=1st-set&m=winner,https://www.oddstrader.com/atp/?date=20260901&eid=4808928&g=1st-set&m=merged
2026-09-01,4808928,2026-09-01T18:45:00+00:00,retired,US Open Men Singles,"New York, NY",Court 7,Corentin Moutet,41223,Dane Sweeny,72995,1st-set,winner,279,opening,BetOnline,8,1096,Corentin Moutet,41223,10916861,0,-220,1.4545,2026-08-28T13:19:43+00:00,6085.283,False,https://www.oddstrader.com/atp/?date=20260901&eid=4808928&g=1st-set&m=winner,https://www.oddstrader.com/atp/?date=20260901&eid=4808928&g=1st-set&m=merged
2026-09-01,4808928,2026-09-01T18:45:00+00:00,retired,US Open Men Singles,"New York, NY",Court 7,Corentin Moutet,41223,Dane Sweeny,72995,1st-set,winner,279,closing,BetOnline,8,1096,Dane Sweeny,72995,11211973,0,170,2.7,2026-09-01T03:12:41+00:00,932.317,False,https://www.oddstrader.com/atp/?date=20260901&eid=4808928&g=1st-set&m=winner,https://www.oddstrader.com/atp/?date=20260901&eid=4808928&g=1st-set&m=merged
2026-09-01,4808928,2026-09-01T18:45:00+00:00,retired,US Open Men Singles,"New York, NY",Court 7,Corentin Moutet,41223,Dane Sweeny,72995,1st-set,winner,279,opening,BetOnline,8,1096,Dane Sweeny,72995,11211973,0,190,2.9,2026-08-28T13:19:43+00:00,6085.283,False,https://www.oddstrader.com/atp/?date=20260901&eid=4808928&g=1st-set&m=winner,https://www.oddstrader.com/atp/?date=20260901&eid=4808928&g=1st-set&m=merged
2026-09-01,4808928,2026-09-01T18:45:00+00:00,retired,US Open Men Singles,"New York, NY",Court 7,Corentin Moutet,41223,Dane Sweeny,72995,1st-set,winner,279,closing,SportsBetting,131,99,Corentin Moutet,41223,10916861,0,-195,1.5128,2026-09-01T03:12:41+00:00,932.317,False,https://www.oddstrader.com/atp/?date=20260901&eid=4808928&g=1st-set&m=winner,https://www.oddstrader.com/atp/?date=20260901&eid=4808928&g=1st-set&m=merged
2026-09-01,4808928,2026-09-01T18:45:00+00:00,retired,US Open Men Singles,"New York, NY",Court 7,Corentin Moutet,41223,Dane Sweeny,72995,1st-set,winner,279,opening,SportsBetting,131,99,Corentin Moutet,41223,10916861,0,-220,1.4545,2026-08-28T13:19:43+00:00,6085.283,False,https://www.oddstrader.com/atp/?date=20260901&eid=4808928&g=1st-set&m=winner,https://www.oddstrader.com/atp/?date=20260901&eid=4808928&g=1st-set&m=merged
2026-09-01,4808928,2026-09-01T18:45:00+00:00,retired,US Open Men Singles,"New York, NY",Court 7,Corentin Moutet,41223,Dane Sweeny,72995,1st-set,winner,279,closing,SportsBetting,131,99,Dane Sweeny,72995,11211973,0,170,2.7,2026-09-01T03:12:41+00:00,932.317,False,https://www.oddstrader.com/atp/?date=20260901&eid=4808928&g=1st-set&m=winner,https://www.oddstrader.com/atp/?date=20260901&eid=4808928&g=1st-set&m=merged
2026-09-01,4808928,2026-09-01T18:45:00+00:00,retired,US Open Men Singles,"New York, NY",Court 7,Corentin Moutet,41223,Dane Sweeny,72995,1st-set,winner,279,opening,SportsBetting,131,99,Dane Sweeny,72995,11211973,0,190,2.9,2026-08-28T13:19:43+00:00,6085.283,False,https://www.oddstrader.com/atp/?date=20260901&eid=4808928&g=1st-set&m=winner,https://www.oddstrader.com/atp/?date=20260901&eid=4808928&g=1st-set&m=merged
2026-09-01,4808928,2026-09-01T18:45:00+00:00,retired,US Open Men Singles,"New York, NY",Court 7,Corentin Moutet,41223,Dane Sweeny,72995,match,spread,395,opening,Bet105,130,3174,Corentin Moutet,41223,10959201,-6,-114,1.877,2026-08-28T09:53:51+00:00,6291.15,False,https://www.oddstrader.com/atp/?date=20260901&eid=4808928&g=match&m=spread,https://www.oddstrader.com/atp/?date=20260901&eid=4808928&g=match&m=merged
2026-09-01,4808928,2026-09-01T18:45:00+00:00,retired,US Open Men Singles,"New York, NY",Court 7,Corentin Moutet,41223,Dane Sweeny,72995,match,spread,395,opening,Bet105,130,3174,Dane Sweeny,72995,11225081,6,-104,1.962,2026-08-28T09:53:51+00:00,6291.15,False,https://www.oddstrader.com/atp/?date=20260901&eid=4808928&g=match&m=spread,https://www.oddstrader.com/atp/?date=20260901&eid=4808928&g=match&m=merged
2026-09-01,4808928,2026-09-01T18:45:00+00:00,retired,US Open Men Singles,"New York, NY",Court 7,Corentin Moutet,41223,Dane Sweeny,72995,match,spread,395,closing,BetAnything,123,1061,Corentin Moutet,41223,10927678,-5.5,-110,1.9091,2026-09-01T18:24:55+00:00,20.083,False,https://www.oddstrader.com/atp/?date=20260901&eid=4808928&g=match&m=spread,https://www.oddstrader.com/atp/?date=20260901&eid=4808928&g=match&m=merged
2026-09-01,4808928,2026-09-01T18:45:00+00:00,retired,US Open Men Singles,"New York, NY",Court 7,Corentin Moutet,41223,Dane Sweeny,72995,match,spread,395,opening,BetAnything,123,1061,Corentin Moutet,41223,10933880,-6.5,-105,1.9524,2026-08-28T13:47:30+00:00,6057.5,False,https://www.oddstrader.com/atp/?date=20260901&eid=4808928&g=match&m=spread,https://www.oddstrader.com/atp/?date=20260901&eid=4808928&g=match&m=merged
2026-09-01,4808928,2026-09-01T18:45:00+00:00,retired,US Open Men Singles,"New York, NY",Court 7,Corentin Moutet,41223,Dane Sweeny,72995,match,spread,395,closing,BetAnything,123,1061,Dane Sweeny,72995,11212056,5.5,-120,1.8333,2026-09-01T18:24:55+00:00,20.083,False,https://www.oddstrader.com/atp/?date=20260901&eid=4808928&g=match&m=spread,https://www.oddstrader.com/atp/?date=20260901&eid=4808928&g=match&m=merged
2026-09-01,4808928,2026-09-01T18:45:00+00:00,retired,US Open Men Singles,"New York, NY",Court 7,Corentin Moutet,41223,Dane Sweeny,72995,match,spread,395,opening,BetAnything,123,1061,Dane Sweeny,72995,11215190,6.5,-125,1.8,2026-08-28T13:47:30+00:00,6057.5,False,https://www.oddstrader.com/atp/?date=20260901&eid=4808928&g=match&m=spread,https://www.oddstrader.com/atp/?date=20260901&eid=4808928&g=match&m=merged
2026-09-01,4808928,2026-09-01T18:45:00+00:00,retired,US Open Men Singles,"New York, NY",Court 7,Corentin Moutet,41223,Dane Sweeny,72995,match,spread,395,closing,BetOnline,8,1096,Corentin Moutet,41223,10927678,-5.5,100,2,2026-09-01T18:32:47+00:00,12.217,True,https://www.oddstrader.com/atp/?date=20260901&eid=4808928&g=match&m=spread,https://www.oddstrader.com/atp/?date=20260901&eid=4808928&g=match&m=merged
2026-09-01,4808928,2026-09-01T18:45:00+00:00,retired,US Open Men Singles,"New York, NY",Court 7,Corentin Moutet,41223,Dane Sweeny,72995,match,spread,395,opening,BetOnline,8,1096,Corentin Moutet,41223,10933880,-6.5,105,2.05,2026-08-28T10:36:21+00:00,6248.65,False,https://www.oddstrader.com/atp/?date=20260901&eid=4808928&g=match&m=spread,https://www.oddstrader.com/atp/?date=20260901&eid=4808928&g=match&m=merged
2026-09-01,4808928,2026-09-01T18:45:00+00:00,retired,US Open Men Singles,"New York, NY",Court 7,Corentin Moutet,41223,Dane Sweeny,72995,match,spread,395,closing,BetOnline,8,1096,Dane Sweeny,72995,11212056,5.5,-120,1.8333,2026-09-01T18:32:47+00:00,12.217,True,https://www.oddstrader.com/atp/?date=20260901&eid=4808928&g=match&m=spread,https://www.oddstrader.com/atp/?date=20260901&eid=4808928&g=match&m=merged
2026-09-01,4808928,2026-09-01T18:45:00+00:00,retired,US Open Men Singles,"New York, NY",Court 7,Corentin Moutet,41223,Dane Sweeny,72995,match,spread,395,opening,BetOnline,8,1096,Dane Sweeny,72995,11215190,6.5,-125,1.8,2026-08-28T10:36:21+00:00,6248.65,False,https://www.oddstrader.com/atp/?date=20260901&eid=4808928&g=match&m=spread,https://www.oddstrader.com/atp/?date=20260901&eid=4808928&g=match&m=merged
2026-09-01,4808928,2026-09-01T18:45:00+00:00,retired,US Open Men Singles,"New York, NY",Court 7,Corentin Moutet,41223,Dane Sweeny,72995,match,spread,395,closing,Bookmaker,10,93,Corentin Moutet,41223,10933880,-6.5,-103,1.9709,2026-08-29T10:53:01+00:00,4791.983,False,https://www.oddstrader.com/atp/?date=20260901&eid=4808928&g=match&m=spread,https://www.oddstrader.com/atp/?date=20260901&eid=4808928&g=match&m=merged
2026-09-01,4808928,2026-09-01T18:45:00+00:00,retired,US Open Men Singles,"New York, NY",Court 7,Corentin Moutet,41223,Dane Sweeny,72995,match,spread,395,opening,Bookmaker,10,93,Corentin Moutet,41223,10959201,-6,-114,1.8772,2026-08-28T09:56:19+00:00,6288.683,False,https://www.oddstrader.com/atp/?date=20260901&eid=4808928&g=match&m=spread,https://www.oddstrader.com/atp/?date=20260901&eid=4808928&g=match&m=merged
2026-09-01,4808928,2026-09-01T18:45:00+00:00,retired,US Open Men Singles,"New York, NY",Court 7,Corentin Moutet,41223,Dane Sweeny,72995,match,spread,395,closing,Bookmaker,10,93,Dane Sweeny,72995,11215190,6.5,-119,1.8403,2026-08-29T10:53:01+00:00,4791.983,False,https://www.oddstrader.com/atp/?date=20260901&eid=4808928&g=match&m=spread,https://www.oddstrader.com/atp/?date=20260901&eid=4808928&g=match&m=merged
2026-09-01,4808928,2026-09-01T18:45:00+00:00,retired,US Open Men Singles,"New York, NY",Court 7,Corentin Moutet,41223,Dane Sweeny,72995,match,spread,395,opening,Bookmaker,10,93,Dane Sweeny,72995,11225081,6,-108,1.9259,2026-08-28T09:56:19+00:00,6288.683,False,https://www.oddstrader.com/atp/?date=20260901&eid=4808928&g=match&m=spread,https://www.oddstrader.com/atp/?date=20260901&eid=4808928&g=match&m=merged
2026-09-01,4808928,2026-09-01T18:45:00+00:00,retired,US Open Men Singles,"New York, NY",Court 7,Corentin Moutet,41223,Dane Sweeny,72995,match,spread,395,closing,Bovada,9,1618,Corentin Moutet,41223,10970910,-5,-120,1.8333,2026-09-01T18:34:01+00:00,10.983,True,https://www.oddstrader.com/atp/?date=20260901&eid=4808928&g=match&m=spread,https://www.oddstrader.com/atp/?date=20260901&eid=4808928&g=match&m=merged
2026-09-01,4808928,2026-09-01T18:45:00+00:00,retired,US Open Men Singles,"New York, NY",Court 7,Corentin Moutet,41223,Dane Sweeny,72995,match,spread,395,opening,Bovada,9,1618,Corentin Moutet,41223,10933880,-6.5,100,2,2026-08-27T19:22:22+00:00,7162.633,False,https://www.oddstrader.com/atp/?date=20260901&eid=4808928&g=match&m=spread,https://www.oddstrader.com/atp/?date=20260901&eid=4808928&g=match&m=merged
2026-09-01,4808928,2026-09-01T18:45:00+00:00,retired,US Open Men Singles,"New York, NY",Court 7,Corentin Moutet,41223,Dane Sweeny,72995,match,spread,395,closing,Bovada,9,1618,Dane Sweeny,72995,11262756,5,-110,1.9091,2026-09-01T18:34:01+00:00,10.983,True,https://www.oddstrader.com/atp/?date=20260901&eid=4808928&g=match&m=spread,https://www.oddstrader.com/atp/?date=20260901&eid=4808928&g=match&m=merged
2026-09-01,4808928,2026-09-01T18:45:00+00:00,retired,US Open Men Singles,"New York, NY",Court 7,Corentin Moutet,41223,Dane Sweeny,72995,match,spread,395,opening,Bovada,9,1618,Dane Sweeny,72995,11215190,6.5,-130,1.7692,2026-08-27T19:22:22+00:00,7162.633,False,https://www.oddstrader.com/atp/?date=20260901&eid=4808928&g=match&m=spread,https://www.oddstrader.com/atp/?date=20260901&eid=4808928&g=match&m=merged
2026-09-01,4808928,2026-09-01T18:45:00+00:00,retired,US Open Men Singles,"New York, NY",Court 7,Corentin Moutet,41223,Dane Sweeny,72995,match,spread,395,closing,Everygame,29,180,Corentin Moutet,41223,10927678,-5.5,-118,1.85,2026-09-01T14:25:20+00:00,259.667,False,https://www.oddstrader.com/atp/?date=20260901&eid=4808928&g=match&m=spread,https://www.oddstrader.com/atp/?date=20260901&eid=4808928&g=match&m=merged
2026-09-01,4808928,2026-09-01T18:45:00+00:00,retired,US Open Men Singles,"New York, NY",Court 7,Corentin Moutet,41223,Dane Sweeny,72995,match,spread,395,opening,Everygame,29,180,Corentin Moutet,41223,10933880,-6.5,-105,1.95,2026-08-28T10:37:40+00:00,6247.333,False,https://www.oddstrader.com/atp/?date=20260901&eid=4808928&g=match&m=spread,https://www.oddstrader.com/atp/?date=20260901&eid=4808928&g=match&m=merged
2026-09-01,4808928,2026-09-01T18:45:00+00:00,retired,US Open Men Singles,"New York, NY",Court 7,Corentin Moutet,41223,Dane Sweeny,72995,match,spread,395,closing,Everygame,29,180,Dane Sweeny,72995,11212056,5.5,-118,1.85,2026-09-01T14:25:20+00:00,259.667,False,https://www.oddstrader.com/atp/?date=20260901&eid=4808928&g=match&m=spread,https://www.oddstrader.com/atp/?date=20260901&eid=4808928&g=match&m=merged
2026-09-01,4808928,2026-09-01T18:45:00+00:00,retired,US Open Men Singles,"New York, NY",Court 7,Corentin Moutet,41223,Dane Sweeny,72995,match,spread,395,opening,Everygame,29,180,Dane Sweeny,72995,11215190,6.5,-133,1.75,2026-08-28T10:37:40+00:00,6247.333,False,https://www.oddstrader.com/atp/?date=20260901&eid=4808928&g=match&m=spread,https://www.oddstrader.com/atp/?date=20260901&eid=4808928&g=match&m=merged
2026-09-01,4808928,2026-09-01T18:45:00+00:00,retired,US Open Men Singles,"New York, NY",Court 7,Corentin Moutet,41223,Dane Sweeny,72995,match,spread,395,opening,Heritage,44,169,Corentin Moutet,41223,10933880,-6.5,-106,1.943,2026-08-27T20:40:29+00:00,7084.517,False,https://www.oddstrader.com/atp/?date=20260901&eid=4808928&g=match&m=spread,https://www.oddstrader.com/atp/?date=20260901&eid=4808928&g=match&m=merged
2026-09-01,4808928,2026-09-01T18:45:00+00:00,retired,US Open Men Singles,"New York, NY",Court 7,Corentin Moutet,41223,Dane Sweeny,72995,match,spread,395,opening,Heritage,44,169,Dane Sweeny,72995,11215190,6.5,-130,1.769,2026-08-27T20:40:29+00:00,7084.517,False,https://www.oddstrader.com/atp/?date=20260901&eid=4808928&g=match&m=spread,https://www.oddstrader.com/atp/?date=20260901&eid=4808928&g=match&m=merged
2026-09-01,4808928,2026-09-01T18:45:00+00:00,retired,US Open Men Singles,"New York, NY",Court 7,Corentin Moutet,41223,Dane Sweeny,72995,match,spread,395,closing,JustBet,16,1275,Corentin Moutet,41223,10933880,-6.5,-103,1.9709,2026-08-29T10:53:02+00:00,4791.967,False,https://www.oddstrader.com/atp/?date=20260901&eid=4808928&g=match&m=spread,https://www.oddstrader.com/atp/?date=20260901&eid=4808928&g=match&m=merged
2026-09-01,4808928,2026-09-01T18:45:00+00:00,retired,US Open Men Singles,"New York, NY",Court 7,Corentin Moutet,41223,Dane Sweeny,72995,match,spread,395,opening,JustBet,16,1275,Corentin Moutet,41223,10959201,-6,-114,1.8772,2026-08-28T09:56:31+00:00,6288.483,False,https://www.oddstrader.com/atp/?date=20260901&eid=4808928&g=match&m=spread,https://www.oddstrader.com/atp/?date=20260901&eid=4808928&g=match&m=merged
2026-09-01,4808928,2026-09-01T18:45:00+00:00,retired,US Open Men Singles,"New York, NY",Court 7,Corentin Moutet,41223,Dane Sweeny,72995,match,spread,395,closing,JustBet,16,1275,Dane Sweeny,72995,11215190,6.5,-119,1.8403,2026-08-29T10:53:02+00:00,4791.967,False,https://www.oddstrader.com/atp/?date=20260901&eid=4808928&g=match&m=spread,https://www.oddstrader.com/atp/?date=20260901&eid=4808928&g=match&m=merged
2026-09-01,4808928,2026-09-01T18:45:00+00:00,retired,US Open Men Singles,"New York, NY",Court 7,Corentin Moutet,41223,Dane Sweeny,72995,match,spread,395,opening,JustBet,16,1275,Dane Sweeny,72995,11225081,6,-108,1.9259,2026-08-28T09:56:31+00:00,6288.483,False,https://www.oddstrader.com/atp/?date=20260901&eid=4808928&g=match&m=spread,https://www.oddstrader.com/atp/?date=20260901&eid=4808928&g=match&m=merged
2026-09-01,4808928,2026-09-01T18:45:00+00:00,retired,US Open Men Singles,"New York, NY",Court 7,Corentin Moutet,41223,Dane Sweeny,72995,match,spread,395,closing,MyBookie,82,1680,Corentin Moutet,41223,10927678,-5.5,-129,1.7752,2026-09-01T10:54:51+00:00,470.15,True,https://www.oddstrader.com/atp/?date=20260901&eid=4808928&g=match&m=spread,https://www.oddstrader.com/atp/?date=20260901&eid=4808928&g=match&m=merged
2026-09-01,4808928,2026-09-01T18:45:00+00:00,retired,US Open Men Singles,"New York, NY",Court 7,Corentin Moutet,41223,Dane Sweeny,72995,match,spread,395,opening,MyBookie,82,1680,Corentin Moutet,41223,10927678,-5.5,-135,1.7407,2026-08-28T15:10:28+00:00,5974.533,False,https://www.oddstrader.com/atp/?date=20260901&eid=4808928&g=match&m=spread,https://www.oddstrader.com/atp/?date=20260901&eid=4808928&g=match&m=merged
2026-09-01,4808928,2026-09-01T18:45:00+00:00,retired,US Open Men Singles,"New York, NY",Court 7,Corentin Moutet,41223,Dane Sweeny,72995,match,spread,395,closing,MyBookie,82,1680,Dane Sweeny,72995,11212056,5.5,-107,1.9346,2026-09-01T10:54:51+00:00,470.15,True,https://www.oddstrader.com/atp/?date=20260901&eid=4808928&g=match&m=spread,https://www.oddstrader.com/atp/?date=20260901&eid=4808928&g=match&m=merged
2026-09-01,4808928,2026-09-01T18:45:00+00:00,retired,US Open Men Singles,"New York, NY",Court 7,Corentin Moutet,41223,Dane Sweeny,72995,match,spread,395,opening,MyBookie,82,1680,Dane Sweeny,72995,11212056,5.5,-107,1.9346,2026-08-28T15:10:28+00:00,5974.533,False,https://www.oddstrader.com/atp/?date=20260901&eid=4808928&g=match&m=spread,https://www.oddstrader.com/atp/?date=20260901&eid=4808928&g=match&m=merged
2026-09-01,4808928,2026-09-01T18:45:00+00:00,retired,US Open Men Singles,"New York, NY",Court 7,Corentin Moutet,41223,Dane Sweeny,72995,match,spread,395,closing,SportsBetting,131,99,Corentin Moutet,41223,10927678,-5.5,100,2,2026-09-01T18:32:47+00:00,12.217,False,https://www.oddstrader.com/atp/?date=20260901&eid=4808928&g=match&m=spread,https://www.oddstrader.com/atp/?date=20260901&eid=4808928&g=match&m=merged
2026-09-01,4808928,2026-09-01T18:45:00+00:00,retired,US Open Men Singles,"New York, NY",Court 7,Corentin Moutet,41223,Dane Sweeny,72995,match,spread,395,opening,SportsBetting,131,99,Corentin Moutet,41223,10933880,-6.5,105,2.05,2026-08-28T10:36:21+00:00,6248.65,False,https://www.oddstrader.com/atp/?date=20260901&eid=4808928&g=match&m=spread,https://www.oddstrader.com/atp/?date=20260901&eid=4808928&g=match&m=merged
2026-09-01,4808928,2026-09-01T18:45:00+00:00,retired,US Open Men Singles,"New York, NY",Court 7,Corentin Moutet,41223,Dane Sweeny,72995,match,spread,395,closing,SportsBetting,131,99,Dane Sweeny,72995,11212056,5.5,-120,1.8333,2026-09-01T18:32:47+00:00,12.217,False,https://www.oddstrader.com/atp/?date=20260901&eid=4808928&g=match&m=spread,https://www.oddstrader.com/atp/?date=20260901&eid=4808928&g=match&m=merged
2026-09-01,4808928,2026-09-01T18:45:00+00:00,retired,US Open Men Singles,"New York, NY",Court 7,Corentin Moutet,41223,Dane Sweeny,72995,match,spread,395,opening,SportsBetting,131,99,Dane Sweeny,72995,11215190,6.5,-125,1.8,2026-08-28T10:36:21+00:00,6248.65,False,https://www.oddstrader.com/atp/?date=20260901&eid=4808928&g=match&m=spread,https://www.oddstrader.com/atp/?date=20260901&eid=4808928&g=match&m=merged
2026-09-01,4808928,2026-09-01T18:45:00+00:00,retired,US Open Men Singles,"New York, NY",Court 7,Corentin Moutet,41223,Dane Sweeny,72995,match,total,396,opening,Bet105,130,3174,option_15143,15143,297,35,-112,1.893,2026-08-28T09:53:51+00:00,6291.15,False,https://www.oddstrader.com/atp/?date=20260901&eid=4808928&g=match&m=total,https://www.oddstrader.com/atp/?date=20260901&eid=4808928&g=match&m=merged
2026-09-01,4808928,2026-09-01T18:45:00+00:00,retired,US Open Men Singles,"New York, NY",Court 7,Corentin Moutet,41223,Dane Sweeny,72995,match,total,396,opening,Bet105,130,3174,option_15144,15144,298,35,-106,1.943,2026-08-28T09:53:51+00:00,6291.15,False,https://www.oddstrader.com/atp/?date=20260901&eid=4808928&g=match&m=total,https://www.oddstrader.com/atp/?date=20260901&eid=4808928&g=match&m=merged
2026-09-01,4808928,2026-09-01T18:45:00+00:00,retired,US Open Men Singles,"New York, NY",Court 7,Corentin Moutet,41223,Dane Sweeny,72995,match,total,396,closing,BetAnything,123,1061,option_15143,15143,119608,34.5,-120,1.8333,2026-09-01T12:34:20+00:00,370.667,False,https://www.oddstrader.com/atp/?date=20260901&eid=4808928&g=match&m=total,https://www.oddstrader.com/atp/?date=20260901&eid=4808928&g=match&m=merged
2026-09-01,4808928,2026-09-01T18:45:00+00:00,retired,US Open Men Singles,"New York, NY",Court 7,Corentin Moutet,41223,Dane Sweeny,72995,match,total,396,opening,BetAnything,123,1061,option_15143,15143,119609,35.5,-117,1.8547,2026-08-28T13:47:30+00:00,6057.5,False,https://www.oddstrader.com/atp/?date=20260901&eid=4808928&g=match&m=total,https://www.oddstrader.com/atp/?date=20260901&eid=4808928&g=match&m=merged
2026-09-01,4808928,2026-09-01T18:45:00+00:00,retired,US Open Men Singles,"New York, NY",Court 7,Corentin Moutet,41223,Dane Sweeny,72995,match,total,396,closing,BetAnything,123,1061,option_15144,15144,119678,34.5,-110,1.9091,2026-09-01T12:34:20+00:00,370.667,False,https://www.oddstrader.com/atp/?date=20260901&eid=4808928&g=match&m=total,https://www.oddstrader.com/atp/?date=20260901&eid=4808928&g=match&m=merged
2026-09-01,4808928,2026-09-01T18:45:00+00:00,retired,US Open Men Singles,"New York, NY",Court 7,Corentin Moutet,41223,Dane Sweeny,72995,match,total,396,opening,BetAnything,123,1061,option_15144,15144,119679,35.5,-113,1.885,2026-08-28T13:47:30+00:00,6057.5,False,https://www.oddstrader.com/atp/?date=20260901&eid=4808928&g=match&m=total,https://www.oddstrader.com/atp/?date=20260901&eid=4808928&g=match&m=merged
2026-09-01,4808928,2026-09-01T18:45:00+00:00,retired,US Open Men Singles,"New York, NY",Court 7,Corentin Moutet,41223,Dane Sweeny,72995,match,total,396,closing,BetOnline,8,1096,option_15143,15143,119608,34.5,-120,1.8333,2026-09-01T15:08:22+00:00,216.633,False,https://www.oddstrader.com/atp/?date=20260901&eid=4808928&g=match&m=total,https://www.oddstrader.com/atp/?date=20260901&eid=4808928&g=match&m=merged
2026-09-01,4808928,2026-09-01T18:45:00+00:00,retired,US Open Men Singles,"New York, NY",Court 7,Corentin Moutet,41223,Dane Sweeny,72995,match,total,396,opening,BetOnline,8,1096,option_15143,15143,119609,35.5,-103,1.9709,2026-08-28T10:36:21+00:00,6248.65,False,https://www.oddstrader.com/atp/?date=20260901&eid=4808928&g=match&m=total,https://www.oddstrader.com/atp/?date=20260901&eid=4808928&g=match&m=merged
2026-09-01,4808928,2026-09-01T18:45:00+00:00,retired,US Open Men Singles,"New York, NY",Court 7,Corentin Moutet,41223,Dane Sweeny,72995,match,total,396,closing,BetOnline,8,1096,option_15144,15144,119678,34.5,100,2,2026-09-01T15:08:22+00:00,216.633,False,https://www.oddstrader.com/atp/?date=20260901&eid=4808928&g=match&m=total,https://www.oddstrader.com/atp/?date=20260901&eid=4808928&g=match&m=merged
2026-09-01,4808928,2026-09-01T18:45:00+00:00,retired,US Open Men Singles,"New York, NY",Court 7,Corentin Moutet,41223,Dane Sweeny,72995,match,total,396,opening,BetOnline,8,1096,option_15144,15144,119679,35.5,-117,1.8547,2026-08-28T10:36:21+00:00,6248.65,False,https://www.oddstrader.com/atp/?date=20260901&eid=4808928&g=match&m=total,https://www.oddstrader.com/atp/?date=20260901&eid=4808928&g=match&m=merged
2026-09-01,4808928,2026-09-01T18:45:00+00:00,retired,US Open Men Singles,"New York, NY",Court 7,Corentin Moutet,41223,Dane Sweeny,72995,match,total,396,closing,Bookmaker,10,93,option_15143,15143,119609,35.5,-109,1.9174,2026-08-29T10:53:01+00:00,4791.983,False,https://www.oddstrader.com/atp/?date=20260901&eid=4808928&g=match&m=total,https://www.oddstrader.com/atp/?date=20260901&eid=4808928&g=match&m=merged
2026-09-01,4808928,2026-09-01T18:45:00+00:00,retired,US Open Men Singles,"New York, NY",Court 7,Corentin Moutet,41223,Dane Sweeny,72995,match,total,396,opening,Bookmaker,10,93,option_15143,15143,119609,35.5,-108,1.9259,2026-08-28T09:56:19+00:00,6288.683,False,https://www.oddstrader.com/atp/?date=20260901&eid=4808928&g=match&m=total,https://www.oddstrader.com/atp/?date=20260901&eid=4808928&g=match&m=merged
2026-09-01,4808928,2026-09-01T18:45:00+00:00,retired,US Open Men Singles,"New York, NY",Court 7,Corentin Moutet,41223,Dane Sweeny,72995,match,total,396,closing,Bookmaker,10,93,option_15144,15144,119679,35.5,-112,1.8929,2026-08-29T10:53:01+00:00,4791.983,False,https://www.oddstrader.com/atp/?date=20260901&eid=4808928&g=match&m=total,https://www.oddstrader.com/atp/?date=20260901&eid=4808928&g=match&m=merged
2026-09-01,4808928,2026-09-01T18:45:00+00:00,retired,US Open Men Singles,"New York, NY",Court 7,Corentin Moutet,41223,Dane Sweeny,72995,match,total,396,opening,Bookmaker,10,93,option_15144,15144,119679,35.5,-114,1.8772,2026-08-28T09:56:19+00:00,6288.683,False,https://www.oddstrader.com/atp/?date=20260901&eid=4808928&g=match&m=total,https://www.oddstrader.com/atp/?date=20260901&eid=4808928&g=match&m=merged
2026-09-01,4808928,2026-09-01T18:45:00+00:00,retired,US Open Men Singles,"New York, NY",Court 7,Corentin Moutet,41223,Dane Sweeny,72995,match,total,396,closing,Bovada,9,1618,option_15143,15143,119609,35.5,-115,1.87,2026-09-01T18:02:38+00:00,42.367,True,https://www.oddstrader.com/atp/?date=20260901&eid=4808928&g=match&m=total,https://www.oddstrader.com/atp/?date=20260901&eid=4808928&g=match&m=merged
2026-09-01,4808928,2026-09-01T18:45:00+00:00,retired,US Open Men Singles,"New York, NY",Court 7,Corentin Moutet,41223,Dane Sweeny,72995,match,total,396,opening,Bovada,9,1618,option_15143,15143,119611,36.5,-115,1.87,2026-08-27T21:11:04+00:00,7053.933,False,https://www.oddstrader.com/atp/?date=20260901&eid=4808928&g=match&m=total,https://www.oddstrader.com/atp/?date=20260901&eid=4808928&g=match&m=merged
2026-09-01,4808928,2026-09-01T18:45:00+00:00,retired,US Open Men Singles,"New York, NY",Court 7,Corentin Moutet,41223,Dane Sweeny,72995,match,total,396,closing,Bovada,9,1618,option_15144,15144,119679,35.5,-115,1.87,2026-09-01T18:02:38+00:00,42.367,True,https://www.oddstrader.com/atp/?date=20260901&eid=4808928&g=match&m=total,https://www.oddstrader.com/atp/?date=20260901&eid=4808928&g=match&m=merged
2026-09-01,4808928,2026-09-01T18:45:00+00:00,retired,US Open Men Singles,"New York, NY",Court 7,Corentin Moutet,41223,Dane Sweeny,72995,match,total,396,opening,Bovada,9,1618,option_15144,15144,119681,36.5,-115,1.87,2026-08-27T21:11:04+00:00,7053.933,False,https://www.oddstrader.com/atp/?date=20260901&eid=4808928&g=match&m=total,https://www.oddstrader.com/atp/?date=20260901&eid=4808928&g=match&m=merged
2026-09-01,4808928,2026-09-01T18:45:00+00:00,retired,US Open Men Singles,"New York, NY",Court 7,Corentin Moutet,41223,Dane Sweeny,72995,match,total,396,closing,Everygame,29,180,option_15143,15143,119608,34.5,-125,1.8,2026-09-01T14:25:20+00:00,259.667,False,https://www.oddstrader.com/atp/?date=20260901&eid=4808928&g=match&m=total,https://www.oddstrader.com/atp/?date=20260901&eid=4808928&g=match&m=merged
2026-09-01,4808928,2026-09-01T18:45:00+00:00,retired,US Open Men Singles,"New York, NY",Court 7,Corentin Moutet,41223,Dane Sweeny,72995,match,total,396,opening,Everygame,29,180,option_15143,15143,119609,35.5,-111,1.9,2026-08-28T10:37:40+00:00,6247.333,False,https://www.oddstrader.com/atp/?date=20260901&eid=4808928&g=match&m=total,https://www.oddstrader.com/atp/?date=20260901&eid=4808928&g=match&m=merged
2026-09-01,4808928,2026-09-01T18:45:00+00:00,retired,US Open Men Singles,"New York, NY",Court 7,Corentin Moutet,41223,Dane Sweeny,72995,match,total,396,closing,Everygame,29,180,option_15144,15144,119678,34.5,-111,1.9,2026-09-01T14:25:20+00:00,259.667,False,https://www.oddstrader.com/atp/?date=20260901&eid=4808928&g=match&m=total,https://www.oddstrader.com/atp/?date=20260901&eid=4808928&g=match&m=merged
2026-09-01,4808928,2026-09-01T18:45:00+00:00,retired,US Open Men Singles,"New York, NY",Court 7,Corentin Moutet,41223,Dane Sweeny,72995,match,total,396,opening,Everygame,29,180,option_15144,15144,119679,35.5,-125,1.8,2026-08-28T10:37:40+00:00,6247.333,False,https://www.oddstrader.com/atp/?date=20260901&eid=4808928&g=match&m=total,https://www.oddstrader.com/atp/?date=20260901&eid=4808928&g=match&m=merged
2026-09-01,4808928,2026-09-01T18:45:00+00:00,retired,US Open Men Singles,"New York, NY",Court 7,Corentin Moutet,41223,Dane Sweeny,72995,match,total,396,opening,Heritage,44,169,option_15143,15143,119609,35.5,-117,1.855,2026-08-27T20:40:29+00:00,7084.517,False,https://www.oddstrader.com/atp/?date=20260901&eid=4808928&g=match&m=total,https://www.oddstrader.com/atp/?date=20260901&eid=4808928&g=match&m=merged
2026-09-01,4808928,2026-09-01T18:45:00+00:00,retired,US Open Men Singles,"New York, NY",Court 7,Corentin Moutet,41223,Dane Sweeny,72995,match,total,396,opening,Heritage,44,169,option_15144,15144,119679,35.5,-117,1.855,2026-08-27T20:40:29+00:00,7084.517,False,https://www.oddstrader.com/atp/?date=20260901&eid=4808928&g=match&m=total,https://www.oddstrader.com/atp/?date=20260901&eid=4808928&g=match&m=merged
2026-09-01,4808928,2026-09-01T18:45:00+00:00,retired,US Open Men Singles,"New York, NY",Court 7,Corentin Moutet,41223,Dane Sweeny,72995,match,total,396,closing,JustBet,16,1275,option_15143,15143,119609,35.5,-109,1.9174,2026-08-29T10:53:02+00:00,4791.967,False,https://www.oddstrader.com/atp/?date=20260901&eid=4808928&g=match&m=total,https://www.oddstrader.com/atp/?date=20260901&eid=4808928&g=match&m=merged
2026-09-01,4808928,2026-09-01T18:45:00+00:00,retired,US Open Men Singles,"New York, NY",Court 7,Corentin Moutet,41223,Dane Sweeny,72995,match,total,396,opening,JustBet,16,1275,option_15143,15143,119609,35.5,-108,1.9259,2026-08-28T09:56:31+00:00,6288.483,False,https://www.oddstrader.com/atp/?date=20260901&eid=4808928&g=match&m=total,https://www.oddstrader.com/atp/?date=20260901&eid=4808928&g=match&m=merged
2026-09-01,4808928,2026-09-01T18:45:00+00:00,retired,US Open Men Singles,"New York, NY",Court 7,Corentin Moutet,41223,Dane Sweeny,72995,match,total,396,closing,JustBet,16,1275,option_15144,15144,119679,35.5,-112,1.8929,2026-08-29T10:53:02+00:00,4791.967,False,https://www.oddstrader.com/atp/?date=20260901&eid=4808928&g=match&m=total,https://www.oddstrader.com/atp/?date=20260901&eid=4808928&g=match&m=merged
2026-09-01,4808928,2026-09-01T18:45:00+00:00,retired,US Open Men Singles,"New York, NY",Court 7,Corentin Moutet,41223,Dane Sweeny,72995,match,total,396,opening,JustBet,16,1275,option_15144,15144,119679,35.5,-114,1.8772,2026-08-28T09:56:31+00:00,6288.483,False,https://www.oddstrader.com/atp/?date=20260901&eid=4808928&g=match&m=total,https://www.oddstrader.com/atp/?date=20260901&eid=4808928&g=match&m=merged
2026-09-01,4808928,2026-09-01T18:45:00+00:00,retired,US Open Men Singles,"New York, NY",Court 7,Corentin Moutet,41223,Dane Sweeny,72995,match,total,396,closing,MyBookie,82,1680,option_15143,15143,119609,35.5,-113,1.885,2026-09-01T10:54:51+00:00,470.15,True,https://www.oddstrader.com/atp/?date=20260901&eid=4808928&g=match&m=total,https://www.oddstrader.com/atp/?date=20260901&eid=4808928&g=match&m=merged
2026-09-01,4808928,2026-09-01T18:45:00+00:00,retired,US Open Men Singles,"New York, NY",Court 7,Corentin Moutet,41223,Dane Sweeny,72995,match,total,396,opening,MyBookie,82,1680,option_15143,15143,119609,35.5,-124,1.8065,2026-08-28T15:10:28+00:00,5974.533,False,https://www.oddstrader.com/atp/?date=20260901&eid=4808928&g=match&m=total,https://www.oddstrader.com/atp/?date=20260901&eid=4808928&g=match&m=merged
2026-09-01,4808928,2026-09-01T18:45:00+00:00,retired,US Open Men Singles,"New York, NY",Court 7,Corentin Moutet,41223,Dane Sweeny,72995,match,total,396,closing,MyBookie,82,1680,option_15144,15144,119679,35.5,-122,1.8197,2026-09-01T10:54:51+00:00,470.15,True,https://www.oddstrader.com/atp/?date=20260901&eid=4808928&g=match&m=total,https://www.oddstrader.com/atp/?date=20260901&eid=4808928&g=match&m=merged
2026-09-01,4808928,2026-09-01T18:45:00+00:00,retired,US Open Men Singles,"New York, NY",Court 7,Corentin Moutet,41223,Dane Sweeny,72995,match,total,396,opening,MyBookie,82,1680,option_15144,15144,119679,35.5,-116,1.8621,2026-08-28T15:10:28+00:00,5974.533,False,https://www.oddstrader.com/atp/?date=20260901&eid=4808928&g=match&m=total,https://www.oddstrader.com/atp/?date=20260901&eid=4808928&g=match&m=merged
2026-09-01,4808928,2026-09-01T18:45:00+00:00,retired,US Open Men Singles,"New York, NY",Court 7,Corentin Moutet,41223,Dane Sweeny,72995,match,total,396,closing,SportsBetting,131,99,option_15143,15143,119608,34.5,-120,1.8333,2026-09-01T15:08:22+00:00,216.633,False,https://www.oddstrader.com/atp/?date=20260901&eid=4808928&g=match&m=total,https://www.oddstrader.com/atp/?date=20260901&eid=4808928&g=match&m=merged
2026-09-01,4808928,2026-09-01T18:45:00+00:00,retired,US Open Men Singles,"New York, NY",Court 7,Corentin Moutet,41223,Dane Sweeny,72995,match,total,396,opening,SportsBetting,131,99,option_15143,15143,119609,35.5,-103,1.9709,2026-08-28T10:36:21+00:00,6248.65,False,https://www.oddstrader.com/atp/?date=20260901&eid=4808928&g=match&m=total,https://www.oddstrader.com/atp/?date=20260901&eid=4808928&g=match&m=merged
2026-09-01,4808928,2026-09-01T18:45:00+00:00,retired,US Open Men Singles,"New York, NY",Court 7,Corentin Moutet,41223,Dane Sweeny,72995,match,total,396,closing,SportsBetting,131,99,option_15144,15144,119678,34.5,100,2,2026-09-01T15:08:22+00:00,216.633,False,https://www.oddstrader.com/atp/?date=20260901&eid=4808928&g=match&m=total,https://www.oddstrader.com/atp/?date=20260901&eid=4808928&g=match&m=merged
2026-09-01,4808928,2026-09-01T18:45:00+00:00,retired,US Open Men Singles,"New York, NY",Court 7,Corentin Moutet,41223,Dane Sweeny,72995,match,total,396,opening,SportsBetting,131,99,option_15144,15144,119679,35.5,-117,1.8547,2026-08-28T10:36:21+00:00,6248.65,False,https://www.oddstrader.com/atp/?date=20260901&eid=4808928&g=match&m=total,https://www.oddstrader.com/atp/?date=20260901&eid=4808928&g=match&m=merged
2026-09-01,4808928,2026-09-01T18:45:00+00:00,retired,US Open Men Singles,"New York, NY",Court 7,Corentin Moutet,41223,Dane Sweeny,72995,match,winner,126,opening,Bet105,130,3174,Corentin Moutet,41223,10916861,0,-359,1.279,2026-08-28T09:53:51+00:00,6291.15,False,https://www.oddstrader.com/atp/?date=20260901&eid=4808928&g=match&m=winner,https://www.oddstrader.com/atp/?date=20260901&eid=4808928&g=match&m=merged
2026-09-01,4808928,2026-09-01T18:45:00+00:00,retired,US Open Men Singles,"New York, NY",Court 7,Corentin Moutet,41223,Dane Sweeny,72995,match,winner,126,opening,Bet105,130,3174,Dane Sweeny,72995,11211973,0,289,3.89,2026-08-28T09:53:51+00:00,6291.15,False,https://www.oddstrader.com/atp/?date=20260901&eid=4808928&g=match&m=winner,https://www.oddstrader.com/atp/?date=20260901&eid=4808928&g=match&m=merged
2026-09-01,4808928,2026-09-01T18:45:00+00:00,retired,US Open Men Singles,"New York, NY",Court 7,Corentin Moutet,41223,Dane Sweeny,72995,match,winner,126,closing,BetAnything,123,1061,Corentin Moutet,41223,10916861,0,-250,1.4,2026-09-01T17:27:10+00:00,77.833,False,https://www.oddstrader.com/atp/?date=20260901&eid=4808928&g=match&m=winner,https://www.oddstrader.com/atp/?date=20260901&eid=4808928&g=match&m=merged
2026-09-01,4808928,2026-09-01T18:45:00+00:00,retired,US Open Men Singles,"New York, NY",Court 7,Corentin Moutet,41223,Dane Sweeny,72995,match,winner,126,opening,BetAnything,123,1061,Corentin Moutet,41223,10916861,0,-340,1.2941,2026-08-28T13:47:30+00:00,6057.5,False,https://www.oddstrader.com/atp/?date=20260901&eid=4808928&g=match&m=winner,https://www.oddstrader.com/atp/?date=20260901&eid=4808928&g=match&m=merged
2026-09-01,4808928,2026-09-01T18:45:00+00:00,retired,US Open Men Singles,"New York, NY",Court 7,Corentin Moutet,41223,Dane Sweeny,72995,match,winner,126,closing,BetAnything,123,1061,Dane Sweeny,72995,11211973,0,200,3,2026-09-01T17:27:10+00:00,77.833,False,https://www.oddstrader.com/atp/?date=20260901&eid=4808928&g=match&m=winner,https://www.oddstrader.com/atp/?date=20260901&eid=4808928&g=match&m=merged
2026-09-01,4808928,2026-09-01T18:45:00+00:00,retired,US Open Men Singles,"New York, NY",Court 7,Corentin Moutet,41223,Dane Sweeny,72995,match,winner,126,opening,BetAnything,123,1061,Dane Sweeny,72995,11211973,0,265,3.65,2026-08-28T13:47:30+00:00,6057.5,False,https://www.oddstrader.com/atp/?date=20260901&eid=4808928&g=match&m=winner,https://www.oddstrader.com/atp/?date=20260901&eid=4808928&g=match&m=merged
2026-09-01,4808928,2026-09-01T18:45:00+00:00,retired,US Open Men Singles,"New York, NY",Court 7,Corentin Moutet,41223,Dane Sweeny,72995,match,winner,126,closing,BetOnline,8,1096,Corentin Moutet,41223,10916861,0,-225,1.4444,2026-09-01T15:28:39+00:00,196.35,False,https://www.oddstrader.com/atp/?date=20260901&eid=4808928&g=match&m=winner,https://www.oddstrader.com/atp/?date=20260901&eid=4808928&g=match&m=merged
2026-09-01,4808928,2026-09-01T18:45:00+00:00,retired,US Open Men Singles,"New York, NY",Court 7,Corentin Moutet,41223,Dane Sweeny,72995,match,winner,126,opening,BetOnline,8,1096,Corentin Moutet,41223,10916861,0,-355,1.2817,2026-08-28T10:36:21+00:00,6248.65,False,https://www.oddstrader.com/atp/?date=20260901&eid=4808928&g=match&m=winner,https://www.oddstrader.com/atp/?date=20260901&eid=4808928&g=match&m=merged
2026-09-01,4808928,2026-09-01T18:45:00+00:00,retired,US Open Men Singles,"New York, NY",Court 7,Corentin Moutet,41223,Dane Sweeny,72995,match,winner,126,closing,BetOnline,8,1096,Dane Sweeny,72995,11211973,0,195,2.95,2026-09-01T15:28:39+00:00,196.35,False,https://www.oddstrader.com/atp/?date=20260901&eid=4808928&g=match&m=winner,https://www.oddstrader.com/atp/?date=20260901&eid=4808928&g=match&m=merged
2026-09-01,4808928,2026-09-01T18:45:00+00:00,retired,US Open Men Singles,"New York, NY",Court 7,Corentin Moutet,41223,Dane Sweeny,72995,match,winner,126,opening,BetOnline,8,1096,Dane Sweeny,72995,11211973,0,285,3.85,2026-08-28T10:36:21+00:00,6248.65,False,https://www.oddstrader.com/atp/?date=20260901&eid=4808928&g=match&m=winner,https://www.oddstrader.com/atp/?date=20260901&eid=4808928&g=match&m=merged
2026-09-01,4808928,2026-09-01T18:45:00+00:00,retired,US Open Men Singles,"New York, NY",Court 7,Corentin Moutet,41223,Dane Sweeny,72995,match,winner,126,closing,Bookmaker,10,93,Corentin Moutet,41223,10916861,0,-345,1.2899,2026-08-28T12:02:44+00:00,6162.267,False,https://www.oddstrader.com/atp/?date=20260901&eid=4808928&g=match&m=winner,https://www.oddstrader.com/atp/?date=20260901&eid=4808928&g=match&m=merged
2026-09-01,4808928,2026-09-01T18:45:00+00:00,retired,US Open Men Singles,"New York, NY",Court 7,Corentin Moutet,41223,Dane Sweeny,72995,match,winner,126,opening,Bookmaker,10,93,Corentin Moutet,41223,10916861,0,-400,1.25,2026-08-27T23:57:18+00:00,6887.7,False,https://www.oddstrader.com/atp/?date=20260901&eid=4808928&g=match&m=winner,https://www.oddstrader.com/atp/?date=20260901&eid=4808928&g=match&m=merged
2026-09-01,4808928,2026-09-01T18:45:00+00:00,retired,US Open Men Singles,"New York, NY",Court 7,Corentin Moutet,41223,Dane Sweeny,72995,match,winner,126,closing,Bookmaker,10,93,Dane Sweeny,72995,11211973,0,264,3.64,2026-08-28T12:02:44+00:00,6162.267,False,https://www.oddstrader.com/atp/?date=20260901&eid=4808928&g=match&m=winner,https://www.oddstrader.com/atp/?date=20260901&eid=4808928&g=match&m=merged
2026-09-01,4808928,2026-09-01T18:45:00+00:00,retired,US Open Men Singles,"New York, NY",Court 7,Corentin Moutet,41223,Dane Sweeny,72995,match,winner,126,opening,Bookmaker,10,93,Dane Sweeny,72995,11211973,0,304,4.04,2026-08-27T23:57:18+00:00,6887.7,False,https://www.oddstrader.com/atp/?date=20260901&eid=4808928&g=match&m=winner,https://www.oddstrader.com/atp/?date=20260901&eid=4808928&g=match&m=merged
2026-09-01,4808928,2026-09-01T18:45:00+00:00,retired,US Open Men Singles,"New York, NY",Court 7,Corentin Moutet,41223,Dane Sweeny,72995,match,winner,126,closing,Bovada,9,1618,Corentin Moutet,41223,10916861,0,-285,1.3509,2026-09-01T18:40:38+00:00,4.367,True,https://www.oddstrader.com/atp/?date=20260901&eid=4808928&g=match&m=winner,https://www.oddstrader.com/atp/?date=20260901&eid=4808928&g=match&m=merged
2026-09-01,4808928,2026-09-01T18:45:00+00:00,retired,US Open Men Singles,"New York, NY",Court 7,Corentin Moutet,41223,Dane Sweeny,72995,match,winner,126,opening,Bovada,9,1618,Corentin Moutet,41223,10916861,0,-550,1.1818,2026-08-27T19:22:22+00:00,7162.633,False,https://www.oddstrader.com/atp/?date=20260901&eid=4808928&g=match&m=winner,https://www.oddstrader.com/atp/?date=20260901&eid=4808928&g=match&m=merged
2026-09-01,4808928,2026-09-01T18:45:00+00:00,retired,US Open Men Singles,"New York, NY",Court 7,Corentin Moutet,41223,Dane Sweeny,72995,match,winner,126,closing,Bovada,9,1618,Dane Sweeny,72995,11211973,0,225,3.25,2026-09-01T18:40:38+00:00,4.367,True,https://www.oddstrader.com/atp/?date=20260901&eid=4808928&g=match&m=winner,https://www.oddstrader.com/atp/?date=20260901&eid=4808928&g=match&m=merged
2026-09-01,4808928,2026-09-01T18:45:00+00:00,retired,US Open Men Singles,"New York, NY",Court 7,Corentin Moutet,41223,Dane Sweeny,72995,match,winner,126,opening,Bovada,9,1618,Dane Sweeny,72995,11211973,0,400,5,2026-08-27T19:22:22+00:00,7162.633,False,https://www.oddstrader.com/atp/?date=20260901&eid=4808928&g=match&m=winner,https://www.oddstrader.com/atp/?date=20260901&eid=4808928&g=match&m=merged
2026-09-01,4808928,2026-09-01T18:45:00+00:00,retired,US Open Men Singles,"New York, NY",Court 7,Corentin Moutet,41223,Dane Sweeny,72995,match,winner,126,closing,Everygame,29,180,Corentin Moutet,41223,10916861,0,-303,1.33,2026-09-01T14:25:20+00:00,259.667,False,https://www.oddstrader.com/atp/?date=20260901&eid=4808928&g=match&m=winner,https://www.oddstrader.com/atp/?date=20260901&eid=4808928&g=match&m=merged
2026-09-01,4808928,2026-09-01T18:45:00+00:00,retired,US Open Men Singles,"New York, NY",Court 7,Corentin Moutet,41223,Dane Sweeny,72995,match,winner,126,opening,Everygame,29,180,Corentin Moutet,41223,10916861,0,-400,1.25,2026-08-28T10:37:40+00:00,6247.333,False,https://www.oddstrader.com/atp/?date=20260901&eid=4808928&g=match&m=winner,https://www.oddstrader.com/atp/?date=20260901&eid=4808928&g=match&m=merged
2026-09-01,4808928,2026-09-01T18:45:00+00:00,retired,US Open Men Singles,"New York, NY",Court 7,Corentin Moutet,41223,Dane Sweeny,72995,match,winner,126,closing,Everygame,29,180,Dane Sweeny,72995,11211973,0,220,3.2,2026-09-01T14:25:20+00:00,259.667,False,https://www.oddstrader.com/atp/?date=20260901&eid=4808928&g=match&m=winner,https://www.oddstrader.com/atp/?date=20260901&eid=4808928&g=match&m=merged
2026-09-01,4808928,2026-09-01T18:45:00+00:00,retired,US Open Men Singles,"New York, NY",Court 7,Corentin Moutet,41223,Dane Sweeny,72995,match,winner,126,opening,Everygame,29,180,Dane Sweeny,72995,11211973,0,280,3.8,2026-08-28T10:37:40+00:00,6247.333,False,https://www.oddstrader.com/atp/?date=20260901&eid=4808928&g=match&m=winner,https://www.oddstrader.com/atp/?date=20260901&eid=4808928&g=match&m=merged
2026-09-01,4808928,2026-09-01T18:45:00+00:00,retired,US Open Men Singles,"New York, NY",Court 7,Corentin Moutet,41223,Dane Sweeny,72995,match,winner,126,closing,Heritage,44,169,Corentin Moutet,41223,10916861,0,-244,1.41,2026-09-01T18:37:22+00:00,7.633,True,https://www.oddstrader.com/atp/?date=20260901&eid=4808928&g=match&m=winner,https://www.oddstrader.com/atp/?date=20260901&eid=4808928&g=match&m=merged
2026-09-01,4808928,2026-09-01T18:45:00+00:00,retired,US Open Men Singles,"New York, NY",Court 7,Corentin Moutet,41223,Dane Sweeny,72995,match,winner,126,opening,Heritage,44,169,Corentin Moutet,41223,10916861,0,-480,1.208,2026-08-27T20:02:29+00:00,7122.517,False,https://www.oddstrader.com/atp/?date=20260901&eid=4808928&g=match&m=winner,https://www.oddstrader.com/atp/?date=20260901&eid=4808928&g=match&m=merged
2026-09-01,4808928,2026-09-01T18:45:00+00:00,retired,US Open Men Singles,"New York, NY",Court 7,Corentin Moutet,41223,Dane Sweeny,72995,match,winner,126,closing,Heritage,44,169,Dane Sweeny,72995,11211973,0,194,2.94,2026-09-01T18:37:22+00:00,7.633,True,https://www.oddstrader.com/atp/?date=20260901&eid=4808928&g=match&m=winner,https://www.oddstrader.com/atp/?date=20260901&eid=4808928&g=match&m=merged
2026-09-01,4808928,2026-09-01T18:45:00+00:00,retired,US Open Men Singles,"New York, NY",Court 7,Corentin Moutet,41223,Dane Sweeny,72995,match,winner,126,opening,Heritage,44,169,Dane Sweeny,72995,11211973,0,340,4.4,2026-08-27T20:02:29+00:00,7122.517,False,https://www.oddstrader.com/atp/?date=20260901&eid=4808928&g=match&m=winner,https://www.oddstrader.com/atp/?date=20260901&eid=4808928&g=match&m=merged
2026-09-01,4808928,2026-09-01T18:45:00+00:00,retired,US Open Men Singles,"New York, NY",Court 7,Corentin Moutet,41223,Dane Sweeny,72995,match,winner,126,closing,JustBet,16,1275,Corentin Moutet,41223,10916861,0,-345,1.2899,2026-08-28T12:02:44+00:00,6162.267,False,https://www.oddstrader.com/atp/?date=20260901&eid=4808928&g=match&m=winner,https://www.oddstrader.com/atp/?date=20260901&eid=4808928&g=match&m=merged
2026-09-01,4808928,2026-09-01T18:45:00+00:00,retired,US Open Men Singles,"New York, NY",Court 7,Corentin Moutet,41223,Dane Sweeny,72995,match,winner,126,opening,JustBet,16,1275,Corentin Moutet,41223,10916861,0,-400,1.25,2026-08-27T23:57:52+00:00,6887.133,False,https://www.oddstrader.com/atp/?date=20260901&eid=4808928&g=match&m=winner,https://www.oddstrader.com/atp/?date=20260901&eid=4808928&g=match&m=merged
2026-09-01,4808928,2026-09-01T18:45:00+00:00,retired,US Open Men Singles,"New York, NY",Court 7,Corentin Moutet,41223,Dane Sweeny,72995,match,winner,126,closing,JustBet,16,1275,Dane Sweeny,72995,11211973,0,264,3.64,2026-08-28T12:02:44+00:00,6162.267,False,https://www.oddstrader.com/atp/?date=20260901&eid=4808928&g=match&m=winner,https://www.oddstrader.com/atp/?date=20260901&eid=4808928&g=match&m=merged
2026-09-01,4808928,2026-09-01T18:45:00+00:00,retired,US Open Men Singles,"New York, NY",Court 7,Corentin Moutet,41223,Dane Sweeny,72995,match,winner,126,opening,JustBet,16,1275,Dane Sweeny,72995,11211973,0,304,4.04,2026-08-27T23:57:52+00:00,6887.133,False,https://www.oddstrader.com/atp/?date=20260901&eid=4808928&g=match&m=winner,https://www.oddstrader.com/atp/?date=20260901&eid=4808928&g=match&m=merged
2026-09-01,4808928,2026-09-01T18:45:00+00:00,retired,US Open Men Singles,"New York, NY",Court 7,Corentin Moutet,41223,Dane Sweeny,72995,match,winner,126,closing,MyBookie,82,1680,Corentin Moutet,41223,10916861,0,-340,1.2941,2026-09-01T07:38:01+00:00,666.983,True,https://www.oddstrader.com/atp/?date=20260901&eid=4808928&g=match&m=winner,https://www.oddstrader.com/atp/?date=20260901&eid=4808928&g=match&m=merged
2026-09-01,4808928,2026-09-01T18:45:00+00:00,retired,US Open Men Singles,"New York, NY",Court 7,Corentin Moutet,41223,Dane Sweeny,72995,match,winner,126,opening,MyBookie,82,1680,Corentin Moutet,41223,10916861,0,-599,1.1669,2026-08-27T19:31:58+00:00,7153.033,False,https://www.oddstrader.com/atp/?date=20260901&eid=4808928&g=match&m=winner,https://www.oddstrader.com/atp/?date=20260901&eid=4808928&g=match&m=merged
2026-09-01,4808928,2026-09-01T18:45:00+00:00,retired,US Open Men Singles,"New York, NY",Court 7,Corentin Moutet,41223,Dane Sweeny,72995,match,winner,126,closing,MyBookie,82,1680,Dane Sweeny,72995,11211973,0,260,3.6,2026-09-01T07:38:01+00:00,666.983,True,https://www.oddstrader.com/atp/?date=20260901&eid=4808928&g=match&m=winner,https://www.oddstrader.com/atp/?date=20260901&eid=4808928&g=match&m=merged
2026-09-01,4808928,2026-09-01T18:45:00+00:00,retired,US Open Men Singles,"New York, NY",Court 7,Corentin Moutet,41223,Dane Sweeny,72995,match,winner,126,opening,MyBookie,82,1680,Dane Sweeny,72995,11211973,0,350,4.5,2026-08-27T19:31:58+00:00,7153.033,False,https://www.oddstrader.com/atp/?date=20260901&eid=4808928&g=match&m=winner,https://www.oddstrader.com/atp/?date=20260901&eid=4808928&g=match&m=merged
2026-09-01,4808928,2026-09-01T18:45:00+00:00,retired,US Open Men Singles,"New York, NY",Court 7,Corentin Moutet,41223,Dane Sweeny,72995,match,winner,126,closing,SportsBetting,131,99,Corentin Moutet,41223,10916861,0,-225,1.4444,2026-09-01T15:28:39+00:00,196.35,False,https://www.oddstrader.com/atp/?date=20260901&eid=4808928&g=match&m=winner,https://www.oddstrader.com/atp/?date=20260901&eid=4808928&g=match&m=merged
2026-09-01,4808928,2026-09-01T18:45:00+00:00,retired,US Open Men Singles,"New York, NY",Court 7,Corentin Moutet,41223,Dane Sweeny,72995,match,winner,126,opening,SportsBetting,131,99,Corentin Moutet,41223,10916861,0,-355,1.2817,2026-08-28T10:36:21+00:00,6248.65,False,https://www.oddstrader.com/atp/?date=20260901&eid=4808928&g=match&m=winner,https://www.oddstrader.com/atp/?date=20260901&eid=4808928&g=match&m=merged
2026-09-01,4808928,2026-09-01T18:45:00+00:00,retired,US Open Men Singles,"New York, NY",Court 7,Corentin Moutet,41223,Dane Sweeny,72995,match,winner,126,closing,SportsBetting,131,99,Dane Sweeny,72995,11211973,0,195,2.95,2026-09-01T15:28:39+00:00,196.35,False,https://www.oddstrader.com/atp/?date=20260901&eid=4808928&g=match&m=winner,https://www.oddstrader.com/atp/?date=20260901&eid=4808928&g=match&m=merged
2026-09-01,4808928,2026-09-01T18:45:00+00:00,retired,US Open Men Singles,"New York, NY",Court 7,Corentin Moutet,41223,Dane Sweeny,72995,match,winner,126,opening,SportsBetting,131,99,Dane Sweeny,72995,11211973,0,285,3.85,2026-08-28T10:36:21+00:00,6248.65,False,https://www.oddstrader.com/atp/?date=20260901&eid=4808928&g=match&m=winner,https://www.oddstrader.com/atp/?date=20260901&eid=4808928&g=match&m=merged
2026-09-01,4808897,2026-09-01T18:50:00+00:00,complete,US Open Men Singles,"New York, NY",Court 5,Francisco Cerundolo,69332,Filip Misolic,427381,1st-set,winner,279,closing,BetOnline,8,1096,Filip Misolic,427381,9408930,0,420,5.2,2026-08-28T13:19:43+00:00,6090.283,False,https://www.oddstrader.com/atp/?date=20260901&eid=4808897&g=1st-set&m=winner,https://www.oddstrader.com/atp/?date=20260901&eid=4808897&g=1st-set&m=merged
2026-09-01,4808897,2026-09-01T18:50:00+00:00,complete,US Open Men Singles,"New York, NY",Court 5,Francisco Cerundolo,69332,Filip Misolic,427381,1st-set,winner,279,opening,BetOnline,8,1096,Filip Misolic,427381,9408930,0,420,5.2,2026-08-28T13:19:43+00:00,6090.283,False,https://www.oddstrader.com/atp/?date=20260901&eid=4808897&g=1st-set&m=winner,https://www.oddstrader.com/atp/?date=20260901&eid=4808897&g=1st-set&m=merged
2026-09-01,4808897,2026-09-01T18:50:00+00:00,complete,US Open Men Singles,"New York, NY",Court 5,Francisco Cerundolo,69332,Filip Misolic,427381,1st-set,winner,279,closing,BetOnline,8,1096,Francisco Cerundolo,69332,10916482,0,-525,1.1905,2026-08-28T13:19:43+00:00,6090.283,False,https://www.oddstrader.com/atp/?date=20260901&eid=4808897&g=1st-set&m=winner,https://www.oddstrader.com/atp/?date=20260901&eid=4808897&g=1st-set&m=merged
2026-09-01,4808897,2026-09-01T18:50:00+00:00,complete,US Open Men Singles,"New York, NY",Court 5,Francisco Cerundolo,69332,Filip Misolic,427381,1st-set,winner,279,opening,BetOnline,8,1096,Francisco Cerundolo,69332,10916482,0,-525,1.1905,2026-08-28T13:19:43+00:00,6090.283,False,https://www.oddstrader.com/atp/?date=20260901&eid=4808897&g=1st-set&m=winner,https://www.oddstrader.com/atp/?date=20260901&eid=4808897&g=1st-set&m=merged
2026-09-01,4808897,2026-09-01T18:50:00+00:00,complete,US Open Men Singles,"New York, NY",Court 5,Francisco Cerundolo,69332,Filip Misolic,427381,1st-set,winner,279,closing,SportsBetting,131,99,Filip Misolic,427381,9408930,0,420,5.2,2026-08-28T13:19:43+00:00,6090.283,False,https://www.oddstrader.com/atp/?date=20260901&eid=4808897&g=1st-set&m=winner,https://www.oddstrader.com/atp/?date=20260901&eid=4808897&g=1st-set&m=merged
2026-09-01,4808897,2026-09-01T18:50:00+00:00,complete,US Open Men Singles,"New York, NY",Court 5,Francisco Cerundolo,69332,Filip Misolic,427381,1st-set,winner,279,opening,SportsBetting,131,99,Filip Misolic,427381,9408930,0,420,5.2,2026-08-28T13:19:43+00:00,6090.283,False,https://www.oddstrader.com/atp/?date=20260901&eid=4808897&g=1st-set&m=winner,https://www.oddstrader.com/atp/?date=20260901&eid=4808897&g=1st-set&m=merged
2026-09-01,4808897,2026-09-01T18:50:00+00:00,complete,US Open Men Singles,"New York, NY",Court 5,Francisco Cerundolo,69332,Filip Misolic,427381,1st-set,winner,279,closing,SportsBetting,131,99,Francisco Cerundolo,69332,10916482,0,-525,1.1905,2026-08-28T13:19:43+00:00,6090.283,False,https://www.oddstrader.com/atp/?date=20260901&eid=4808897&g=1st-set&m=winner,https://www.oddstrader.com/atp/?date=20260901&eid=4808897&g=1st-set&m=merged
2026-09-01,4808897,2026-09-01T18:50:00+00:00,complete,US Open Men Singles,"New York, NY",Court 5,Francisco Cerundolo,69332,Filip Misolic,427381,1st-set,winner,279,opening,SportsBetting,131,99,Francisco Cerundolo,69332,10916482,0,-525,1.1905,2026-08-28T13:19:43+00:00,6090.283,False,https://www.oddstrader.com/atp/?date=20260901&eid=4808897&g=1st-set&m=winner,https://www.oddstrader.com/atp/?date=20260901&eid=4808897&g=1st-set&m=merged
2026-09-01,4808897,2026-09-01T18:50:00+00:00,complete,US Open Men Singles,"New York, NY",Court 5,Francisco Cerundolo,69332,Filip Misolic,427381,match,spread,395,opening,Bet105,130,3174,Filip Misolic,427381,10961669,8,103,2.03,2026-08-28T10:20:05+00:00,6269.917,False,https://www.oddstrader.com/atp/?date=20260901&eid=4808897&g=match&m=spread,https://www.oddstrader.com/atp/?date=20260901&eid=4808897&g=match&m=merged
2026-09-01,4808897,2026-09-01T18:50:00+00:00,complete,US Open Men Singles,"New York, NY",Court 5,Francisco Cerundolo,69332,Filip Misolic,427381,match,spread,395,opening,Bet105,130,3174,Francisco Cerundolo,69332,11259860,-8,-122,1.82,2026-08-28T10:20:05+00:00,6269.917,False,https://www.oddstrader.com/atp/?date=20260901&eid=4808897&g=match&m=spread,https://www.oddstrader.com/atp/?date=20260901&eid=4808897&g=match&m=merged
2026-09-01,4808897,2026-09-01T18:50:00+00:00,complete,US Open Men Singles,"New York, NY",Court 5,Francisco Cerundolo,69332,Filip Misolic,427381,match,spread,395,closing,BetAnything,123,1061,Filip Misolic,427381,9592507,8.5,-125,1.8,2026-09-01T08:03:24+00:00,646.6,False,https://www.oddstrader.com/atp/?date=20260901&eid=4808897&g=match&m=spread,https://www.oddstrader.com/atp/?date=20260901&eid=4808897&g=match&m=merged
2026-09-01,4808897,2026-09-01T18:50:00+00:00,complete,US Open Men Singles,"New York, NY",Court 5,Francisco Cerundolo,69332,Filip Misolic,427381,match,spread,395,opening,BetAnything,123,1061,Filip Misolic,427381,9592507,8.5,-130,1.7692,2026-08-28T22:41:29+00:00,5528.517,False,https://www.oddstrader.com/atp/?date=20260901&eid=4808897&g=match&m=spread,https://www.oddstrader.com/atp/?date=20260901&eid=4808897&g=match&m=merged
2026-09-01,4808897,2026-09-01T18:50:00+00:00,complete,US Open Men Singles,"New York, NY",Court 5,Francisco Cerundolo,69332,Filip Misolic,427381,match,spread,395,closing,BetAnything,123,1061,Francisco Cerundolo,69332,10930269,-8.5,-105,1.9524,2026-09-01T08:03:24+00:00,646.6,False,https://www.oddstrader.com/atp/?date=20260901&eid=4808897&g=match&m=spread,https://www.oddstrader.com/atp/?date=20260901&eid=4808897&g=match&m=merged
2026-09-01,4808897,2026-09-01T18:50:00+00:00,complete,US Open Men Singles,"New York, NY",Court 5,Francisco Cerundolo,69332,Filip Misolic,427381,match,spread,395,opening,BetAnything,123,1061,Francisco Cerundolo,69332,10930269,-8.5,100,2,2026-08-28T22:41:29+00:00,5528.517,False,https://www.oddstrader.com/atp/?date=20260901&eid=4808897&g=match&m=spread,https://www.oddstrader.com/atp/?date=20260901&eid=4808897&g=match&m=merged
2026-09-01,4808897,2026-09-01T18:50:00+00:00,complete,US Open Men Singles,"New York, NY",Court 5,Francisco Cerundolo,69332,Filip Misolic,427381,match,spread,395,closing,BetOnline,8,1096,Filip Misolic,427381,9592507,8.5,-115,1.8696,2026-09-01T18:12:17+00:00,37.717,True,https://www.oddstrader.com/atp/?date=20260901&eid=4808897&g=match&m=spread,https://www.oddstrader.com/atp/?date=20260901&eid=4808897&g=match&m=merged
2026-09-01,4808897,2026-09-01T18:50:00+00:00,complete,US Open Men Singles,"New York, NY",Court 5,Francisco Cerundolo,69332,Filip Misolic,427381,match,spread,395,opening,BetOnline,8,1096,Filip Misolic,427381,9592507,8.5,-127,1.7874,2026-08-28T11:27:19+00:00,6202.683,False,https://www.oddstrader.com/atp/?date=20260901&eid=4808897&g=match&m=spread,https://www.oddstrader.com/atp/?date=20260901&eid=4808897&g=match&m=merged
2026-09-01,4808897,2026-09-01T18:50:00+00:00,complete,US Open Men Singles,"New York, NY",Court 5,Francisco Cerundolo,69332,Filip Misolic,427381,match,spread,395,closing,BetOnline,8,1096,Francisco Cerundolo,69332,10930269,-8.5,-105,1.9524,2026-09-01T18:12:17+00:00,37.717,True,https://www.oddstrader.com/atp/?date=20260901&eid=4808897&g=match&m=spread,https://www.oddstrader.com/atp/?date=20260901&eid=4808897&g=match&m=merged
2026-09-01,4808897,2026-09-01T18:50:00+00:00,complete,US Open Men Singles,"New York, NY",Court 5,Francisco Cerundolo,69332,Filip Misolic,427381,match,spread,395,opening,BetOnline,8,1096,Francisco Cerundolo,69332,10930269,-8.5,107,2.07,2026-08-28T11:27:19+00:00,6202.683,False,https://www.oddstrader.com/atp/?date=20260901&eid=4808897&g=match&m=spread,https://www.oddstrader.com/atp/?date=20260901&eid=4808897&g=match&m=merged
2026-09-01,4808897,2026-09-01T18:50:00+00:00,complete,US Open Men Singles,"New York, NY",Court 5,Francisco Cerundolo,69332,Filip Misolic,427381,match,spread,395,closing,Bookmaker,10,93,Filip Misolic,427381,9592507,8.5,-115,1.8696,2026-08-30T11:18:49+00:00,3331.183,False,https://www.oddstrader.com/atp/?date=20260901&eid=4808897&g=match&m=spread,https://www.oddstrader.com/atp/?date=20260901&eid=4808897&g=match&m=merged
2026-09-01,4808897,2026-09-01T18:50:00+00:00,complete,US Open Men Singles,"New York, NY",Court 5,Francisco Cerundolo,69332,Filip Misolic,427381,match,spread,395,opening,Bookmaker,10,93,Filip Misolic,427381,10961669,8,-103,1.9709,2026-08-28T10:17:13+00:00,6272.783,False,https://www.oddstrader.com/atp/?date=20260901&eid=4808897&g=match&m=spread,https://www.oddstrader.com/atp/?date=20260901&eid=4808897&g=match&m=merged
2026-09-01,4808897,2026-09-01T18:50:00+00:00,complete,US Open Men Singles,"New York, NY",Court 5,Francisco Cerundolo,69332,Filip Misolic,427381,match,spread,395,closing,Bookmaker,10,93,Francisco Cerundolo,69332,10930269,-8.5,-106,1.9434,2026-08-30T11:18:49+00:00,3331.183,False,https://www.oddstrader.com/atp/?date=20260901&eid=4808897&g=match&m=spread,https://www.oddstrader.com/atp/?date=20260901&eid=4808897&g=match&m=merged
2026-09-01,4808897,2026-09-01T18:50:00+00:00,complete,US Open Men Singles,"New York, NY",Court 5,Francisco Cerundolo,69332,Filip Misolic,427381,match,spread,395,opening,Bookmaker,10,93,Francisco Cerundolo,69332,11259860,-8,-119,1.8403,2026-08-28T10:17:13+00:00,6272.783,False,https://www.oddstrader.com/atp/?date=20260901&eid=4808897&g=match&m=spread,https://www.oddstrader.com/atp/?date=20260901&eid=4808897&g=match&m=merged
2026-09-01,4808897,2026-09-01T18:50:00+00:00,complete,US Open Men Singles,"New York, NY",Court 5,Francisco Cerundolo,69332,Filip Misolic,427381,match,spread,395,closing,Bovada,9,1618,Filip Misolic,427381,9592507,8.5,-120,1.8333,2026-09-01T16:58:48+00:00,111.2,True,https://www.oddstrader.com/atp/?date=20260901&eid=4808897&g=match&m=spread,https://www.oddstrader.com/atp/?date=20260901&eid=4808897&g=match&m=merged
2026-09-01,4808897,2026-09-01T18:50:00+00:00,complete,US Open Men Singles,"New York, NY",Court 5,Francisco Cerundolo,69332,Filip Misolic,427381,match,spread,395,opening,Bovada,9,1618,Filip Misolic,427381,9592507,8.5,-120,1.8333,2026-08-27T22:40:02+00:00,6969.967,False,https://www.oddstrader.com/atp/?date=20260901&eid=4808897&g=match&m=spread,https://www.oddstrader.com/atp/?date=20260901&eid=4808897&g=match&m=merged
2026-09-01,4808897,2026-09-01T18:50:00+00:00,complete,US Open Men Singles,"New York, NY",Court 5,Francisco Cerundolo,69332,Filip Misolic,427381,match,spread,395,closing,Bovada,9,1618,Francisco Cerundolo,69332,10930269,-8.5,-110,1.9091,2026-09-01T16:58:48+00:00,111.2,True,https://www.oddstrader.com/atp/?date=20260901&eid=4808897&g=match&m=spread,https://www.oddstrader.com/atp/?date=20260901&eid=4808897&g=match&m=merged
2026-09-01,4808897,2026-09-01T18:50:00+00:00,complete,US Open Men Singles,"New York, NY",Court 5,Francisco Cerundolo,69332,Filip Misolic,427381,match,spread,395,opening,Bovada,9,1618,Francisco Cerundolo,69332,10930269,-8.5,-110,1.9091,2026-08-27T22:40:02+00:00,6969.967,False,https://www.oddstrader.com/atp/?date=20260901&eid=4808897&g=match&m=spread,https://www.oddstrader.com/atp/?date=20260901&eid=4808897&g=match&m=merged
2026-09-01,4808897,2026-09-01T18:50:00+00:00,complete,US Open Men Singles,"New York, NY",Court 5,Francisco Cerundolo,69332,Filip Misolic,427381,match,spread,395,closing,Everygame,29,180,Filip Misolic,427381,9592507,8.5,-125,1.8,2026-09-01T11:34:04+00:00,435.933,False,https://www.oddstrader.com/atp/?date=20260901&eid=4808897&g=match&m=spread,https://www.oddstrader.com/atp/?date=20260901&eid=4808897&g=match&m=merged
2026-09-01,4808897,2026-09-01T18:50:00+00:00,complete,US Open Men Singles,"New York, NY",Court 5,Francisco Cerundolo,69332,Filip Misolic,427381,match,spread,395,opening,Everygame,29,180,Filip Misolic,427381,9592507,8.5,-143,1.7,2026-08-28T10:37:40+00:00,6252.333,False,https://www.oddstrader.com/atp/?date=20260901&eid=4808897&g=match&m=spread,https://www.oddstrader.com/atp/?date=20260901&eid=4808897&g=match&m=merged
2026-09-01,4808897,2026-09-01T18:50:00+00:00,complete,US Open Men Singles,"New York, NY",Court 5,Francisco Cerundolo,69332,Filip Misolic,427381,match,spread,395,closing,Everygame,29,180,Francisco Cerundolo,69332,10930269,-8.5,-111,1.9,2026-09-01T11:34:04+00:00,435.933,False,https://www.oddstrader.com/atp/?date=20260901&eid=4808897&g=match&m=spread,https://www.oddstrader.com/atp/?date=20260901&eid=4808897&g=match&m=merged
2026-09-01,4808897,2026-09-01T18:50:00+00:00,complete,US Open Men Singles,"New York, NY",Court 5,Francisco Cerundolo,69332,Filip Misolic,427381,match,spread,395,opening,Everygame,29,180,Francisco Cerundolo,69332,10930269,-8.5,100,2,2026-08-28T10:37:40+00:00,6252.333,False,https://www.oddstrader.com/atp/?date=20260901&eid=4808897&g=match&m=spread,https://www.oddstrader.com/atp/?date=20260901&eid=4808897&g=match&m=merged
2026-09-01,4808897,2026-09-01T18:50:00+00:00,complete,US Open Men Singles,"New York, NY",Court 5,Francisco Cerundolo,69332,Filip Misolic,427381,match,spread,395,closing,Heritage,44,169,Filip Misolic,427381,9592507,8.5,-120,1.833,2026-09-01T18:37:22+00:00,12.633,False,https://www.oddstrader.com/atp/?date=20260901&eid=4808897&g=match&m=spread,https://www.oddstrader.com/atp/?date=20260901&eid=4808897&g=match&m=merged
2026-09-01,4808897,2026-09-01T18:50:00+00:00,complete,US Open Men Singles,"New York, NY",Court 5,Francisco Cerundolo,69332,Filip Misolic,427381,match,spread,395,opening,Heritage,44,169,Filip Misolic,427381,9592507,8.5,-115,1.87,2026-08-27T22:44:11+00:00,6965.817,False,https://www.oddstrader.com/atp/?date=20260901&eid=4808897&g=match&m=spread,https://www.oddstrader.com/atp/?date=20260901&eid=4808897&g=match&m=merged
2026-09-01,4808897,2026-09-01T18:50:00+00:00,complete,US Open Men Singles,"New York, NY",Court 5,Francisco Cerundolo,69332,Filip Misolic,427381,match,spread,395,closing,Heritage,44,169,Francisco Cerundolo,69332,10930269,-8.5,-112,1.893,2026-09-01T18:37:22+00:00,12.633,False,https://www.oddstrader.com/atp/?date=20260901&eid=4808897&g=match&m=spread,https://www.oddstrader.com/atp/?date=20260901&eid=4808897&g=match&m=merged
2026-09-01,4808897,2026-09-01T18:50:00+00:00,complete,US Open Men Singles,"New York, NY",Court 5,Francisco Cerundolo,69332,Filip Misolic,427381,match,spread,395,opening,Heritage,44,169,Francisco Cerundolo,69332,10930269,-8.5,-121,1.826,2026-08-27T22:44:11+00:00,6965.817,False,https://www.oddstrader.com/atp/?date=20260901&eid=4808897&g=match&m=spread,https://www.oddstrader.com/atp/?date=20260901&eid=4808897&g=match&m=merged
2026-09-01,4808897,2026-09-01T18:50:00+00:00,complete,US Open Men Singles,"New York, NY",Court 5,Francisco Cerundolo,69332,Filip Misolic,427381,match,spread,395,closing,JustBet,16,1275,Filip Misolic,427381,9592507,8.5,-115,1.8696,2026-08-30T11:20:33+00:00,3329.45,False,https://www.oddstrader.com/atp/?date=20260901&eid=4808897&g=match&m=spread,https://www.oddstrader.com/atp/?date=20260901&eid=4808897&g=match&m=merged
2026-09-01,4808897,2026-09-01T18:50:00+00:00,complete,US Open Men Singles,"New York, NY",Court 5,Francisco Cerundolo,69332,Filip Misolic,427381,match,spread,395,opening,JustBet,16,1275,Filip Misolic,427381,10961669,8,-103,1.9709,2026-08-28T10:17:26+00:00,6272.567,False,https://www.oddstrader.com/atp/?date=20260901&eid=4808897&g=match&m=spread,https://www.oddstrader.com/atp/?date=20260901&eid=4808897&g=match&m=merged
2026-09-01,4808897,2026-09-01T18:50:00+00:00,complete,US Open Men Singles,"New York, NY",Court 5,Francisco Cerundolo,69332,Filip Misolic,427381,match,spread,395,closing,JustBet,16,1275,Francisco Cerundolo,69332,10930269,-8.5,-106,1.9434,2026-08-30T11:20:33+00:00,3329.45,False,https://www.oddstrader.com/atp/?date=20260901&eid=4808897&g=match&m=spread,https://www.oddstrader.com/atp/?date=20260901&eid=4808897&g=match&m=merged
2026-09-01,4808897,2026-09-01T18:50:00+00:00,complete,US Open Men Singles,"New York, NY",Court 5,Francisco Cerundolo,69332,Filip Misolic,427381,match,spread,395,opening,JustBet,16,1275,Francisco Cerundolo,69332,11259860,-8,-119,1.8403,2026-08-28T10:17:26+00:00,6272.567,False,https://www.oddstrader.com/atp/?date=20260901&eid=4808897&g=match&m=spread,https://www.oddstrader.com/atp/?date=20260901&eid=4808897&g=match&m=merged
2026-09-01,4808897,2026-09-01T18:50:00+00:00,complete,US Open Men Singles,"New York, NY",Court 5,Francisco Cerundolo,69332,Filip Misolic,427381,match,spread,395,closing,MyBookie,82,1680,Filip Misolic,427381,9592507,8.5,-124,1.8065,2026-09-01T12:52:05+00:00,357.917,True,https://www.oddstrader.com/atp/?date=20260901&eid=4808897&g=match&m=spread,https://www.oddstrader.com/atp/?date=20260901&eid=4808897&g=match&m=merged
2026-09-01,4808897,2026-09-01T18:50:00+00:00,complete,US Open Men Singles,"New York, NY",Court 5,Francisco Cerundolo,69332,Filip Misolic,427381,match,spread,395,opening,MyBookie,82,1680,Filip Misolic,427381,9592507,8.5,-124,1.8065,2026-08-28T15:10:28+00:00,5979.533,False,https://www.oddstrader.com/atp/?date=20260901&eid=4808897&g=match&m=spread,https://www.oddstrader.com/atp/?date=20260901&eid=4808897&g=match&m=merged
2026-09-01,4808897,2026-09-01T18:50:00+00:00,complete,US Open Men Singles,"New York, NY",Court 5,Francisco Cerundolo,69332,Filip Misolic,427381,match,spread,395,closing,MyBookie,82,1680,Francisco Cerundolo,69332,10930269,-8.5,-111,1.9009,2026-09-01T12:52:05+00:00,357.917,True,https://www.oddstrader.com/atp/?date=20260901&eid=4808897&g=match&m=spread,https://www.oddstrader.com/atp/?date=20260901&eid=4808897&g=match&m=merged
2026-09-01,4808897,2026-09-01T18:50:00+00:00,complete,US Open Men Singles,"New York, NY",Court 5,Francisco Cerundolo,69332,Filip Misolic,427381,match,spread,395,opening,MyBookie,82,1680,Francisco Cerundolo,69332,10930269,-8.5,-116,1.8621,2026-08-28T15:10:28+00:00,5979.533,False,https://www.oddstrader.com/atp/?date=20260901&eid=4808897&g=match&m=spread,https://www.oddstrader.com/atp/?date=20260901&eid=4808897&g=match&m=merged
2026-09-01,4808897,2026-09-01T18:50:00+00:00,complete,US Open Men Singles,"New York, NY",Court 5,Francisco Cerundolo,69332,Filip Misolic,427381,match,spread,395,closing,SportsBetting,131,99,Filip Misolic,427381,9592507,8.5,-115,1.8696,2026-09-01T18:12:17+00:00,37.717,False,https://www.oddstrader.com/atp/?date=20260901&eid=4808897&g=match&m=spread,https://www.oddstrader.com/atp/?date=20260901&eid=4808897&g=match&m=merged
2026-09-01,4808897,2026-09-01T18:50:00+00:00,complete,US Open Men Singles,"New York, NY",Court 5,Francisco Cerundolo,69332,Filip Misolic,427381,match,spread,395,opening,SportsBetting,131,99,Filip Misolic,427381,9592507,8.5,-127,1.7874,2026-08-28T11:27:19+00:00,6202.683,False,https://www.oddstrader.com/atp/?date=20260901&eid=4808897&g=match&m=spread,https://www.oddstrader.com/atp/?date=20260901&eid=4808897&g=match&m=merged
2026-09-01,4808897,2026-09-01T18:50:00+00:00,complete,US Open Men Singles,"New York, NY",Court 5,Francisco Cerundolo,69332,Filip Misolic,427381,match,spread,395,closing,SportsBetting,131,99,Francisco Cerundolo,69332,10930269,-8.5,-105,1.9524,2026-09-01T18:12:17+00:00,37.717,False,https://www.oddstrader.com/atp/?date=20260901&eid=4808897&g=match&m=spread,https://www.oddstrader.com/atp/?date=20260901&eid=4808897&g=match&m=merged
2026-09-01,4808897,2026-09-01T18:50:00+00:00,complete,US Open Men Singles,"New York, NY",Court 5,Francisco Cerundolo,69332,Filip Misolic,427381,match,spread,395,opening,SportsBetting,131,99,Francisco Cerundolo,69332,10930269,-8.5,107,2.07,2026-08-28T11:27:19+00:00,6202.683,False,https://www.oddstrader.com/atp/?date=20260901&eid=4808897&g=match&m=spread,https://www.oddstrader.com/atp/?date=20260901&eid=4808897&g=match&m=merged
2026-09-01,4808897,2026-09-01T18:50:00+00:00,complete,US Open Men Singles,"New York, NY",Court 5,Francisco Cerundolo,69332,Filip Misolic,427381,match,total,396,opening,Bet105,130,3174,option_15143,15143,119581,30,-116,1.862,2026-08-28T10:20:05+00:00,6269.917,False,https://www.oddstrader.com/atp/?date=20260901&eid=4808897&g=match&m=total,https://www.oddstrader.com/atp/?date=20260901&eid=4808897&g=match&m=merged
2026-09-01,4808897,2026-09-01T18:50:00+00:00,complete,US Open Men Singles,"New York, NY",Court 5,Francisco Cerundolo,69332,Filip Misolic,427381,match,total,396,opening,Bet105,130,3174,option_15144,15144,119599,30,-103,1.971,2026-08-28T10:20:05+00:00,6269.917,False,https://www.oddstrader.com/atp/?date=20260901&eid=4808897&g=match&m=total,https://www.oddstrader.com/atp/?date=20260901&eid=4808897&g=match&m=merged
2026-09-01,4808897,2026-09-01T18:50:00+00:00,complete,US Open Men Singles,"New York, NY",Court 5,Francisco Cerundolo,69332,Filip Misolic,427381,match,total,396,closing,BetAnything,123,1061,option_15143,15143,119600,30.5,-105,1.9524,2026-09-01T07:58:24+00:00,651.6,False,https://www.oddstrader.com/atp/?date=20260901&eid=4808897&g=match&m=total,https://www.oddstrader.com/atp/?date=20260901&eid=4808897&g=match&m=merged
2026-09-01,4808897,2026-09-01T18:50:00+00:00,complete,US Open Men Singles,"New York, NY",Court 5,Francisco Cerundolo,69332,Filip Misolic,427381,match,total,396,opening,BetAnything,123,1061,option_15143,15143,119581,30,-115,1.8696,2026-08-28T22:41:29+00:00,5528.517,False,https://www.oddstrader.com/atp/?date=20260901&eid=4808897&g=match&m=total,https://www.oddstrader.com/atp/?date=20260901&eid=4808897&g=match&m=merged
2026-09-01,4808897,2026-09-01T18:50:00+00:00,complete,US Open Men Singles,"New York, NY",Court 5,Francisco Cerundolo,69332,Filip Misolic,427381,match,total,396,closing,BetAnything,123,1061,option_15144,15144,119670,30.5,-125,1.8,2026-09-01T07:58:24+00:00,651.6,False,https://www.oddstrader.com/atp/?date=20260901&eid=4808897&g=match&m=total,https://www.oddstrader.com/atp/?date=20260901&eid=4808897&g=match&m=merged
2026-09-01,4808897,2026-09-01T18:50:00+00:00,complete,US Open Men Singles,"New York, NY",Court 5,Francisco Cerundolo,69332,Filip Misolic,427381,match,total,396,opening,BetAnything,123,1061,option_15144,15144,119599,30,-115,1.8696,2026-08-28T22:41:29+00:00,5528.517,False,https://www.oddstrader.com/atp/?date=20260901&eid=4808897&g=match&m=total,https://www.oddstrader.com/atp/?date=20260901&eid=4808897&g=match&m=merged
2026-09-01,4808897,2026-09-01T18:50:00+00:00,complete,US Open Men Singles,"New York, NY",Court 5,Francisco Cerundolo,69332,Filip Misolic,427381,match,total,396,closing,BetOnline,8,1096,option_15143,15143,119580,29.5,-115,1.8696,2026-09-01T14:58:04+00:00,231.933,False,https://www.oddstrader.com/atp/?date=20260901&eid=4808897&g=match&m=total,https://www.oddstrader.com/atp/?date=20260901&eid=4808897&g=match&m=merged
2026-09-01,4808897,2026-09-01T18:50:00+00:00,complete,US Open Men Singles,"New York, NY",Court 5,Francisco Cerundolo,69332,Filip Misolic,427381,match,total,396,opening,BetOnline,8,1096,option_15143,15143,119580,29.5,-127,1.7874,2026-08-28T11:27:19+00:00,6202.683,False,https://www.oddstrader.com/atp/?date=20260901&eid=4808897&g=match&m=total,https://www.oddstrader.com/atp/?date=20260901&eid=4808897&g=match&m=merged
2026-09-01,4808897,2026-09-01T18:50:00+00:00,complete,US Open Men Singles,"New York, NY",Court 5,Francisco Cerundolo,69332,Filip Misolic,427381,match,total,396,closing,BetOnline,8,1096,option_15144,15144,119598,29.5,-105,1.9524,2026-09-01T14:58:04+00:00,231.933,False,https://www.oddstrader.com/atp/?date=20260901&eid=4808897&g=match&m=total,https://www.oddstrader.com/atp/?date=20260901&eid=4808897&g=match&m=merged
2026-09-01,4808897,2026-09-01T18:50:00+00:00,complete,US Open Men Singles,"New York, NY",Court 5,Francisco Cerundolo,69332,Filip Misolic,427381,match,total,396,opening,BetOnline,8,1096,option_15144,15144,119598,29.5,107,2.07,2026-08-28T11:27:19+00:00,6202.683,False,https://www.oddstrader.com/atp/?date=20260901&eid=4808897&g=match&m=total,https://www.oddstrader.com/atp/?date=20260901&eid=4808897&g=match&m=merged
2026-09-01,4808897,2026-09-01T18:50:00+00:00,complete,US Open Men Singles,"New York, NY",Court 5,Francisco Cerundolo,69332,Filip Misolic,427381,match,total,396,closing,Bookmaker,10,93,option_15143,15143,119581,30,-111,1.9009,2026-08-29T12:12:22+00:00,4717.633,False,https://www.oddstrader.com/atp/?date=20260901&eid=4808897&g=match&m=total,https://www.oddstrader.com/atp/?date=20260901&eid=4808897&g=match&m=merged
2026-09-01,4808897,2026-09-01T18:50:00+00:00,complete,US Open Men Singles,"New York, NY",Court 5,Francisco Cerundolo,69332,Filip Misolic,427381,match,total,396,opening,Bookmaker,10,93,option_15143,15143,119600,30.5,-110,1.9091,2026-08-28T10:17:13+00:00,6272.783,False,https://www.oddstrader.com/atp/?date=20260901&eid=4808897&g=match&m=total,https://www.oddstrader.com/atp/?date=20260901&eid=4808897&g=match&m=merged
2026-09-01,4808897,2026-09-01T18:50:00+00:00,complete,US Open Men Singles,"New York, NY",Court 5,Francisco Cerundolo,69332,Filip Misolic,427381,match,total,396,closing,Bookmaker,10,93,option_15144,15144,119599,30,-110,1.9091,2026-08-29T12:12:22+00:00,4717.633,False,https://www.oddstrader.com/atp/?date=20260901&eid=4808897&g=match&m=total,https://www.oddstrader.com/atp/?date=20260901&eid=4808897&g=match&m=merged
2026-09-01,4808897,2026-09-01T18:50:00+00:00,complete,US Open Men Singles,"New York, NY",Court 5,Francisco Cerundolo,69332,Filip Misolic,427381,match,total,396,opening,Bookmaker,10,93,option_15144,15144,119670,30.5,-111,1.9009,2026-08-28T10:17:13+00:00,6272.783,False,https://www.oddstrader.com/atp/?date=20260901&eid=4808897&g=match&m=total,https://www.oddstrader.com/atp/?date=20260901&eid=4808897&g=match&m=merged
2026-09-01,4808897,2026-09-01T18:50:00+00:00,complete,US Open Men Singles,"New York, NY",Court 5,Francisco Cerundolo,69332,Filip Misolic,427381,match,total,396,closing,Bovada,9,1618,option_15143,15143,119580,29.5,-115,1.87,2026-09-01T17:05:22+00:00,104.633,True,https://www.oddstrader.com/atp/?date=20260901&eid=4808897&g=match&m=total,https://www.oddstrader.com/atp/?date=20260901&eid=4808897&g=match&m=merged
2026-09-01,4808897,2026-09-01T18:50:00+00:00,complete,US Open Men Singles,"New York, NY",Court 5,Francisco Cerundolo,69332,Filip Misolic,427381,match,total,396,opening,Bovada,9,1618,option_15143,15143,119600,30.5,-115,1.87,2026-08-27T22:40:02+00:00,6969.967,False,https://www.oddstrader.com/atp/?date=20260901&eid=4808897&g=match&m=total,https://www.oddstrader.com/atp/?date=20260901&eid=4808897&g=match&m=merged
2026-09-01,4808897,2026-09-01T18:50:00+00:00,complete,US Open Men Singles,"New York, NY",Court 5,Francisco Cerundolo,69332,Filip Misolic,427381,match,total,396,closing,Bovada,9,1618,option_15144,15144,119598,29.5,-115,1.87,2026-09-01T17:05:22+00:00,104.633,True,https://www.oddstrader.com/atp/?date=20260901&eid=4808897&g=match&m=total,https://www.oddstrader.com/atp/?date=20260901&eid=4808897&g=match&m=merged
2026-09-01,4808897,2026-09-01T18:50:00+00:00,complete,US Open Men Singles,"New York, NY",Court 5,Francisco Cerundolo,69332,Filip Misolic,427381,match,total,396,opening,Bovada,9,1618,option_15144,15144,119670,30.5,-115,1.87,2026-08-27T22:40:02+00:00,6969.967,False,https://www.oddstrader.com/atp/?date=20260901&eid=4808897&g=match&m=total,https://www.oddstrader.com/atp/?date=20260901&eid=4808897&g=match&m=merged
2026-09-01,4808897,2026-09-01T18:50:00+00:00,complete,US Open Men Singles,"New York, NY",Court 5,Francisco Cerundolo,69332,Filip Misolic,427381,match,total,396,closing,Everygame,29,180,option_15143,15143,119580,29.5,-118,1.85,2026-09-01T11:34:04+00:00,435.933,False,https://www.oddstrader.com/atp/?date=20260901&eid=4808897&g=match&m=total,https://www.oddstrader.com/atp/?date=20260901&eid=4808897&g=match&m=merged
2026-09-01,4808897,2026-09-01T18:50:00+00:00,complete,US Open Men Singles,"New York, NY",Court 5,Francisco Cerundolo,69332,Filip Misolic,427381,match,total,396,opening,Everygame,29,180,option_15143,15143,119600,30.5,-111,1.9,2026-08-28T10:37:40+00:00,6252.333,False,https://www.oddstrader.com/atp/?date=20260901&eid=4808897&g=match&m=total,https://www.oddstrader.com/atp/?date=20260901&eid=4808897&g=match&m=merged
2026-09-01,4808897,2026-09-01T18:50:00+00:00,complete,US Open Men Singles,"New York, NY",Court 5,Francisco Cerundolo,69332,Filip Misolic,427381,match,total,396,closing,Everygame,29,180,option_15144,15144,119598,29.5,-118,1.85,2026-09-01T11:34:04+00:00,435.933,False,https://www.oddstrader.com/atp/?date=20260901&eid=4808897&g=match&m=total,https://www.oddstrader.com/atp/?date=20260901&eid=4808897&g=match&m=merged
2026-09-01,4808897,2026-09-01T18:50:00+00:00,complete,US Open Men Singles,"New York, NY",Court 5,Francisco Cerundolo,69332,Filip Misolic,427381,match,total,396,opening,Everygame,29,180,option_15144,15144,119670,30.5,-125,1.8,2026-08-28T10:37:40+00:00,6252.333,False,https://www.oddstrader.com/atp/?date=20260901&eid=4808897&g=match&m=total,https://www.oddstrader.com/atp/?date=20260901&eid=4808897&g=match&m=merged
2026-09-01,4808897,2026-09-01T18:50:00+00:00,complete,US Open Men Singles,"New York, NY",Court 5,Francisco Cerundolo,69332,Filip Misolic,427381,match,total,396,closing,Heritage,44,169,option_15143,15143,119580,29.5,-119,1.84,2026-09-01T11:12:39+00:00,457.35,False,https://www.oddstrader.com/atp/?date=20260901&eid=4808897&g=match&m=total,https://www.oddstrader.com/atp/?date=20260901&eid=4808897&g=match&m=merged
2026-09-01,4808897,2026-09-01T18:50:00+00:00,complete,US Open Men Singles,"New York, NY",Court 5,Francisco Cerundolo,69332,Filip Misolic,427381,match,total,396,opening,Heritage,44,169,option_15143,15143,119578,28.5,-149,1.671,2026-08-27T22:44:11+00:00,6965.817,False,https://www.oddstrader.com/atp/?date=20260901&eid=4808897&g=match&m=total,https://www.oddstrader.com/atp/?date=20260901&eid=4808897&g=match&m=merged
2026-09-01,4808897,2026-09-01T18:50:00+00:00,complete,US Open Men Singles,"New York, NY",Court 5,Francisco Cerundolo,69332,Filip Misolic,427381,match,total,396,closing,Heritage,44,169,option_15144,15144,119598,29.5,-107,1.935,2026-09-01T11:12:39+00:00,457.35,False,https://www.oddstrader.com/atp/?date=20260901&eid=4808897&g=match&m=total,https://www.oddstrader.com/atp/?date=20260901&eid=4808897&g=match&m=merged
2026-09-01,4808897,2026-09-01T18:50:00+00:00,complete,US Open Men Singles,"New York, NY",Court 5,Francisco Cerundolo,69332,Filip Misolic,427381,match,total,396,opening,Heritage,44,169,option_15144,15144,119596,28.5,107,2.07,2026-08-27T22:44:11+00:00,6965.817,False,https://www.oddstrader.com/atp/?date=20260901&eid=4808897&g=match&m=total,https://www.oddstrader.com/atp/?date=20260901&eid=4808897&g=match&m=merged
2026-09-01,4808897,2026-09-01T18:50:00+00:00,complete,US Open Men Singles,"New York, NY",Court 5,Francisco Cerundolo,69332,Filip Misolic,427381,match,total,396,closing,JustBet,16,1275,option_15143,15143,119581,30,-111,1.9009,2026-08-29T12:12:35+00:00,4717.417,False,https://www.oddstrader.com/atp/?date=20260901&eid=4808897&g=match&m=total,https://www.oddstrader.com/atp/?date=20260901&eid=4808897&g=match&m=merged
2026-09-01,4808897,2026-09-01T18:50:00+00:00,complete,US Open Men Singles,"New York, NY",Court 5,Francisco Cerundolo,69332,Filip Misolic,427381,match,total,396,opening,JustBet,16,1275,option_15143,15143,119600,30.5,-110,1.9091,2026-08-28T10:17:26+00:00,6272.567,False,https://www.oddstrader.com/atp/?date=20260901&eid=4808897&g=match&m=total,https://www.oddstrader.com/atp/?date=20260901&eid=4808897&g=match&m=merged
2026-09-01,4808897,2026-09-01T18:50:00+00:00,complete,US Open Men Singles,"New York, NY",Court 5,Francisco Cerundolo,69332,Filip Misolic,427381,match,total,396,closing,JustBet,16,1275,option_15144,15144,119599,30,-110,1.9091,2026-08-29T12:12:35+00:00,4717.417,False,https://www.oddstrader.com/atp/?date=20260901&eid=4808897&g=match&m=total,https://www.oddstrader.com/atp/?date=20260901&eid=4808897&g=match&m=merged
2026-09-01,4808897,2026-09-01T18:50:00+00:00,complete,US Open Men Singles,"New York, NY",Court 5,Francisco Cerundolo,69332,Filip Misolic,427381,match,total,396,opening,JustBet,16,1275,option_15144,15144,119670,30.5,-111,1.9009,2026-08-28T10:17:26+00:00,6272.567,False,https://www.oddstrader.com/atp/?date=20260901&eid=4808897&g=match&m=total,https://www.oddstrader.com/atp/?date=20260901&eid=4808897&g=match&m=merged
2026-09-01,4808897,2026-09-01T18:50:00+00:00,complete,US Open Men Singles,"New York, NY",Court 5,Francisco Cerundolo,69332,Filip Misolic,427381,match,total,396,closing,MyBookie,82,1680,option_15143,15143,119600,30.5,-107,1.9346,2026-09-01T12:52:05+00:00,357.917,True,https://www.oddstrader.com/atp/?date=20260901&eid=4808897&g=match&m=total,https://www.oddstrader.com/atp/?date=20260901&eid=4808897&g=match&m=merged
2026-09-01,4808897,2026-09-01T18:50:00+00:00,complete,US Open Men Singles,"New York, NY",Court 5,Francisco Cerundolo,69332,Filip Misolic,427381,match,total,396,opening,MyBookie,82,1680,option_15143,15143,119600,30.5,-109,1.9174,2026-08-28T15:10:28+00:00,5979.533,False,https://www.oddstrader.com/atp/?date=20260901&eid=4808897&g=match&m=total,https://www.oddstrader.com/atp/?date=20260901&eid=4808897&g=match&m=merged
2026-09-01,4808897,2026-09-01T18:50:00+00:00,complete,US Open Men Singles,"New York, NY",Court 5,Francisco Cerundolo,69332,Filip Misolic,427381,match,total,396,closing,MyBookie,82,1680,option_15144,15144,119670,30.5,-129,1.7752,2026-09-01T12:52:05+00:00,357.917,True,https://www.oddstrader.com/atp/?date=20260901&eid=4808897&g=match&m=total,https://www.oddstrader.com/atp/?date=20260901&eid=4808897&g=match&m=merged
2026-09-01,4808897,2026-09-01T18:50:00+00:00,complete,US Open Men Singles,"New York, NY",Court 5,Francisco Cerundolo,69332,Filip Misolic,427381,match,total,396,opening,MyBookie,82,1680,option_15144,15144,119670,30.5,-132,1.7576,2026-08-28T15:10:28+00:00,5979.533,False,https://www.oddstrader.com/atp/?date=20260901&eid=4808897&g=match&m=total,https://www.oddstrader.com/atp/?date=20260901&eid=4808897&g=match&m=merged
2026-09-01,4808897,2026-09-01T18:50:00+00:00,complete,US Open Men Singles,"New York, NY",Court 5,Francisco Cerundolo,69332,Filip Misolic,427381,match,total,396,closing,SportsBetting,131,99,option_15143,15143,119580,29.5,-115,1.8696,2026-09-01T14:58:04+00:00,231.933,False,https://www.oddstrader.com/atp/?date=20260901&eid=4808897&g=match&m=total,https://www.oddstrader.com/atp/?date=20260901&eid=4808897&g=match&m=merged
2026-09-01,4808897,2026-09-01T18:50:00+00:00,complete,US Open Men Singles,"New York, NY",Court 5,Francisco Cerundolo,69332,Filip Misolic,427381,match,total,396,opening,SportsBetting,131,99,option_15143,15143,119580,29.5,-127,1.7874,2026-08-28T11:27:19+00:00,6202.683,False,https://www.oddstrader.com/atp/?date=20260901&eid=4808897&g=match&m=total,https://www.oddstrader.com/atp/?date=20260901&eid=4808897&g=match&m=merged
2026-09-01,4808897,2026-09-01T18:50:00+00:00,complete,US Open Men Singles,"New York, NY",Court 5,Francisco Cerundolo,69332,Filip Misolic,427381,match,total,396,closing,SportsBetting,131,99,option_15144,15144,119598,29.5,-105,1.9524,2026-09-01T14:58:04+00:00,231.933,False,https://www.oddstrader.com/atp/?date=20260901&eid=4808897&g=match&m=total,https://www.oddstrader.com/atp/?date=20260901&eid=4808897&g=match&m=merged
2026-09-01,4808897,2026-09-01T18:50:00+00:00,complete,US Open Men Singles,"New York, NY",Court 5,Francisco Cerundolo,69332,Filip Misolic,427381,match,total,396,opening,SportsBetting,131,99,option_15144,15144,119598,29.5,107,2.07,2026-08-28T11:27:19+00:00,6202.683,False,https://www.oddstrader.com/atp/?date=20260901&eid=4808897&g=match&m=total,https://www.oddstrader.com/atp/?date=20260901&eid=4808897&g=match&m=merged
2026-09-01,4808897,2026-09-01T18:50:00+00:00,complete,US Open Men Singles,"New York, NY",Court 5,Francisco Cerundolo,69332,Filip Misolic,427381,match,winner,126,closing,Bet105,130,3174,Filip Misolic,427381,9408930,0,1075,11.75,2026-09-01T18:25:00+00:00,25.0,False,https://www.oddstrader.com/atp/?date=20260901&eid=4808897&g=match&m=winner,https://www.oddstrader.com/atp/?date=20260901&eid=4808897&g=match&m=merged
2026-09-01,4808897,2026-09-01T18:50:00+00:00,complete,US Open Men Singles,"New York, NY",Court 5,Francisco Cerundolo,69332,Filip Misolic,427381,match,winner,126,opening,Bet105,130,3174,Filip Misolic,427381,9408930,0,829,9.29,2026-08-28T10:20:05+00:00,6269.917,False,https://www.oddstrader.com/atp/?date=20260901&eid=4808897&g=match&m=winner,https://www.oddstrader.com/atp/?date=20260901&eid=4808897&g=match&m=merged
2026-09-01,4808897,2026-09-01T18:50:00+00:00,complete,US Open Men Singles,"New York, NY",Court 5,Francisco Cerundolo,69332,Filip Misolic,427381,match,winner,126,closing,Bet105,130,3174,Francisco Cerundolo,69332,10916482,0,-2053,1.049,2026-09-01T18:25:00+00:00,25.0,False,https://www.oddstrader.com/atp/?date=20260901&eid=4808897&g=match&m=winner,https://www.oddstrader.com/atp/?date=20260901&eid=4808897&g=match&m=merged
2026-09-01,4808897,2026-09-01T18:50:00+00:00,complete,US Open Men Singles,"New York, NY",Court 5,Francisco Cerundolo,69332,Filip Misolic,427381,match,winner,126,opening,Bet105,130,3174,Francisco Cerundolo,69332,10916482,0,-1511,1.066,2026-08-28T10:20:05+00:00,6269.917,False,https://www.oddstrader.com/atp/?date=20260901&eid=4808897&g=match&m=winner,https://www.oddstrader.com/atp/?date=20260901&eid=4808897&g=match&m=merged
2026-09-01,4808897,2026-09-01T18:50:00+00:00,complete,US Open Men Singles,"New York, NY",Court 5,Francisco Cerundolo,69332,Filip Misolic,427381,match,winner,126,closing,BetAnything,123,1061,Filip Misolic,427381,9408930,0,895,9.95,2026-09-01T12:34:20+00:00,375.667,False,https://www.oddstrader.com/atp/?date=20260901&eid=4808897&g=match&m=winner,https://www.oddstrader.com/atp/?date=20260901&eid=4808897&g=match&m=merged
2026-09-01,4808897,2026-09-01T18:50:00+00:00,complete,US Open Men Singles,"New York, NY",Court 5,Francisco Cerundolo,69332,Filip Misolic,427381,match,winner,126,opening,BetAnything,123,1061,Filip Misolic,427381,9408930,0,795,8.95,2026-08-28T22:41:29+00:00,5528.517,False,https://www.oddstrader.com/atp/?date=20260901&eid=4808897&g=match&m=winner,https://www.oddstrader.com/atp/?date=20260901&eid=4808897&g=match&m=merged
2026-09-01,4808897,2026-09-01T18:50:00+00:00,complete,US Open Men Singles,"New York, NY",Court 5,Francisco Cerundolo,69332,Filip Misolic,427381,match,winner,126,closing,BetAnything,123,1061,Francisco Cerundolo,69332,10916482,0,-2000,1.05,2026-09-01T12:34:20+00:00,375.667,False,https://www.oddstrader.com/atp/?date=20260901&eid=4808897&g=match&m=winner,https://www.oddstrader.com/atp/?date=20260901&eid=4808897&g=match&m=merged
2026-09-01,4808897,2026-09-01T18:50:00+00:00,complete,US Open Men Singles,"New York, NY",Court 5,Francisco Cerundolo,69332,Filip Misolic,427381,match,winner,126,opening,BetAnything,123,1061,Francisco Cerundolo,69332,10916482,0,-1600,1.0625,2026-08-28T22:41:29+00:00,5528.517,False,https://www.oddstrader.com/atp/?date=20260901&eid=4808897&g=match&m=winner,https://www.oddstrader.com/atp/?date=20260901&eid=4808897&g=match&m=merged
2026-09-01,4808897,2026-09-01T18:50:00+00:00,complete,US Open Men Singles,"New York, NY",Court 5,Francisco Cerundolo,69332,Filip Misolic,427381,match,winner,126,closing,BetOnline,8,1096,Filip Misolic,427381,9408930,0,906,10.06,2026-09-01T18:42:49+00:00,7.183,True,https://www.oddstrader.com/atp/?date=20260901&eid=4808897&g=match&m=winner,https://www.oddstrader.com/atp/?date=20260901&eid=4808897&g=match&m=merged
2026-09-01,4808897,2026-09-01T18:50:00+00:00,complete,US Open Men Singles,"New York, NY",Court 5,Francisco Cerundolo,69332,Filip Misolic,427381,match,winner,126,opening,BetOnline,8,1096,Filip Misolic,427381,9408930,0,750,8.5,2026-08-28T11:27:19+00:00,6202.683,False,https://www.oddstrader.com/atp/?date=20260901&eid=4808897&g=match&m=winner,https://www.oddstrader.com/atp/?date=20260901&eid=4808897&g=match&m=merged
2026-09-01,4808897,2026-09-01T18:50:00+00:00,complete,US Open Men Singles,"New York, NY",Court 5,Francisco Cerundolo,69332,Filip Misolic,427381,match,winner,126,closing,BetOnline,8,1096,Francisco Cerundolo,69332,10916482,0,-1581,1.0633,2026-09-01T18:42:49+00:00,7.183,True,https://www.oddstrader.com/atp/?date=20260901&eid=4808897&g=match&m=winner,https://www.oddstrader.com/atp/?date=20260901&eid=4808897&g=match&m=merged
2026-09-01,4808897,2026-09-01T18:50:00+00:00,complete,US Open Men Singles,"New York, NY",Court 5,Francisco Cerundolo,69332,Filip Misolic,427381,match,winner,126,opening,BetOnline,8,1096,Francisco Cerundolo,69332,10916482,0,-2000,1.05,2026-08-28T11:27:19+00:00,6202.683,False,https://www.oddstrader.com/atp/?date=20260901&eid=4808897&g=match&m=winner,https://www.oddstrader.com/atp/?date=20260901&eid=4808897&g=match&m=merged
2026-09-01,4808897,2026-09-01T18:50:00+00:00,complete,US Open Men Singles,"New York, NY",Court 5,Francisco Cerundolo,69332,Filip Misolic,427381,match,winner,126,closing,Bookmaker,10,93,Filip Misolic,427381,9408930,0,892,9.92,2026-08-30T11:18:49+00:00,3331.183,False,https://www.oddstrader.com/atp/?date=20260901&eid=4808897&g=match&m=winner,https://www.oddstrader.com/atp/?date=20260901&eid=4808897&g=match&m=merged
2026-09-01,4808897,2026-09-01T18:50:00+00:00,complete,US Open Men Singles,"New York, NY",Court 5,Francisco Cerundolo,69332,Filip Misolic,427381,match,winner,126,opening,Bookmaker,10,93,Filip Misolic,427381,9408930,0,952,10.52,2026-08-28T00:07:44+00:00,6882.267,False,https://www.oddstrader.com/atp/?date=20260901&eid=4808897&g=match&m=winner,https://www.oddstrader.com/atp/?date=20260901&eid=4808897&g=match&m=merged
2026-09-01,4808897,2026-09-01T18:50:00+00:00,complete,US Open Men Singles,"New York, NY",Court 5,Francisco Cerundolo,69332,Filip Misolic,427381,match,winner,126,closing,Bookmaker,10,93,Francisco Cerundolo,69332,10916482,0,-2000,1.05,2026-08-30T11:18:49+00:00,3331.183,False,https://www.oddstrader.com/atp/?date=20260901&eid=4808897&g=match&m=winner,https://www.oddstrader.com/atp/?date=20260901&eid=4808897&g=match&m=merged
2026-09-01,4808897,2026-09-01T18:50:00+00:00,complete,US Open Men Singles,"New York, NY",Court 5,Francisco Cerundolo,69332,Filip Misolic,427381,match,winner,126,opening,Bookmaker,10,93,Francisco Cerundolo,69332,10916482,0,-2000,1.05,2026-08-28T00:07:44+00:00,6882.267,False,https://www.oddstrader.com/atp/?date=20260901&eid=4808897&g=match&m=winner,https://www.oddstrader.com/atp/?date=20260901&eid=4808897&g=match&m=merged
2026-09-01,4808897,2026-09-01T18:50:00+00:00,complete,US Open Men Singles,"New York, NY",Court 5,Francisco Cerundolo,69332,Filip Misolic,427381,match,winner,126,closing,Bovada,9,1618,Filip Misolic,427381,9408930,0,1100,12,2026-09-01T18:02:38+00:00,47.367,True,https://www.oddstrader.com/atp/?date=20260901&eid=4808897&g=match&m=winner,https://www.oddstrader.com/atp/?date=20260901&eid=4808897&g=match&m=merged
2026-09-01,4808897,2026-09-01T18:50:00+00:00,complete,US Open Men Singles,"New York, NY",Court 5,Francisco Cerundolo,69332,Filip Misolic,427381,match,winner,126,opening,Bovada,9,1618,Filip Misolic,427381,9408930,0,850,9.5,2026-08-27T22:40:02+00:00,6969.967,False,https://www.oddstrader.com/atp/?date=20260901&eid=4808897&g=match&m=winner,https://www.oddstrader.com/atp/?date=20260901&eid=4808897&g=match&m=merged
2026-09-01,4808897,2026-09-01T18:50:00+00:00,complete,US Open Men Singles,"New York, NY",Court 5,Francisco Cerundolo,69332,Filip Misolic,427381,match,winner,126,closing,Bovada,9,1618,Francisco Cerundolo,69332,10916482,0,-2500,1.04,2026-09-01T18:02:38+00:00,47.367,True,https://www.oddstrader.com/atp/?date=20260901&eid=4808897&g=match&m=winner,https://www.oddstrader.com/atp/?date=20260901&eid=4808897&g=match&m=merged
2026-09-01,4808897,2026-09-01T18:50:00+00:00,complete,US Open Men Singles,"New York, NY",Court 5,Francisco Cerundolo,69332,Filip Misolic,427381,match,winner,126,opening,Bovada,9,1618,Francisco Cerundolo,69332,10916482,0,-1600,1.0625,2026-08-27T22:40:02+00:00,6969.967,False,https://www.oddstrader.com/atp/?date=20260901&eid=4808897&g=match&m=winner,https://www.oddstrader.com/atp/?date=20260901&eid=4808897&g=match&m=merged
2026-09-01,4808897,2026-09-01T18:50:00+00:00,complete,US Open Men Singles,"New York, NY",Court 5,Francisco Cerundolo,69332,Filip Misolic,427381,match,winner,126,closing,Everygame,29,180,Filip Misolic,427381,9408930,0,800,9,2026-09-01T11:34:04+00:00,435.933,False,https://www.oddstrader.com/atp/?date=20260901&eid=4808897&g=match&m=winner,https://www.oddstrader.com/atp/?date=20260901&eid=4808897&g=match&m=merged
2026-09-01,4808897,2026-09-01T18:50:00+00:00,complete,US Open Men Singles,"New York, NY",Court 5,Francisco Cerundolo,69332,Filip Misolic,427381,match,winner,126,opening,Everygame,29,180,Filip Misolic,427381,9408930,0,750,8.5,2026-08-28T10:37:40+00:00,6252.333,False,https://www.oddstrader.com/atp/?date=20260901&eid=4808897&g=match&m=winner,https://www.oddstrader.com/atp/?date=20260901&eid=4808897&g=match&m=merged
2026-09-01,4808897,2026-09-01T18:50:00+00:00,complete,US Open Men Singles,"New York, NY",Court 5,Francisco Cerundolo,69332,Filip Misolic,427381,match,winner,126,closing,Everygame,29,180,Francisco Cerundolo,69332,10916482,0,-2000,1.05,2026-09-01T11:34:04+00:00,435.933,False,https://www.oddstrader.com/atp/?date=20260901&eid=4808897&g=match&m=winner,https://www.oddstrader.com/atp/?date=20260901&eid=4808897&g=match&m=merged
2026-09-01,4808897,2026-09-01T18:50:00+00:00,complete,US Open Men Singles,"New York, NY",Court 5,Francisco Cerundolo,69332,Filip Misolic,427381,match,winner,126,opening,Everygame,29,180,Francisco Cerundolo,69332,10916482,0,-1667,1.06,2026-08-28T10:37:40+00:00,6252.333,False,https://www.oddstrader.com/atp/?date=20260901&eid=4808897&g=match&m=winner,https://www.oddstrader.com/atp/?date=20260901&eid=4808897&g=match&m=merged
2026-09-01,4808897,2026-09-01T18:50:00+00:00,complete,US Open Men Singles,"New York, NY",Court 5,Francisco Cerundolo,69332,Filip Misolic,427381,match,winner,126,closing,Heritage,44,169,Filip Misolic,427381,9408930,0,932,10.32,2026-09-01T18:37:22+00:00,12.633,False,https://www.oddstrader.com/atp/?date=20260901&eid=4808897&g=match&m=winner,https://www.oddstrader.com/atp/?date=20260901&eid=4808897&g=match&m=merged
2026-09-01,4808897,2026-09-01T18:50:00+00:00,complete,US Open Men Singles,"New York, NY",Court 5,Francisco Cerundolo,69332,Filip Misolic,427381,match,winner,126,opening,Heritage,44,169,Filip Misolic,427381,9408930,0,755,8.55,2026-08-27T20:24:25+00:00,7105.583,False,https://www.oddstrader.com/atp/?date=20260901&eid=4808897&g=match&m=winner,https://www.oddstrader.com/atp/?date=20260901&eid=4808897&g=match&m=merged
2026-09-01,4808897,2026-09-01T18:50:00+00:00,complete,US Open Men Singles,"New York, NY",Court 5,Francisco Cerundolo,69332,Filip Misolic,427381,match,winner,126,closing,Heritage,44,169,Francisco Cerundolo,69332,10916482,0,-1873,1.053,2026-09-01T18:37:22+00:00,12.633,False,https://www.oddstrader.com/atp/?date=20260901&eid=4808897&g=match&m=winner,https://www.oddstrader.com/atp/?date=20260901&eid=4808897&g=match&m=merged
2026-09-01,4808897,2026-09-01T18:50:00+00:00,complete,US Open Men Singles,"New York, NY",Court 5,Francisco Cerundolo,69332,Filip Misolic,427381,match,winner,126,opening,Heritage,44,169,Francisco Cerundolo,69332,10916482,0,-1437,1.07,2026-08-27T20:24:25+00:00,7105.583,False,https://www.oddstrader.com/atp/?date=20260901&eid=4808897&g=match&m=winner,https://www.oddstrader.com/atp/?date=20260901&eid=4808897&g=match&m=merged
2026-09-01,4808897,2026-09-01T18:50:00+00:00,complete,US Open Men Singles,"New York, NY",Court 5,Francisco Cerundolo,69332,Filip Misolic,427381,match,winner,126,closing,JustBet,16,1275,Filip Misolic,427381,9408930,0,892,9.92,2026-08-30T11:20:33+00:00,3329.45,False,https://www.oddstrader.com/atp/?date=20260901&eid=4808897&g=match&m=winner,https://www.oddstrader.com/atp/?date=20260901&eid=4808897&g=match&m=merged
2026-09-01,4808897,2026-09-01T18:50:00+00:00,complete,US Open Men Singles,"New York, NY",Court 5,Francisco Cerundolo,69332,Filip Misolic,427381,match,winner,126,opening,JustBet,16,1275,Filip Misolic,427381,9408930,0,952,10.52,2026-08-28T00:08:14+00:00,6881.767,False,https://www.oddstrader.com/atp/?date=20260901&eid=4808897&g=match&m=winner,https://www.oddstrader.com/atp/?date=20260901&eid=4808897&g=match&m=merged
2026-09-01,4808897,2026-09-01T18:50:00+00:00,complete,US Open Men Singles,"New York, NY",Court 5,Francisco Cerundolo,69332,Filip Misolic,427381,match,winner,126,closing,JustBet,16,1275,Francisco Cerundolo,69332,10916482,0,-2000,1.05,2026-08-30T11:20:33+00:00,3329.45,False,https://www.oddstrader.com/atp/?date=20260901&eid=4808897&g=match&m=winner,https://www.oddstrader.com/atp/?date=20260901&eid=4808897&g=match&m=merged
2026-09-01,4808897,2026-09-01T18:50:00+00:00,complete,US Open Men Singles,"New York, NY",Court 5,Francisco Cerundolo,69332,Filip Misolic,427381,match,winner,126,opening,JustBet,16,1275,Francisco Cerundolo,69332,10916482,0,-2000,1.05,2026-08-28T00:08:14+00:00,6881.767,False,https://www.oddstrader.com/atp/?date=20260901&eid=4808897&g=match&m=winner,https://www.oddstrader.com/atp/?date=20260901&eid=4808897&g=match&m=merged
2026-09-01,4808897,2026-09-01T18:50:00+00:00,complete,US Open Men Singles,"New York, NY",Court 5,Francisco Cerundolo,69332,Filip Misolic,427381,match,winner,126,closing,MyBookie,82,1680,Filip Misolic,427381,9408930,0,930,10.3,2026-09-01T10:54:51+00:00,475.15,True,https://www.oddstrader.com/atp/?date=20260901&eid=4808897&g=match&m=winner,https://www.oddstrader.com/atp/?date=20260901&eid=4808897&g=match&m=merged
2026-09-01,4808897,2026-09-01T18:50:00+00:00,complete,US Open Men Singles,"New York, NY",Court 5,Francisco Cerundolo,69332,Filip Misolic,427381,match,winner,126,opening,MyBookie,82,1680,Filip Misolic,427381,9408930,0,680,7.8,2026-08-27T19:52:04+00:00,7137.933,False,https://www.oddstrader.com/atp/?date=20260901&eid=4808897&g=match&m=winner,https://www.oddstrader.com/atp/?date=20260901&eid=4808897&g=match&m=merged
2026-09-01,4808897,2026-09-01T18:50:00+00:00,complete,US Open Men Singles,"New York, NY",Court 5,Francisco Cerundolo,69332,Filip Misolic,427381,match,winner,126,closing,MyBookie,82,1680,Francisco Cerundolo,69332,10916482,0,-2000,1.05,2026-09-01T10:46:33+00:00,483.45,True,https://www.oddstrader.com/atp/?date=20260901&eid=4808897&g=match&m=winner,https://www.oddstrader.com/atp/?date=20260901&eid=4808897&g=match&m=merged
2026-09-01,4808897,2026-09-01T18:50:00+00:00,complete,US Open Men Singles,"New York, NY",Court 5,Francisco Cerundolo,69332,Filip Misolic,427381,match,winner,126,opening,MyBookie,82,1680,Francisco Cerundolo,69332,10916482,0,-2000,1.05,2026-08-27T19:52:04+00:00,7137.933,False,https://www.oddstrader.com/atp/?date=20260901&eid=4808897&g=match&m=winner,https://www.oddstrader.com/atp/?date=20260901&eid=4808897&g=match&m=merged
2026-09-01,4808897,2026-09-01T18:50:00+00:00,complete,US Open Men Singles,"New York, NY",Court 5,Francisco Cerundolo,69332,Filip Misolic,427381,match,winner,126,closing,SportsBetting,131,99,Filip Misolic,427381,9408930,0,906,10.06,2026-09-01T18:42:49+00:00,7.183,False,https://www.oddstrader.com/atp/?date=20260901&eid=4808897&g=match&m=winner,https://www.oddstrader.com/atp/?date=20260901&eid=4808897&g=match&m=merged
2026-09-01,4808897,2026-09-01T18:50:00+00:00,complete,US Open Men Singles,"New York, NY",Court 5,Francisco Cerundolo,69332,Filip Misolic,427381,match,winner,126,opening,SportsBetting,131,99,Filip Misolic,427381,9408930,0,750,8.5,2026-08-28T11:27:19+00:00,6202.683,False,https://www.oddstrader.com/atp/?date=20260901&eid=4808897&g=match&m=winner,https://www.oddstrader.com/atp/?date=20260901&eid=4808897&g=match&m=merged
2026-09-01,4808897,2026-09-01T18:50:00+00:00,complete,US Open Men Singles,"New York, NY",Court 5,Francisco Cerundolo,69332,Filip Misolic,427381,match,winner,126,closing,SportsBetting,131,99,Francisco Cerundolo,69332,10916482,0,-1581,1.0633,2026-09-01T18:42:49+00:00,7.183,False,https://www.oddstrader.com/atp/?date=20260901&eid=4808897&g=match&m=winner,https://www.oddstrader.com/atp/?date=20260901&eid=4808897&g=match&m=merged
2026-09-01,4808897,2026-09-01T18:50:00+00:00,complete,US Open Men Singles,"New York, NY",Court 5,Francisco Cerundolo,69332,Filip Misolic,427381,match,winner,126,opening,SportsBetting,131,99,Francisco Cerundolo,69332,10916482,0,-2000,1.05,2026-08-28T11:27:19+00:00,6202.683,False,https://www.oddstrader.com/atp/?date=20260901&eid=4808897&g=match&m=winner,https://www.oddstrader.com/atp/?date=20260901&eid=4808897&g=match&m=merged
2026-09-01,4808956,2026-09-01T18:50:00+00:00,complete,US Open Men Singles,"New York, NY",Court 11,Tristan Schoolkate,193532,Nishesh Basavareddy,626170,1st-set,winner,279,closing,BetOnline,8,1096,Nishesh Basavareddy,626170,10917421,0,-210,1.4762,2026-09-01T15:18:37+00:00,211.383,False,https://www.oddstrader.com/atp/?date=20260901&eid=4808956&g=1st-set&m=winner,https://www.oddstrader.com/atp/?date=20260901&eid=4808956&g=1st-set&m=merged
2026-09-01,4808956,2026-09-01T18:50:00+00:00,complete,US Open Men Singles,"New York, NY",Court 11,Tristan Schoolkate,193532,Nishesh Basavareddy,626170,1st-set,winner,279,opening,BetOnline,8,1096,Nishesh Basavareddy,626170,10917421,0,-190,1.5263,2026-08-29T08:49:15+00:00,4920.75,False,https://www.oddstrader.com/atp/?date=20260901&eid=4808956&g=1st-set&m=winner,https://www.oddstrader.com/atp/?date=20260901&eid=4808956&g=1st-set&m=merged
2026-09-01,4808956,2026-09-01T18:50:00+00:00,complete,US Open Men Singles,"New York, NY",Court 11,Tristan Schoolkate,193532,Nishesh Basavareddy,626170,1st-set,winner,279,closing,BetOnline,8,1096,Tristan Schoolkate,193532,10923804,0,180,2.8,2026-09-01T15:18:37+00:00,211.383,False,https://www.oddstrader.com/atp/?date=20260901&eid=4808956&g=1st-set&m=winner,https://www.oddstrader.com/atp/?date=20260901&eid=4808956&g=1st-set&m=merged
2026-09-01,4808956,2026-09-01T18:50:00+00:00,complete,US Open Men Singles,"New York, NY",Court 11,Tristan Schoolkate,193532,Nishesh Basavareddy,626170,1st-set,winner,279,opening,BetOnline,8,1096,Tristan Schoolkate,193532,10923804,0,160,2.6,2026-08-29T08:49:15+00:00,4920.75,False,https://www.oddstrader.com/atp/?date=20260901&eid=4808956&g=1st-set&m=winner,https://www.oddstrader.com/atp/?date=20260901&eid=4808956&g=1st-set&m=merged
2026-09-01,4808956,2026-09-01T18:50:00+00:00,complete,US Open Men Singles,"New York, NY",Court 11,Tristan Schoolkate,193532,Nishesh Basavareddy,626170,1st-set,winner,279,closing,SportsBetting,131,99,Nishesh Basavareddy,626170,10917421,0,-210,1.4762,2026-09-01T15:18:37+00:00,211.383,False,https://www.oddstrader.com/atp/?date=20260901&eid=4808956&g=1st-set&m=winner,https://www.oddstrader.com/atp/?date=20260901&eid=4808956&g=1st-set&m=merged
2026-09-01,4808956,2026-09-01T18:50:00+00:00,complete,US Open Men Singles,"New York, NY",Court 11,Tristan Schoolkate,193532,Nishesh Basavareddy,626170,1st-set,winner,279,opening,SportsBetting,131,99,Nishesh Basavareddy,626170,10917421,0,-190,1.5263,2026-08-29T08:49:15+00:00,4920.75,False,https://www.oddstrader.com/atp/?date=20260901&eid=4808956&g=1st-set&m=winner,https://www.oddstrader.com/atp/?date=20260901&eid=4808956&g=1st-set&m=merged
2026-09-01,4808956,2026-09-01T18:50:00+00:00,complete,US Open Men Singles,"New York, NY",Court 11,Tristan Schoolkate,193532,Nishesh Basavareddy,626170,1st-set,winner,279,closing,SportsBetting,131,99,Tristan Schoolkate,193532,10923804,0,180,2.8,2026-09-01T15:18:37+00:00,211.383,False,https://www.oddstrader.com/atp/?date=20260901&eid=4808956&g=1st-set&m=winner,https://www.oddstrader.com/atp/?date=20260901&eid=4808956&g=1st-set&m=merged
2026-09-01,4808956,2026-09-01T18:50:00+00:00,complete,US Open Men Singles,"New York, NY",Court 11,Tristan Schoolkate,193532,Nishesh Basavareddy,626170,1st-set,winner,279,opening,SportsBetting,131,99,Tristan Schoolkate,193532,10923804,0,160,2.6,2026-08-29T08:49:15+00:00,4920.75,False,https://www.oddstrader.com/atp/?date=20260901&eid=4808956&g=1st-set&m=winner,https://www.oddstrader.com/atp/?date=20260901&eid=4808956&g=1st-set&m=merged
2026-09-01,4808956,2026-09-01T18:50:00+00:00,complete,US Open Men Singles,"New York, NY",Court 11,Tristan Schoolkate,193532,Nishesh Basavareddy,626170,match,spread,395,opening,Bet105,130,3174,Nishesh Basavareddy,626170,10919821,-4.5,-104,1.962,2026-08-29T08:41:25+00:00,4928.583,False,https://www.oddstrader.com/atp/?date=20260901&eid=4808956&g=match&m=spread,https://www.oddstrader.com/atp/?date=20260901&eid=4808956&g=match&m=merged
2026-09-01,4808956,2026-09-01T18:50:00+00:00,complete,US Open Men Singles,"New York, NY",Court 11,Tristan Schoolkate,193532,Nishesh Basavareddy,626170,match,spread,395,opening,Bet105,130,3174,Tristan Schoolkate,193532,10953836,4.5,-115,1.87,2026-08-29T08:41:25+00:00,4928.583,False,https://www.oddstrader.com/atp/?date=20260901&eid=4808956&g=match&m=spread,https://www.oddstrader.com/atp/?date=20260901&eid=4808956&g=match&m=merged
2026-09-01,4808956,2026-09-01T18:50:00+00:00,complete,US Open Men Singles,"New York, NY",Court 11,Tristan Schoolkate,193532,Nishesh Basavareddy,626170,match,spread,395,closing,BetAnything,123,1061,Nishesh Basavareddy,626170,10948846,-5.5,-115,1.8696,2026-09-01T18:24:55+00:00,25.083,False,https://www.oddstrader.com/atp/?date=20260901&eid=4808956&g=match&m=spread,https://www.oddstrader.com/atp/?date=20260901&eid=4808956&g=match&m=merged
2026-09-01,4808956,2026-09-01T18:50:00+00:00,complete,US Open Men Singles,"New York, NY",Court 11,Tristan Schoolkate,193532,Nishesh Basavareddy,626170,match,spread,395,opening,BetAnything,123,1061,Nishesh Basavareddy,626170,10919821,-4.5,-110,1.9091,2026-08-29T12:56:42+00:00,4673.3,False,https://www.oddstrader.com/atp/?date=20260901&eid=4808956&g=match&m=spread,https://www.oddstrader.com/atp/?date=20260901&eid=4808956&g=match&m=merged
2026-09-01,4808956,2026-09-01T18:50:00+00:00,complete,US Open Men Singles,"New York, NY",Court 11,Tristan Schoolkate,193532,Nishesh Basavareddy,626170,match,spread,395,closing,BetAnything,123,1061,Tristan Schoolkate,193532,10953971,5.5,-115,1.8696,2026-09-01T18:24:55+00:00,25.083,False,https://www.oddstrader.com/atp/?date=20260901&eid=4808956&g=match&m=spread,https://www.oddstrader.com/atp/?date=20260901&eid=4808956&g=match&m=merged
2026-09-01,4808956,2026-09-01T18:50:00+00:00,complete,US Open Men Singles,"New York, NY",Court 11,Tristan Schoolkate,193532,Nishesh Basavareddy,626170,match,spread,395,opening,BetAnything,123,1061,Tristan Schoolkate,193532,10953836,4.5,-120,1.8333,2026-08-29T12:56:42+00:00,4673.3,False,https://www.oddstrader.com/atp/?date=20260901&eid=4808956&g=match&m=spread,https://www.oddstrader.com/atp/?date=20260901&eid=4808956&g=match&m=merged
2026-09-01,4808956,2026-09-01T18:50:00+00:00,complete,US Open Men Singles,"New York, NY",Court 11,Tristan Schoolkate,193532,Nishesh Basavareddy,626170,match,spread,395,closing,BetOnline,8,1096,Nishesh Basavareddy,626170,10948846,-5.5,-115,1.8696,2026-09-01T15:18:37+00:00,211.383,False,https://www.oddstrader.com/atp/?date=20260901&eid=4808956&g=match&m=spread,https://www.oddstrader.com/atp/?date=20260901&eid=4808956&g=match&m=merged
2026-09-01,4808956,2026-09-01T18:50:00+00:00,complete,US Open Men Singles,"New York, NY",Court 11,Tristan Schoolkate,193532,Nishesh Basavareddy,626170,match,spread,395,opening,BetOnline,8,1096,Nishesh Basavareddy,626170,10919821,-4.5,-105,1.9524,2026-08-29T08:49:15+00:00,4920.75,False,https://www.oddstrader.com/atp/?date=20260901&eid=4808956&g=match&m=spread,https://www.oddstrader.com/atp/?date=20260901&eid=4808956&g=match&m=merged
2026-09-01,4808956,2026-09-01T18:50:00+00:00,complete,US Open Men Singles,"New York, NY",Court 11,Tristan Schoolkate,193532,Nishesh Basavareddy,626170,match,spread,395,closing,BetOnline,8,1096,Tristan Schoolkate,193532,10953971,5.5,-105,1.9524,2026-09-01T15:18:37+00:00,211.383,False,https://www.oddstrader.com/atp/?date=20260901&eid=4808956&g=match&m=spread,https://www.oddstrader.com/atp/?date=20260901&eid=4808956&g=match&m=merged
2026-09-01,4808956,2026-09-01T18:50:00+00:00,complete,US Open Men Singles,"New York, NY",Court 11,Tristan Schoolkate,193532,Nishesh Basavareddy,626170,match,spread,395,opening,BetOnline,8,1096,Tristan Schoolkate,193532,10953836,4.5,-115,1.8696,2026-08-29T08:49:15+00:00,4920.75,False,https://www.oddstrader.com/atp/?date=20260901&eid=4808956&g=match&m=spread,https://www.oddstrader.com/atp/?date=20260901&eid=4808956&g=match&m=merged
2026-09-01,4808956,2026-09-01T18:50:00+00:00,complete,US Open Men Singles,"New York, NY",Court 11,Tristan Schoolkate,193532,Nishesh Basavareddy,626170,match,spread,395,closing,Bovada,9,1618,Nishesh Basavareddy,626170,10948846,-5.5,-115,1.87,2026-09-01T17:05:22+00:00,104.633,False,https://www.oddstrader.com/atp/?date=20260901&eid=4808956&g=match&m=spread,https://www.oddstrader.com/atp/?date=20260901&eid=4808956&g=match&m=merged
2026-09-01,4808956,2026-09-01T18:50:00+00:00,complete,US Open Men Singles,"New York, NY",Court 11,Tristan Schoolkate,193532,Nishesh Basavareddy,626170,match,spread,395,opening,Bovada,9,1618,Nishesh Basavareddy,626170,10918849,-2.5,-120,1.8333,2026-08-28T22:19:32+00:00,5550.467,False,https://www.oddstrader.com/atp/?date=20260901&eid=4808956&g=match&m=spread,https://www.oddstrader.com/atp/?date=20260901&eid=4808956&g=match&m=merged
2026-09-01,4808956,2026-09-01T18:50:00+00:00,complete,US Open Men Singles,"New York, NY",Court 11,Tristan Schoolkate,193532,Nishesh Basavareddy,626170,match,spread,395,closing,Bovada,9,1618,Tristan Schoolkate,193532,10953971,5.5,-115,1.87,2026-09-01T17:05:22+00:00,104.633,False,https://www.oddstrader.com/atp/?date=20260901&eid=4808956&g=match&m=spread,https://www.oddstrader.com/atp/?date=20260901&eid=4808956&g=match&m=merged
2026-09-01,4808956,2026-09-01T18:50:00+00:00,complete,US Open Men Singles,"New York, NY",Court 11,Tristan Schoolkate,193532,Nishesh Basavareddy,626170,match,spread,395,opening,Bovada,9,1618,Tristan Schoolkate,193532,10953569,2.5,-110,1.9091,2026-08-28T22:19:32+00:00,5550.467,False,https://www.oddstrader.com/atp/?date=20260901&eid=4808956&g=match&m=spread,https://www.oddstrader.com/atp/?date=20260901&eid=4808956&g=match&m=merged
2026-09-01,4808956,2026-09-01T18:50:00+00:00,complete,US Open Men Singles,"New York, NY",Court 11,Tristan Schoolkate,193532,Nishesh Basavareddy,626170,match,spread,395,closing,Everygame,29,180,Nishesh Basavareddy,626170,10948846,-5.5,-118,1.85,2026-09-01T07:28:02+00:00,681.967,False,https://www.oddstrader.com/atp/?date=20260901&eid=4808956&g=match&m=spread,https://www.oddstrader.com/atp/?date=20260901&eid=4808956&g=match&m=merged
2026-09-01,4808956,2026-09-01T18:50:00+00:00,complete,US Open Men Singles,"New York, NY",Court 11,Tristan Schoolkate,193532,Nishesh Basavareddy,626170,match,spread,395,opening,Everygame,29,180,Nishesh Basavareddy,626170,10919821,-4.5,-111,1.9,2026-08-29T09:24:56+00:00,4885.067,False,https://www.oddstrader.com/atp/?date=20260901&eid=4808956&g=match&m=spread,https://www.oddstrader.com/atp/?date=20260901&eid=4808956&g=match&m=merged
2026-09-01,4808956,2026-09-01T18:50:00+00:00,complete,US Open Men Singles,"New York, NY",Court 11,Tristan Schoolkate,193532,Nishesh Basavareddy,626170,match,spread,395,closing,Everygame,29,180,Tristan Schoolkate,193532,10953971,5.5,-118,1.85,2026-09-01T07:28:02+00:00,681.967,False,https://www.oddstrader.com/atp/?date=20260901&eid=4808956&g=match&m=spread,https://www.oddstrader.com/atp/?date=20260901&eid=4808956&g=match&m=merged
2026-09-01,4808956,2026-09-01T18:50:00+00:00,complete,US Open Men Singles,"New York, NY",Court 11,Tristan Schoolkate,193532,Nishesh Basavareddy,626170,match,spread,395,opening,Everygame,29,180,Tristan Schoolkate,193532,10953836,4.5,-125,1.8,2026-08-29T09:24:56+00:00,4885.067,False,https://www.oddstrader.com/atp/?date=20260901&eid=4808956&g=match&m=spread,https://www.oddstrader.com/atp/?date=20260901&eid=4808956&g=match&m=merged
2026-09-01,4808956,2026-09-01T18:50:00+00:00,complete,US Open Men Singles,"New York, NY",Court 11,Tristan Schoolkate,193532,Nishesh Basavareddy,626170,match,spread,395,closing,Heritage,44,169,Nishesh Basavareddy,626170,10948846,-5.5,-114,1.877,2026-09-01T18:37:22+00:00,12.633,False,https://www.oddstrader.com/atp/?date=20260901&eid=4808956&g=match&m=spread,https://www.oddstrader.com/atp/?date=20260901&eid=4808956&g=match&m=merged
2026-09-01,4808956,2026-09-01T18:50:00+00:00,complete,US Open Men Singles,"New York, NY",Court 11,Tristan Schoolkate,193532,Nishesh Basavareddy,626170,match,spread,395,opening,Heritage,44,169,Nishesh Basavareddy,626170,10919279,-3.5,-129,1.775,2026-08-29T01:10:37+00:00,5379.383,False,https://www.oddstrader.com/atp/?date=20260901&eid=4808956&g=match&m=spread,https://www.oddstrader.com/atp/?date=20260901&eid=4808956&g=match&m=merged
2026-09-01,4808956,2026-09-01T18:50:00+00:00,complete,US Open Men Singles,"New York, NY",Court 11,Tristan Schoolkate,193532,Nishesh Basavareddy,626170,match,spread,395,closing,Heritage,44,169,Tristan Schoolkate,193532,10953971,5.5,-120,1.833,2026-09-01T18:37:22+00:00,12.633,False,https://www.oddstrader.com/atp/?date=20260901&eid=4808956&g=match&m=spread,https://www.oddstrader.com/atp/?date=20260901&eid=4808956&g=match&m=merged
2026-09-01,4808956,2026-09-01T18:50:00+00:00,complete,US Open Men Singles,"New York, NY",Court 11,Tristan Schoolkate,193532,Nishesh Basavareddy,626170,match,spread,395,opening,Heritage,44,169,Tristan Schoolkate,193532,10953648,3.5,-109,1.917,2026-08-29T01:10:37+00:00,5379.383,False,https://www.oddstrader.com/atp/?date=20260901&eid=4808956&g=match&m=spread,https://www.oddstrader.com/atp/?date=20260901&eid=4808956&g=match&m=merged
2026-09-01,4808956,2026-09-01T18:50:00+00:00,complete,US Open Men Singles,"New York, NY",Court 11,Tristan Schoolkate,193532,Nishesh Basavareddy,626170,match,spread,395,closing,MyBookie,82,1680,Nishesh Basavareddy,626170,10948846,-5.5,-115,1.8696,2026-08-31T18:46:45+00:00,1443.25,True,https://www.oddstrader.com/atp/?date=20260901&eid=4808956&g=match&m=spread,https://www.oddstrader.com/atp/?date=20260901&eid=4808956&g=match&m=merged
2026-09-01,4808956,2026-09-01T18:50:00+00:00,complete,US Open Men Singles,"New York, NY",Court 11,Tristan Schoolkate,193532,Nishesh Basavareddy,626170,match,spread,395,opening,MyBookie,82,1680,Nishesh Basavareddy,626170,10948846,-5.5,-105,1.9524,2026-08-29T15:04:11+00:00,4545.817,False,https://www.oddstrader.com/atp/?date=20260901&eid=4808956&g=match&m=spread,https://www.oddstrader.com/atp/?date=20260901&eid=4808956&g=match&m=merged
2026-09-01,4808956,2026-09-01T18:50:00+00:00,complete,US Open Men Singles,"New York, NY",Court 11,Tristan Schoolkate,193532,Nishesh Basavareddy,626170,match,spread,395,closing,MyBookie,82,1680,Tristan Schoolkate,193532,10953971,5.5,-119,1.8403,2026-08-31T18:46:45+00:00,1443.25,True,https://www.oddstrader.com/atp/?date=20260901&eid=4808956&g=match&m=spread,https://www.oddstrader.com/atp/?date=20260901&eid=4808956&g=match&m=merged
2026-09-01,4808956,2026-09-01T18:50:00+00:00,complete,US Open Men Singles,"New York, NY",Court 11,Tristan Schoolkate,193532,Nishesh Basavareddy,626170,match,spread,395,opening,MyBookie,82,1680,Tristan Schoolkate,193532,10953971,5.5,-137,1.7299,2026-08-29T15:04:11+00:00,4545.817,False,https://www.oddstrader.com/atp/?date=20260901&eid=4808956&g=match&m=spread,https://www.oddstrader.com/atp/?date=20260901&eid=4808956&g=match&m=merged
2026-09-01,4808956,2026-09-01T18:50:00+00:00,complete,US Open Men Singles,"New York, NY",Court 11,Tristan Schoolkate,193532,Nishesh Basavareddy,626170,match,spread,395,closing,SportsBetting,131,99,Nishesh Basavareddy,626170,10948846,-5.5,-115,1.8696,2026-09-01T15:18:37+00:00,211.383,False,https://www.oddstrader.com/atp/?date=20260901&eid=4808956&g=match&m=spread,https://www.oddstrader.com/atp/?date=20260901&eid=4808956&g=match&m=merged
2026-09-01,4808956,2026-09-01T18:50:00+00:00,complete,US Open Men Singles,"New York, NY",Court 11,Tristan Schoolkate,193532,Nishesh Basavareddy,626170,match,spread,395,opening,SportsBetting,131,99,Nishesh Basavareddy,626170,10919821,-4.5,-105,1.9524,2026-08-29T08:49:15+00:00,4920.75,False,https://www.oddstrader.com/atp/?date=20260901&eid=4808956&g=match&m=spread,https://www.oddstrader.com/atp/?date=20260901&eid=4808956&g=match&m=merged
2026-09-01,4808956,2026-09-01T18:50:00+00:00,complete,US Open Men Singles,"New York, NY",Court 11,Tristan Schoolkate,193532,Nishesh Basavareddy,626170,match,spread,395,closing,SportsBetting,131,99,Tristan Schoolkate,193532,10953971,5.5,-105,1.9524,2026-09-01T15:18:37+00:00,211.383,False,https://www.oddstrader.com/atp/?date=20260901&eid=4808956&g=match&m=spread,https://www.oddstrader.com/atp/?date=20260901&eid=4808956&g=match&m=merged
2026-09-01,4808956,2026-09-01T18:50:00+00:00,complete,US Open Men Singles,"New York, NY",Court 11,Tristan Schoolkate,193532,Nishesh Basavareddy,626170,match,spread,395,opening,SportsBetting,131,99,Tristan Schoolkate,193532,10953836,4.5,-115,1.8696,2026-08-29T08:49:15+00:00,4920.75,False,https://www.oddstrader.com/atp/?date=20260901&eid=4808956&g=match&m=spread,https://www.oddstrader.com/atp/?date=20260901&eid=4808956&g=match&m=merged
2026-09-01,4808956,2026-09-01T18:50:00+00:00,complete,US Open Men Singles,"New York, NY",Court 11,Tristan Schoolkate,193532,Nishesh Basavareddy,626170,match,total,396,opening,Bet105,130,3174,option_15143,15143,119614,38,-107,1.935,2026-08-29T08:41:25+00:00,4928.583,False,https://www.oddstrader.com/atp/?date=20260901&eid=4808956&g=match&m=total,https://www.oddstrader.com/atp/?date=20260901&eid=4808956&g=match&m=merged
2026-09-01,4808956,2026-09-01T18:50:00+00:00,complete,US Open Men Singles,"New York, NY",Court 11,Tristan Schoolkate,193532,Nishesh Basavareddy,626170,match,total,396,opening,Bet105,130,3174,option_15144,15144,119684,38,-111,1.901,2026-08-29T08:41:25+00:00,4928.583,False,https://www.oddstrader.com/atp/?date=20260901&eid=4808956&g=match&m=total,https://www.oddstrader.com/atp/?date=20260901&eid=4808956&g=match&m=merged
2026-09-01,4808956,2026-09-01T18:50:00+00:00,complete,US Open Men Singles,"New York, NY",Court 11,Tristan Schoolkate,193532,Nishesh Basavareddy,626170,match,total,396,closing,BetAnything,123,1061,option_15143,15143,119612,37,-115,1.8696,2026-09-01T18:24:55+00:00,25.083,False,https://www.oddstrader.com/atp/?date=20260901&eid=4808956&g=match&m=total,https://www.oddstrader.com/atp/?date=20260901&eid=4808956&g=match&m=merged
2026-09-01,4808956,2026-09-01T18:50:00+00:00,complete,US Open Men Singles,"New York, NY",Court 11,Tristan Schoolkate,193532,Nishesh Basavareddy,626170,match,total,396,opening,BetAnything,123,1061,option_15143,15143,119614,38,-110,1.9091,2026-08-29T12:56:42+00:00,4673.3,False,https://www.oddstrader.com/atp/?date=20260901&eid=4808956&g=match&m=total,https://www.oddstrader.com/atp/?date=20260901&eid=4808956&g=match&m=merged
2026-09-01,4808956,2026-09-01T18:50:00+00:00,complete,US Open Men Singles,"New York, NY",Court 11,Tristan Schoolkate,193532,Nishesh Basavareddy,626170,match,total,396,closing,BetAnything,123,1061,option_15144,15144,119682,37,-115,1.8696,2026-09-01T18:24:55+00:00,25.083,False,https://www.oddstrader.com/atp/?date=20260901&eid=4808956&g=match&m=total,https://www.oddstrader.com/atp/?date=20260901&eid=4808956&g=match&m=merged
2026-09-01,4808956,2026-09-01T18:50:00+00:00,complete,US Open Men Singles,"New York, NY",Court 11,Tristan Schoolkate,193532,Nishesh Basavareddy,626170,match,total,396,opening,BetAnything,123,1061,option_15144,15144,119684,38,-120,1.8333,2026-08-29T12:56:42+00:00,4673.3,False,https://www.oddstrader.com/atp/?date=20260901&eid=4808956&g=match&m=total,https://www.oddstrader.com/atp/?date=20260901&eid=4808956&g=match&m=merged
2026-09-01,4808956,2026-09-01T18:50:00+00:00,complete,US Open Men Singles,"New York, NY",Court 11,Tristan Schoolkate,193532,Nishesh Basavareddy,626170,match,total,396,closing,BetOnline,8,1096,option_15143,15143,119611,36.5,-110,1.9091,2026-09-01T15:18:37+00:00,211.383,False,https://www.oddstrader.com/atp/?date=20260901&eid=4808956&g=match&m=total,https://www.oddstrader.com/atp/?date=20260901&eid=4808956&g=match&m=merged
2026-09-01,4808956,2026-09-01T18:50:00+00:00,complete,US Open Men Singles,"New York, NY",Court 11,Tristan Schoolkate,193532,Nishesh Basavareddy,626170,match,total,396,opening,BetOnline,8,1096,option_15143,15143,119613,37.5,-115,1.8696,2026-08-29T08:49:15+00:00,4920.75,False,https://www.oddstrader.com/atp/?date=20260901&eid=4808956&g=match&m=total,https://www.oddstrader.com/atp/?date=20260901&eid=4808956&g=match&m=merged
2026-09-01,4808956,2026-09-01T18:50:00+00:00,complete,US Open Men Singles,"New York, NY",Court 11,Tristan Schoolkate,193532,Nishesh Basavareddy,626170,match,total,396,closing,BetOnline,8,1096,option_15144,15144,119681,36.5,-110,1.9091,2026-09-01T15:18:37+00:00,211.383,False,https://www.oddstrader.com/atp/?date=20260901&eid=4808956&g=match&m=total,https://www.oddstrader.com/atp/?date=20260901&eid=4808956&g=match&m=merged
2026-09-01,4808956,2026-09-01T18:50:00+00:00,complete,US Open Men Singles,"New York, NY",Court 11,Tristan Schoolkate,193532,Nishesh Basavareddy,626170,match,total,396,opening,BetOnline,8,1096,option_15144,15144,119683,37.5,-105,1.9524,2026-08-29T08:49:15+00:00,4920.75,False,https://www.oddstrader.com/atp/?date=20260901&eid=4808956&g=match&m=total,https://www.oddstrader.com/atp/?date=20260901&eid=4808956&g=match&m=merged
2026-09-01,4808956,2026-09-01T18:50:00+00:00,complete,US Open Men Singles,"New York, NY",Court 11,Tristan Schoolkate,193532,Nishesh Basavareddy,626170,match,total,396,closing,Bovada,9,1618,option_15143,15143,119612,37,-115,1.87,2026-09-01T17:05:22+00:00,104.633,False,https://www.oddstrader.com/atp/?date=20260901&eid=4808956&g=match&m=total,https://www.oddstrader.com/atp/?date=20260901&eid=4808956&g=match&m=merged
2026-09-01,4808956,2026-09-01T18:50:00+00:00,complete,US Open Men Singles,"New York, NY",Court 11,Tristan Schoolkate,193532,Nishesh Basavareddy,626170,match,total,396,opening,Bovada,9,1618,option_15143,15143,119619,40.5,-115,1.87,2026-08-29T00:02:09+00:00,5447.85,False,https://www.oddstrader.com/atp/?date=20260901&eid=4808956&g=match&m=total,https://www.oddstrader.com/atp/?date=20260901&eid=4808956&g=match&m=merged
2026-09-01,4808956,2026-09-01T18:50:00+00:00,complete,US Open Men Singles,"New York, NY",Court 11,Tristan Schoolkate,193532,Nishesh Basavareddy,626170,match,total,396,closing,Bovada,9,1618,option_15144,15144,119682,37,-115,1.87,2026-09-01T17:05:22+00:00,104.633,False,https://www.oddstrader.com/atp/?date=20260901&eid=4808956&g=match&m=total,https://www.oddstrader.com/atp/?date=20260901&eid=4808956&g=match&m=merged
2026-09-01,4808956,2026-09-01T18:50:00+00:00,complete,US Open Men Singles,"New York, NY",Court 11,Tristan Schoolkate,193532,Nishesh Basavareddy,626170,match,total,396,opening,Bovada,9,1618,option_15144,15144,119689,40.5,-115,1.87,2026-08-29T00:02:09+00:00,5447.85,False,https://www.oddstrader.com/atp/?date=20260901&eid=4808956&g=match&m=total,https://www.oddstrader.com/atp/?date=20260901&eid=4808956&g=match&m=merged
2026-09-01,4808956,2026-09-01T18:50:00+00:00,complete,US Open Men Singles,"New York, NY",Court 11,Tristan Schoolkate,193532,Nishesh Basavareddy,626170,match,total,396,closing,Everygame,29,180,option_15143,15143,119611,36.5,-118,1.85,2026-09-01T07:28:02+00:00,681.967,False,https://www.oddstrader.com/atp/?date=20260901&eid=4808956&g=match&m=total,https://www.oddstrader.com/atp/?date=20260901&eid=4808956&g=match&m=merged
2026-09-01,4808956,2026-09-01T18:50:00+00:00,complete,US Open Men Singles,"New York, NY",Court 11,Tristan Schoolkate,193532,Nishesh Basavareddy,626170,match,total,396,opening,Everygame,29,180,option_15143,15143,119613,37.5,-125,1.8,2026-08-29T09:24:56+00:00,4885.067,False,https://www.oddstrader.com/atp/?date=20260901&eid=4808956&g=match&m=total,https://www.oddstrader.com/atp/?date=20260901&eid=4808956&g=match&m=merged
2026-09-01,4808956,2026-09-01T18:50:00+00:00,complete,US Open Men Singles,"New York, NY",Court 11,Tristan Schoolkate,193532,Nishesh Basavareddy,626170,match,total,396,closing,Everygame,29,180,option_15144,15144,119681,36.5,-118,1.85,2026-09-01T07:28:02+00:00,681.967,False,https://www.oddstrader.com/atp/?date=20260901&eid=4808956&g=match&m=total,https://www.oddstrader.com/atp/?date=20260901&eid=4808956&g=match&m=merged
2026-09-01,4808956,2026-09-01T18:50:00+00:00,complete,US Open Men Singles,"New York, NY",Court 11,Tristan Schoolkate,193532,Nishesh Basavareddy,626170,match,total,396,opening,Everygame,29,180,option_15144,15144,119683,37.5,-111,1.9,2026-08-29T09:24:56+00:00,4885.067,False,https://www.oddstrader.com/atp/?date=20260901&eid=4808956&g=match&m=total,https://www.oddstrader.com/atp/?date=20260901&eid=4808956&g=match&m=merged
2026-09-01,4808956,2026-09-01T18:50:00+00:00,complete,US Open Men Singles,"New York, NY",Court 11,Tristan Schoolkate,193532,Nishesh Basavareddy,626170,match,total,396,closing,Heritage,44,169,option_15143,15143,119611,36.5,-123,1.813,2026-09-01T18:37:22+00:00,12.633,False,https://www.oddstrader.com/atp/?date=20260901&eid=4808956&g=match&m=total,https://www.oddstrader.com/atp/?date=20260901&eid=4808956&g=match&m=merged
2026-09-01,4808956,2026-09-01T18:50:00+00:00,complete,US Open Men Singles,"New York, NY",Court 11,Tristan Schoolkate,193532,Nishesh Basavareddy,626170,match,total,396,opening,Heritage,44,169,option_15143,15143,119619,40.5,-117,1.855,2026-08-29T01:10:37+00:00,5379.383,False,https://www.oddstrader.com/atp/?date=20260901&eid=4808956&g=match&m=total,https://www.oddstrader.com/atp/?date=20260901&eid=4808956&g=match&m=merged
2026-09-01,4808956,2026-09-01T18:50:00+00:00,complete,US Open Men Singles,"New York, NY",Court 11,Tristan Schoolkate,193532,Nishesh Basavareddy,626170,match,total,396,closing,Heritage,44,169,option_15144,15144,119681,36.5,-121,1.826,2026-09-01T18:37:22+00:00,12.633,False,https://www.oddstrader.com/atp/?date=20260901&eid=4808956&g=match&m=total,https://www.oddstrader.com/atp/?date=20260901&eid=4808956&g=match&m=merged
2026-09-01,4808956,2026-09-01T18:50:00+00:00,complete,US Open Men Singles,"New York, NY",Court 11,Tristan Schoolkate,193532,Nishesh Basavareddy,626170,match,total,396,opening,Heritage,44,169,option_15144,15144,119689,40.5,-121,1.826,2026-08-29T01:10:37+00:00,5379.383,False,https://www.oddstrader.com/atp/?date=20260901&eid=4808956&g=match&m=total,https://www.oddstrader.com/atp/?date=20260901&eid=4808956&g=match&m=merged
2026-09-01,4808956,2026-09-01T18:50:00+00:00,complete,US Open Men Singles,"New York, NY",Court 11,Tristan Schoolkate,193532,Nishesh Basavareddy,626170,match,total,396,closing,MyBookie,82,1680,option_15143,15143,119613,37.5,-111,1.9009,2026-08-31T18:46:45+00:00,1443.25,True,https://www.oddstrader.com/atp/?date=20260901&eid=4808956&g=match&m=total,https://www.oddstrader.com/atp/?date=20260901&eid=4808956&g=match&m=merged
2026-09-01,4808956,2026-09-01T18:50:00+00:00,complete,US Open Men Singles,"New York, NY",Court 11,Tristan Schoolkate,193532,Nishesh Basavareddy,626170,match,total,396,opening,MyBookie,82,1680,option_15143,15143,119613,37.5,-127,1.7874,2026-08-29T15:04:11+00:00,4545.817,False,https://www.oddstrader.com/atp/?date=20260901&eid=4808956&g=match&m=total,https://www.oddstrader.com/atp/?date=20260901&eid=4808956&g=match&m=merged
2026-09-01,4808956,2026-09-01T18:50:00+00:00,complete,US Open Men Singles,"New York, NY",Court 11,Tristan Schoolkate,193532,Nishesh Basavareddy,626170,match,total,396,closing,MyBookie,82,1680,option_15144,15144,119683,37.5,-124,1.8065,2026-08-31T18:46:45+00:00,1443.25,True,https://www.oddstrader.com/atp/?date=20260901&eid=4808956&g=match&m=total,https://www.oddstrader.com/atp/?date=20260901&eid=4808956&g=match&m=merged
2026-09-01,4808956,2026-09-01T18:50:00+00:00,complete,US Open Men Singles,"New York, NY",Court 11,Tristan Schoolkate,193532,Nishesh Basavareddy,626170,match,total,396,opening,MyBookie,82,1680,option_15144,15144,119683,37.5,-113,1.885,2026-08-29T15:04:11+00:00,4545.817,False,https://www.oddstrader.com/atp/?date=20260901&eid=4808956&g=match&m=total,https://www.oddstrader.com/atp/?date=20260901&eid=4808956&g=match&m=merged
2026-09-01,4808956,2026-09-01T18:50:00+00:00,complete,US Open Men Singles,"New York, NY",Court 11,Tristan Schoolkate,193532,Nishesh Basavareddy,626170,match,total,396,closing,SportsBetting,131,99,option_15143,15143,119611,36.5,-110,1.9091,2026-09-01T15:18:37+00:00,211.383,False,https://www.oddstrader.com/atp/?date=20260901&eid=4808956&g=match&m=total,https://www.oddstrader.com/atp/?date=20260901&eid=4808956&g=match&m=merged
2026-09-01,4808956,2026-09-01T18:50:00+00:00,complete,US Open Men Singles,"New York, NY",Court 11,Tristan Schoolkate,193532,Nishesh Basavareddy,626170,match,total,396,opening,SportsBetting,131,99,option_15143,15143,119613,37.5,-115,1.8696,2026-08-29T08:49:15+00:00,4920.75,False,https://www.oddstrader.com/atp/?date=20260901&eid=4808956&g=match&m=total,https://www.oddstrader.com/atp/?date=20260901&eid=4808956&g=match&m=merged
2026-09-01,4808956,2026-09-01T18:50:00+00:00,complete,US Open Men Singles,"New York, NY",Court 11,Tristan Schoolkate,193532,Nishesh Basavareddy,626170,match,total,396,closing,SportsBetting,131,99,option_15144,15144,119681,36.5,-110,1.9091,2026-09-01T15:18:37+00:00,211.383,False,https://www.oddstrader.com/atp/?date=20260901&eid=4808956&g=match&m=total,https://www.oddstrader.com/atp/?date=20260901&eid=4808956&g=match&m=merged
2026-09-01,4808956,2026-09-01T18:50:00+00:00,complete,US Open Men Singles,"New York, NY",Court 11,Tristan Schoolkate,193532,Nishesh Basavareddy,626170,match,total,396,opening,SportsBetting,131,99,option_15144,15144,119683,37.5,-105,1.9524,2026-08-29T08:49:15+00:00,4920.75,False,https://www.oddstrader.com/atp/?date=20260901&eid=4808956&g=match&m=total,https://www.oddstrader.com/atp/?date=20260901&eid=4808956&g=match&m=merged
2026-09-01,4808956,2026-09-01T18:50:00+00:00,complete,US Open Men Singles,"New York, NY",Court 11,Tristan Schoolkate,193532,Nishesh Basavareddy,626170,match,winner,126,closing,Bet105,130,3174,Nishesh Basavareddy,626170,10917421,0,-314,1.318,2026-09-01T18:25:00+00:00,25.0,False,https://www.oddstrader.com/atp/?date=20260901&eid=4808956&g=match&m=winner,https://www.oddstrader.com/atp/?date=20260901&eid=4808956&g=match&m=merged
2026-09-01,4808956,2026-09-01T18:50:00+00:00,complete,US Open Men Singles,"New York, NY",Court 11,Tristan Schoolkate,193532,Nishesh Basavareddy,626170,match,winner,126,opening,Bet105,130,3174,Nishesh Basavareddy,626170,10917421,0,-253,1.395,2026-08-29T08:41:25+00:00,4928.583,False,https://www.oddstrader.com/atp/?date=20260901&eid=4808956&g=match&m=winner,https://www.oddstrader.com/atp/?date=20260901&eid=4808956&g=match&m=merged
2026-09-01,4808956,2026-09-01T18:50:00+00:00,complete,US Open Men Singles,"New York, NY",Court 11,Tristan Schoolkate,193532,Nishesh Basavareddy,626170,match,winner,126,closing,Bet105,130,3174,Tristan Schoolkate,193532,10923804,0,263,3.63,2026-09-01T18:25:00+00:00,25.0,False,https://www.oddstrader.com/atp/?date=20260901&eid=4808956&g=match&m=winner,https://www.oddstrader.com/atp/?date=20260901&eid=4808956&g=match&m=merged
2026-09-01,4808956,2026-09-01T18:50:00+00:00,complete,US Open Men Singles,"New York, NY",Court 11,Tristan Schoolkate,193532,Nishesh Basavareddy,626170,match,winner,126,opening,Bet105,130,3174,Tristan Schoolkate,193532,10923804,0,210,3.1,2026-08-29T08:41:25+00:00,4928.583,False,https://www.oddstrader.com/atp/?date=20260901&eid=4808956&g=match&m=winner,https://www.oddstrader.com/atp/?date=20260901&eid=4808956&g=match&m=merged
2026-09-01,4808956,2026-09-01T18:50:00+00:00,complete,US Open Men Singles,"New York, NY",Court 11,Tristan Schoolkate,193532,Nishesh Basavareddy,626170,match,winner,126,closing,BetAnything,123,1061,Nishesh Basavareddy,626170,10917421,0,-320,1.3125,2026-09-01T18:24:55+00:00,25.083,False,https://www.oddstrader.com/atp/?date=20260901&eid=4808956&g=match&m=winner,https://www.oddstrader.com/atp/?date=20260901&eid=4808956&g=match&m=merged
2026-09-01,4808956,2026-09-01T18:50:00+00:00,complete,US Open Men Singles,"New York, NY",Court 11,Tristan Schoolkate,193532,Nishesh Basavareddy,626170,match,winner,126,opening,BetAnything,123,1061,Nishesh Basavareddy,626170,10917421,0,-260,1.3846,2026-08-29T12:56:42+00:00,4673.3,False,https://www.oddstrader.com/atp/?date=20260901&eid=4808956&g=match&m=winner,https://www.oddstrader.com/atp/?date=20260901&eid=4808956&g=match&m=merged
2026-09-01,4808956,2026-09-01T18:50:00+00:00,complete,US Open Men Singles,"New York, NY",Court 11,Tristan Schoolkate,193532,Nishesh Basavareddy,626170,match,winner,126,closing,BetAnything,123,1061,Tristan Schoolkate,193532,10923804,0,245,3.45,2026-09-01T18:24:55+00:00,25.083,False,https://www.oddstrader.com/atp/?date=20260901&eid=4808956&g=match&m=winner,https://www.oddstrader.com/atp/?date=20260901&eid=4808956&g=match&m=merged
2026-09-01,4808956,2026-09-01T18:50:00+00:00,complete,US Open Men Singles,"New York, NY",Court 11,Tristan Schoolkate,193532,Nishesh Basavareddy,626170,match,winner,126,opening,BetAnything,123,1061,Tristan Schoolkate,193532,10923804,0,210,3.1,2026-08-29T12:56:42+00:00,4673.3,False,https://www.oddstrader.com/atp/?date=20260901&eid=4808956&g=match&m=winner,https://www.oddstrader.com/atp/?date=20260901&eid=4808956&g=match&m=merged
2026-09-01,4808956,2026-09-01T18:50:00+00:00,complete,US Open Men Singles,"New York, NY",Court 11,Tristan Schoolkate,193532,Nishesh Basavareddy,626170,match,winner,126,closing,BetOnline,8,1096,Nishesh Basavareddy,626170,10917421,0,-315,1.3175,2026-09-01T15:18:37+00:00,211.383,False,https://www.oddstrader.com/atp/?date=20260901&eid=4808956&g=match&m=winner,https://www.oddstrader.com/atp/?date=20260901&eid=4808956&g=match&m=merged
2026-09-01,4808956,2026-09-01T18:50:00+00:00,complete,US Open Men Singles,"New York, NY",Court 11,Tristan Schoolkate,193532,Nishesh Basavareddy,626170,match,winner,126,opening,BetOnline,8,1096,Nishesh Basavareddy,626170,10917421,0,-250,1.4,2026-08-29T08:49:15+00:00,4920.75,False,https://www.oddstrader.com/atp/?date=20260901&eid=4808956&g=match&m=winner,https://www.oddstrader.com/atp/?date=20260901&eid=4808956&g=match&m=merged
2026-09-01,4808956,2026-09-01T18:50:00+00:00,complete,US Open Men Singles,"New York, NY",Court 11,Tristan Schoolkate,193532,Nishesh Basavareddy,626170,match,winner,126,closing,BetOnline,8,1096,Tristan Schoolkate,193532,10923804,0,265,3.65,2026-09-01T15:18:37+00:00,211.383,False,https://www.oddstrader.com/atp/?date=20260901&eid=4808956&g=match&m=winner,https://www.oddstrader.com/atp/?date=20260901&eid=4808956&g=match&m=merged
2026-09-01,4808956,2026-09-01T18:50:00+00:00,complete,US Open Men Singles,"New York, NY",Court 11,Tristan Schoolkate,193532,Nishesh Basavareddy,626170,match,winner,126,opening,BetOnline,8,1096,Tristan Schoolkate,193532,10923804,0,210,3.1,2026-08-29T08:49:15+00:00,4920.75,False,https://www.oddstrader.com/atp/?date=20260901&eid=4808956&g=match&m=winner,https://www.oddstrader.com/atp/?date=20260901&eid=4808956&g=match&m=merged
2026-09-01,4808956,2026-09-01T18:50:00+00:00,complete,US Open Men Singles,"New York, NY",Court 11,Tristan Schoolkate,193532,Nishesh Basavareddy,626170,match,winner,126,closing,Bovada,9,1618,Nishesh Basavareddy,626170,10917421,0,-325,1.3077,2026-09-01T18:34:01+00:00,15.983,True,https://www.oddstrader.com/atp/?date=20260901&eid=4808956&g=match&m=winner,https://www.oddstrader.com/atp/?date=20260901&eid=4808956&g=match&m=merged
2026-09-01,4808956,2026-09-01T18:50:00+00:00,complete,US Open Men Singles,"New York, NY",Court 11,Tristan Schoolkate,193532,Nishesh Basavareddy,626170,match,winner,126,opening,Bovada,9,1618,Nishesh Basavareddy,626170,10917421,0,-175,1.5714,2026-08-28T22:19:32+00:00,5550.467,False,https://www.oddstrader.com/atp/?date=20260901&eid=4808956&g=match&m=winner,https://www.oddstrader.com/atp/?date=20260901&eid=4808956&g=match&m=merged
2026-09-01,4808956,2026-09-01T18:50:00+00:00,complete,US Open Men Singles,"New York, NY",Court 11,Tristan Schoolkate,193532,Nishesh Basavareddy,626170,match,winner,126,closing,Bovada,9,1618,Tristan Schoolkate,193532,10923804,0,260,3.6,2026-09-01T18:34:01+00:00,15.983,True,https://www.oddstrader.com/atp/?date=20260901&eid=4808956&g=match&m=winner,https://www.oddstrader.com/atp/?date=20260901&eid=4808956&g=match&m=merged
2026-09-01,4808956,2026-09-01T18:50:00+00:00,complete,US Open Men Singles,"New York, NY",Court 11,Tristan Schoolkate,193532,Nishesh Basavareddy,626170,match,winner,126,opening,Bovada,9,1618,Tristan Schoolkate,193532,10923804,0,145,2.45,2026-08-28T22:19:32+00:00,5550.467,False,https://www.oddstrader.com/atp/?date=20260901&eid=4808956&g=match&m=winner,https://www.oddstrader.com/atp/?date=20260901&eid=4808956&g=match&m=merged
2026-09-01,4808956,2026-09-01T18:50:00+00:00,complete,US Open Men Singles,"New York, NY",Court 11,Tristan Schoolkate,193532,Nishesh Basavareddy,626170,match,winner,126,closing,Everygame,29,180,Nishesh Basavareddy,626170,10917421,0,-303,1.33,2026-09-01T08:11:23+00:00,638.617,False,https://www.oddstrader.com/atp/?date=20260901&eid=4808956&g=match&m=winner,https://www.oddstrader.com/atp/?date=20260901&eid=4808956&g=match&m=merged
2026-09-01,4808956,2026-09-01T18:50:00+00:00,complete,US Open Men Singles,"New York, NY",Court 11,Tristan Schoolkate,193532,Nishesh Basavareddy,626170,match,winner,126,opening,Everygame,29,180,Nishesh Basavareddy,626170,10917421,0,-278,1.36,2026-08-29T09:24:56+00:00,4885.067,False,https://www.oddstrader.com/atp/?date=20260901&eid=4808956&g=match&m=winner,https://www.oddstrader.com/atp/?date=20260901&eid=4808956&g=match&m=merged
2026-09-01,4808956,2026-09-01T18:50:00+00:00,complete,US Open Men Singles,"New York, NY",Court 11,Tristan Schoolkate,193532,Nishesh Basavareddy,626170,match,winner,126,closing,Everygame,29,180,Tristan Schoolkate,193532,10923804,0,220,3.2,2026-09-01T08:11:23+00:00,638.617,False,https://www.oddstrader.com/atp/?date=20260901&eid=4808956&g=match&m=winner,https://www.oddstrader.com/atp/?date=20260901&eid=4808956&g=match&m=merged
2026-09-01,4808956,2026-09-01T18:50:00+00:00,complete,US Open Men Singles,"New York, NY",Court 11,Tristan Schoolkate,193532,Nishesh Basavareddy,626170,match,winner,126,opening,Everygame,29,180,Tristan Schoolkate,193532,10923804,0,210,3.1,2026-08-29T09:24:56+00:00,4885.067,False,https://www.oddstrader.com/atp/?date=20260901&eid=4808956&g=match&m=winner,https://www.oddstrader.com/atp/?date=20260901&eid=4808956&g=match&m=merged
2026-09-01,4808956,2026-09-01T18:50:00+00:00,complete,US Open Men Singles,"New York, NY",Court 11,Tristan Schoolkate,193532,Nishesh Basavareddy,626170,match,winner,126,closing,Heritage,44,169,Nishesh Basavareddy,626170,10917421,0,-322,1.311,2026-09-01T18:37:22+00:00,12.633,False,https://www.oddstrader.com/atp/?date=20260901&eid=4808956&g=match&m=winner,https://www.oddstrader.com/atp/?date=20260901&eid=4808956&g=match&m=merged
2026-09-01,4808956,2026-09-01T18:50:00+00:00,complete,US Open Men Singles,"New York, NY",Court 11,Tristan Schoolkate,193532,Nishesh Basavareddy,626170,match,winner,126,opening,Heritage,44,169,Nishesh Basavareddy,626170,10917421,0,-229,1.437,2026-08-29T01:10:37+00:00,5379.383,False,https://www.oddstrader.com/atp/?date=20260901&eid=4808956&g=match&m=winner,https://www.oddstrader.com/atp/?date=20260901&eid=4808956&g=match&m=merged
2026-09-01,4808956,2026-09-01T18:50:00+00:00,complete,US Open Men Singles,"New York, NY",Court 11,Tristan Schoolkate,193532,Nishesh Basavareddy,626170,match,winner,126,closing,Heritage,44,169,Tristan Schoolkate,193532,10923804,0,252,3.52,2026-09-01T18:37:22+00:00,12.633,False,https://www.oddstrader.com/atp/?date=20260901&eid=4808956&g=match&m=winner,https://www.oddstrader.com/atp/?date=20260901&eid=4808956&g=match&m=merged
2026-09-01,4808956,2026-09-01T18:50:00+00:00,complete,US Open Men Singles,"New York, NY",Court 11,Tristan Schoolkate,193532,Nishesh Basavareddy,626170,match,winner,126,opening,Heritage,44,169,Tristan Schoolkate,193532,10923804,0,181,2.81,2026-08-29T01:10:37+00:00,5379.383,False,https://www.oddstrader.com/atp/?date=20260901&eid=4808956&g=match&m=winner,https://www.oddstrader.com/atp/?date=20260901&eid=4808956&g=match&m=merged
2026-09-01,4808956,2026-09-01T18:50:00+00:00,complete,US Open Men Singles,"New York, NY",Court 11,Tristan Schoolkate,193532,Nishesh Basavareddy,626170,match,winner,126,closing,MyBookie,82,1680,Nishesh Basavareddy,626170,10917421,0,-330,1.303,2026-08-31T18:43:19+00:00,1446.683,True,https://www.oddstrader.com/atp/?date=20260901&eid=4808956&g=match&m=winner,https://www.oddstrader.com/atp/?date=20260901&eid=4808956&g=match&m=merged
2026-09-01,4808956,2026-09-01T18:50:00+00:00,complete,US Open Men Singles,"New York, NY",Court 11,Tristan Schoolkate,193532,Nishesh Basavareddy,626170,match,winner,126,opening,MyBookie,82,1680,Nishesh Basavareddy,626170,10917421,0,-193,1.5181,2026-08-28T22:26:18+00:00,5543.7,False,https://www.oddstrader.com/atp/?date=20260901&eid=4808956&g=match&m=winner,https://www.oddstrader.com/atp/?date=20260901&eid=4808956&g=match&m=merged
2026-09-01,4808956,2026-09-01T18:50:00+00:00,complete,US Open Men Singles,"New York, NY",Court 11,Tristan Schoolkate,193532,Nishesh Basavareddy,626170,match,winner,126,closing,MyBookie,82,1680,Tristan Schoolkate,193532,10923804,0,250,3.5,2026-08-31T18:43:19+00:00,1446.683,True,https://www.oddstrader.com/atp/?date=20260901&eid=4808956&g=match&m=winner,https://www.oddstrader.com/atp/?date=20260901&eid=4808956&g=match&m=merged
2026-09-01,4808956,2026-09-01T18:50:00+00:00,complete,US Open Men Singles,"New York, NY",Court 11,Tristan Schoolkate,193532,Nishesh Basavareddy,626170,match,winner,126,opening,MyBookie,82,1680,Tristan Schoolkate,193532,10923804,0,137,2.37,2026-08-28T22:26:18+00:00,5543.7,False,https://www.oddstrader.com/atp/?date=20260901&eid=4808956&g=match&m=winner,https://www.oddstrader.com/atp/?date=20260901&eid=4808956&g=match&m=merged
2026-09-01,4808956,2026-09-01T18:50:00+00:00,complete,US Open Men Singles,"New York, NY",Court 11,Tristan Schoolkate,193532,Nishesh Basavareddy,626170,match,winner,126,closing,SportsBetting,131,99,Nishesh Basavareddy,626170,10917421,0,-315,1.3175,2026-09-01T15:18:37+00:00,211.383,False,https://www.oddstrader.com/atp/?date=20260901&eid=4808956&g=match&m=winner,https://www.oddstrader.com/atp/?date=20260901&eid=4808956&g=match&m=merged
2026-09-01,4808956,2026-09-01T18:50:00+00:00,complete,US Open Men Singles,"New York, NY",Court 11,Tristan Schoolkate,193532,Nishesh Basavareddy,626170,match,winner,126,opening,SportsBetting,131,99,Nishesh Basavareddy,626170,10917421,0,-250,1.4,2026-08-29T08:49:15+00:00,4920.75,False,https://www.oddstrader.com/atp/?date=20260901&eid=4808956&g=match&m=winner,https://www.oddstrader.com/atp/?date=20260901&eid=4808956&g=match&m=merged
2026-09-01,4808956,2026-09-01T18:50:00+00:00,complete,US Open Men Singles,"New York, NY",Court 11,Tristan Schoolkate,193532,Nishesh Basavareddy,626170,match,winner,126,closing,SportsBetting,131,99,Tristan Schoolkate,193532,10923804,0,265,3.65,2026-09-01T15:18:37+00:00,211.383,False,https://www.oddstrader.com/atp/?date=20260901&eid=4808956&g=match&m=winner,https://www.oddstrader.com/atp/?date=20260901&eid=4808956&g=match&m=merged
2026-09-01,4808956,2026-09-01T18:50:00+00:00,complete,US Open Men Singles,"New York, NY",Court 11,Tristan Schoolkate,193532,Nishesh Basavareddy,626170,match,winner,126,opening,SportsBetting,131,99,Tristan Schoolkate,193532,10923804,0,210,3.1,2026-08-29T08:49:15+00:00,4920.75,False,https://www.oddstrader.com/atp/?date=20260901&eid=4808956&g=match&m=winner,https://www.oddstrader.com/atp/?date=20260901&eid=4808956&g=match&m=merged
2026-09-01,4808958,2026-09-01T18:50:00+00:00,complete,US Open Men Singles,"New York, NY",Court 10,Zsombor Piros,73013,Mattia Bellucci,260455,1st-set,winner,279,closing,BetOnline,8,1096,Mattia Bellucci,260455,10917764,0,-165,1.6061,2026-09-01T16:09:25+00:00,160.583,False,https://www.oddstrader.com/atp/?date=20260901&eid=4808958&g=1st-set&m=winner,https://www.oddstrader.com/atp/?date=20260901&eid=4808958&g=1st-set&m=merged
2026-09-01,4808958,2026-09-01T18:50:00+00:00,complete,US Open Men Singles,"New York, NY",Court 10,Zsombor Piros,73013,Mattia Bellucci,260455,1st-set,winner,279,opening,BetOnline,8,1096,Mattia Bellucci,260455,10917764,0,-170,1.5882,2026-08-29T08:49:15+00:00,4920.75,False,https://www.oddstrader.com/atp/?date=20260901&eid=4808958&g=1st-set&m=winner,https://www.oddstrader.com/atp/?date=20260901&eid=4808958&g=1st-set&m=merged
2026-09-01,4808958,2026-09-01T18:50:00+00:00,complete,US Open Men Singles,"New York, NY",Court 10,Zsombor Piros,73013,Mattia Bellucci,260455,1st-set,winner,279,closing,BetOnline,8,1096,Zsombor Piros,73013,10923738,0,145,2.45,2026-09-01T16:09:25+00:00,160.583,False,https://www.oddstrader.com/atp/?date=20260901&eid=4808958&g=1st-set&m=winner,https://www.oddstrader.com/atp/?date=20260901&eid=4808958&g=1st-set&m=merged
2026-09-01,4808958,2026-09-01T18:50:00+00:00,complete,US Open Men Singles,"New York, NY",Court 10,Zsombor Piros,73013,Mattia Bellucci,260455,1st-set,winner,279,opening,BetOnline,8,1096,Zsombor Piros,73013,10923738,0,144,2.44,2026-08-29T08:49:15+00:00,4920.75,False,https://www.oddstrader.com/atp/?date=20260901&eid=4808958&g=1st-set&m=winner,https://www.oddstrader.com/atp/?date=20260901&eid=4808958&g=1st-set&m=merged
2026-09-01,4808958,2026-09-01T18:50:00+00:00,complete,US Open Men Singles,"New York, NY",Court 10,Zsombor Piros,73013,Mattia Bellucci,260455,1st-set,winner,279,closing,SportsBetting,131,99,Mattia Bellucci,260455,10917764,0,-165,1.6061,2026-09-01T16:09:25+00:00,160.583,False,https://www.oddstrader.com/atp/?date=20260901&eid=4808958&g=1st-set&m=winner,https://www.oddstrader.com/atp/?date=20260901&eid=4808958&g=1st-set&m=merged
2026-09-01,4808958,2026-09-01T18:50:00+00:00,complete,US Open Men Singles,"New York, NY",Court 10,Zsombor Piros,73013,Mattia Bellucci,260455,1st-set,winner,279,opening,SportsBetting,131,99,Mattia Bellucci,260455,10917764,0,-170,1.5882,2026-08-29T08:49:15+00:00,4920.75,False,https://www.oddstrader.com/atp/?date=20260901&eid=4808958&g=1st-set&m=winner,https://www.oddstrader.com/atp/?date=20260901&eid=4808958&g=1st-set&m=merged
2026-09-01,4808958,2026-09-01T18:50:00+00:00,complete,US Open Men Singles,"New York, NY",Court 10,Zsombor Piros,73013,Mattia Bellucci,260455,1st-set,winner,279,closing,SportsBetting,131,99,Zsombor Piros,73013,10923738,0,145,2.45,2026-09-01T16:09:25+00:00,160.583,False,https://www.oddstrader.com/atp/?date=20260901&eid=4808958&g=1st-set&m=winner,https://www.oddstrader.com/atp/?date=20260901&eid=4808958&g=1st-set&m=merged
2026-09-01,4808958,2026-09-01T18:50:00+00:00,complete,US Open Men Singles,"New York, NY",Court 10,Zsombor Piros,73013,Mattia Bellucci,260455,1st-set,winner,279,opening,SportsBetting,131,99,Zsombor Piros,73013,10923738,0,144,2.44,2026-08-29T08:49:15+00:00,4920.75,False,https://www.oddstrader.com/atp/?date=20260901&eid=4808958&g=1st-set&m=winner,https://www.oddstrader.com/atp/?date=20260901&eid=4808958&g=1st-set&m=merged
2026-09-01,4808958,2026-09-01T18:50:00+00:00,complete,US Open Men Singles,"New York, NY",Court 10,Zsombor Piros,73013,Mattia Bellucci,260455,match,spread,395,opening,Bet105,130,3174,Mattia Bellucci,260455,10973842,-4,-115,1.87,2026-08-29T07:49:08+00:00,4980.867,False,https://www.oddstrader.com/atp/?date=20260901&eid=4808958&g=match&m=spread,https://www.oddstrader.com/atp/?date=20260901&eid=4808958&g=match&m=merged
2026-09-01,4808958,2026-09-01T18:50:00+00:00,complete,US Open Men Singles,"New York, NY",Court 10,Zsombor Piros,73013,Mattia Bellucci,260455,match,spread,395,opening,Bet105,130,3174,Zsombor Piros,73013,10995043,4,-103,1.971,2026-08-29T07:49:08+00:00,4980.867,False,https://www.oddstrader.com/atp/?date=20260901&eid=4808958&g=match&m=spread,https://www.oddstrader.com/atp/?date=20260901&eid=4808958&g=match&m=merged
2026-09-01,4808958,2026-09-01T18:50:00+00:00,complete,US Open Men Singles,"New York, NY",Court 10,Zsombor Piros,73013,Mattia Bellucci,260455,match,spread,395,closing,BetAnything,123,1061,Mattia Bellucci,260455,10922539,-4.5,-115,1.8696,2026-09-01T18:14:25+00:00,35.583,False,https://www.oddstrader.com/atp/?date=20260901&eid=4808958&g=match&m=spread,https://www.oddstrader.com/atp/?date=20260901&eid=4808958&g=match&m=merged
2026-09-01,4808958,2026-09-01T18:50:00+00:00,complete,US Open Men Singles,"New York, NY",Court 10,Zsombor Piros,73013,Mattia Bellucci,260455,match,spread,395,opening,BetAnything,123,1061,Mattia Bellucci,260455,10973842,-4,-120,1.8333,2026-08-29T12:56:42+00:00,4673.3,False,https://www.oddstrader.com/atp/?date=20260901&eid=4808958&g=match&m=spread,https://www.oddstrader.com/atp/?date=20260901&eid=4808958&g=match&m=merged
2026-09-01,4808958,2026-09-01T18:50:00+00:00,complete,US Open Men Singles,"New York, NY",Court 10,Zsombor Piros,73013,Mattia Bellucci,260455,match,spread,395,closing,BetAnything,123,1061,Zsombor Piros,73013,10971613,4.5,-115,1.8696,2026-09-01T18:14:25+00:00,35.583,False,https://www.oddstrader.com/atp/?date=20260901&eid=4808958&g=match&m=spread,https://www.oddstrader.com/atp/?date=20260901&eid=4808958&g=match&m=merged
2026-09-01,4808958,2026-09-01T18:50:00+00:00,complete,US Open Men Singles,"New York, NY",Court 10,Zsombor Piros,73013,Mattia Bellucci,260455,match,spread,395,opening,BetAnything,123,1061,Zsombor Piros,73013,10995043,4,-110,1.9091,2026-08-29T12:56:42+00:00,4673.3,False,https://www.oddstrader.com/atp/?date=20260901&eid=4808958&g=match&m=spread,https://www.oddstrader.com/atp/?date=20260901&eid=4808958&g=match&m=merged
2026-09-01,4808958,2026-09-01T18:50:00+00:00,complete,US Open Men Singles,"New York, NY",Court 10,Zsombor Piros,73013,Mattia Bellucci,260455,match,spread,395,closing,BetOnline,8,1096,Mattia Bellucci,260455,10922539,-4.5,-105,1.9524,2026-09-01T15:28:39+00:00,201.35,False,https://www.oddstrader.com/atp/?date=20260901&eid=4808958&g=match&m=spread,https://www.oddstrader.com/atp/?date=20260901&eid=4808958&g=match&m=merged
2026-09-01,4808958,2026-09-01T18:50:00+00:00,complete,US Open Men Singles,"New York, NY",Court 10,Zsombor Piros,73013,Mattia Bellucci,260455,match,spread,395,opening,BetOnline,8,1096,Mattia Bellucci,260455,10922539,-4.5,100,2,2026-08-29T08:49:15+00:00,4920.75,False,https://www.oddstrader.com/atp/?date=20260901&eid=4808958&g=match&m=spread,https://www.oddstrader.com/atp/?date=20260901&eid=4808958&g=match&m=merged
2026-09-01,4808958,2026-09-01T18:50:00+00:00,complete,US Open Men Singles,"New York, NY",Court 10,Zsombor Piros,73013,Mattia Bellucci,260455,match,spread,395,closing,BetOnline,8,1096,Zsombor Piros,73013,10971613,4.5,-115,1.8696,2026-09-01T15:28:39+00:00,201.35,False,https://www.oddstrader.com/atp/?date=20260901&eid=4808958&g=match&m=spread,https://www.oddstrader.com/atp/?date=20260901&eid=4808958&g=match&m=merged
2026-09-01,4808958,2026-09-01T18:50:00+00:00,complete,US Open Men Singles,"New York, NY",Court 10,Zsombor Piros,73013,Mattia Bellucci,260455,match,spread,395,opening,BetOnline,8,1096,Zsombor Piros,73013,10971613,4.5,-120,1.8333,2026-08-29T08:49:15+00:00,4920.75,False,https://www.oddstrader.com/atp/?date=20260901&eid=4808958&g=match&m=spread,https://www.oddstrader.com/atp/?date=20260901&eid=4808958&g=match&m=merged
2026-09-01,4808958,2026-09-01T18:50:00+00:00,complete,US Open Men Singles,"New York, NY",Court 10,Zsombor Piros,73013,Mattia Bellucci,260455,match,spread,395,closing,Bovada,9,1618,Mattia Bellucci,260455,10922539,-4.5,-110,1.9091,2026-09-01T09:51:51+00:00,538.15,False,https://www.oddstrader.com/atp/?date=20260901&eid=4808958&g=match&m=spread,https://www.oddstrader.com/atp/?date=20260901&eid=4808958&g=match&m=merged
2026-09-01,4808958,2026-09-01T18:50:00+00:00,complete,US Open Men Singles,"New York, NY",Court 10,Zsombor Piros,73013,Mattia Bellucci,260455,match,spread,395,opening,Bovada,9,1618,Mattia Bellucci,260455,10918602,-3.5,-130,1.7692,2026-08-28T22:19:32+00:00,5550.467,False,https://www.oddstrader.com/atp/?date=20260901&eid=4808958&g=match&m=spread,https://www.oddstrader.com/atp/?date=20260901&eid=4808958&g=match&m=merged
2026-09-01,4808958,2026-09-01T18:50:00+00:00,complete,US Open Men Singles,"New York, NY",Court 10,Zsombor Piros,73013,Mattia Bellucci,260455,match,spread,395,closing,Bovada,9,1618,Zsombor Piros,73013,10971613,4.5,-120,1.8333,2026-09-01T09:51:51+00:00,538.15,False,https://www.oddstrader.com/atp/?date=20260901&eid=4808958&g=match&m=spread,https://www.oddstrader.com/atp/?date=20260901&eid=4808958&g=match&m=merged
2026-09-01,4808958,2026-09-01T18:50:00+00:00,complete,US Open Men Singles,"New York, NY",Court 10,Zsombor Piros,73013,Mattia Bellucci,260455,match,spread,395,opening,Bovada,9,1618,Zsombor Piros,73013,10971612,3.5,100,2,2026-08-28T22:19:32+00:00,5550.467,False,https://www.oddstrader.com/atp/?date=20260901&eid=4808958&g=match&m=spread,https://www.oddstrader.com/atp/?date=20260901&eid=4808958&g=match&m=merged
2026-09-01,4808958,2026-09-01T18:50:00+00:00,complete,US Open Men Singles,"New York, NY",Court 10,Zsombor Piros,73013,Mattia Bellucci,260455,match,spread,395,closing,Everygame,29,180,Mattia Bellucci,260455,10922539,-4.5,-118,1.85,2026-09-01T12:17:34+00:00,392.433,False,https://www.oddstrader.com/atp/?date=20260901&eid=4808958&g=match&m=spread,https://www.oddstrader.com/atp/?date=20260901&eid=4808958&g=match&m=merged
2026-09-01,4808958,2026-09-01T18:50:00+00:00,complete,US Open Men Singles,"New York, NY",Court 10,Zsombor Piros,73013,Mattia Bellucci,260455,match,spread,395,opening,Everygame,29,180,Mattia Bellucci,260455,10922539,-4.5,-105,1.95,2026-08-29T09:24:56+00:00,4885.067,False,https://www.oddstrader.com/atp/?date=20260901&eid=4808958&g=match&m=spread,https://www.oddstrader.com/atp/?date=20260901&eid=4808958&g=match&m=merged
2026-09-01,4808958,2026-09-01T18:50:00+00:00,complete,US Open Men Singles,"New York, NY",Court 10,Zsombor Piros,73013,Mattia Bellucci,260455,match,spread,395,closing,Everygame,29,180,Zsombor Piros,73013,10971613,4.5,-118,1.85,2026-09-01T12:17:34+00:00,392.433,False,https://www.oddstrader.com/atp/?date=20260901&eid=4808958&g=match&m=spread,https://www.oddstrader.com/atp/?date=20260901&eid=4808958&g=match&m=merged
2026-09-01,4808958,2026-09-01T18:50:00+00:00,complete,US Open Men Singles,"New York, NY",Court 10,Zsombor Piros,73013,Mattia Bellucci,260455,match,spread,395,opening,Everygame,29,180,Zsombor Piros,73013,10971613,4.5,-133,1.75,2026-08-29T09:24:56+00:00,4885.067,False,https://www.oddstrader.com/atp/?date=20260901&eid=4808958&g=match&m=spread,https://www.oddstrader.com/atp/?date=20260901&eid=4808958&g=match&m=merged
2026-09-01,4808958,2026-09-01T18:50:00+00:00,complete,US Open Men Singles,"New York, NY",Court 10,Zsombor Piros,73013,Mattia Bellucci,260455,match,spread,395,closing,Heritage,44,169,Mattia Bellucci,260455,10922539,-4.5,-110,1.909,2026-08-31T12:31:43+00:00,1818.283,False,https://www.oddstrader.com/atp/?date=20260901&eid=4808958&g=match&m=spread,https://www.oddstrader.com/atp/?date=20260901&eid=4808958&g=match&m=merged
2026-09-01,4808958,2026-09-01T18:50:00+00:00,complete,US Open Men Singles,"New York, NY",Court 10,Zsombor Piros,73013,Mattia Bellucci,260455,match,spread,395,opening,Heritage,44,169,Mattia Bellucci,260455,10918602,-3.5,-141,1.709,2026-08-29T01:10:37+00:00,5379.383,False,https://www.oddstrader.com/atp/?date=20260901&eid=4808958&g=match&m=spread,https://www.oddstrader.com/atp/?date=20260901&eid=4808958&g=match&m=merged
2026-09-01,4808958,2026-09-01T18:50:00+00:00,complete,US Open Men Singles,"New York, NY",Court 10,Zsombor Piros,73013,Mattia Bellucci,260455,match,spread,395,closing,Heritage,44,169,Zsombor Piros,73013,10971613,4.5,-126,1.794,2026-08-31T12:31:43+00:00,1818.283,False,https://www.oddstrader.com/atp/?date=20260901&eid=4808958&g=match&m=spread,https://www.oddstrader.com/atp/?date=20260901&eid=4808958&g=match&m=merged
2026-09-01,4808958,2026-09-01T18:50:00+00:00,complete,US Open Men Singles,"New York, NY",Court 10,Zsombor Piros,73013,Mattia Bellucci,260455,match,spread,395,opening,Heritage,44,169,Zsombor Piros,73013,10971612,3.5,103,2.03,2026-08-29T01:10:37+00:00,5379.383,False,https://www.oddstrader.com/atp/?date=20260901&eid=4808958&g=match&m=spread,https://www.oddstrader.com/atp/?date=20260901&eid=4808958&g=match&m=merged
2026-09-01,4808958,2026-09-01T18:50:00+00:00,complete,US Open Men Singles,"New York, NY",Court 10,Zsombor Piros,73013,Mattia Bellucci,260455,match,spread,395,closing,MyBookie,82,1680,Mattia Bellucci,260455,10922539,-4.5,-108,1.9259,2026-08-31T15:07:05+00:00,1662.917,True,https://www.oddstrader.com/atp/?date=20260901&eid=4808958&g=match&m=spread,https://www.oddstrader.com/atp/?date=20260901&eid=4808958&g=match&m=merged
2026-09-01,4808958,2026-09-01T18:50:00+00:00,complete,US Open Men Singles,"New York, NY",Court 10,Zsombor Piros,73013,Mattia Bellucci,260455,match,spread,395,opening,MyBookie,82,1680,Mattia Bellucci,260455,10922539,-4.5,-111,1.9009,2026-08-29T15:04:11+00:00,4545.817,False,https://www.oddstrader.com/atp/?date=20260901&eid=4808958&g=match&m=spread,https://www.oddstrader.com/atp/?date=20260901&eid=4808958&g=match&m=merged
2026-09-01,4808958,2026-09-01T18:50:00+00:00,complete,US Open Men Singles,"New York, NY",Court 10,Zsombor Piros,73013,Mattia Bellucci,260455,match,spread,395,closing,MyBookie,82,1680,Zsombor Piros,73013,10971613,4.5,-128,1.7813,2026-08-31T15:07:05+00:00,1662.917,True,https://www.oddstrader.com/atp/?date=20260901&eid=4808958&g=match&m=spread,https://www.oddstrader.com/atp/?date=20260901&eid=4808958&g=match&m=merged
2026-09-01,4808958,2026-09-01T18:50:00+00:00,complete,US Open Men Singles,"New York, NY",Court 10,Zsombor Piros,73013,Mattia Bellucci,260455,match,spread,395,opening,MyBookie,82,1680,Zsombor Piros,73013,10971613,4.5,-130,1.7692,2026-08-29T15:04:11+00:00,4545.817,False,https://www.oddstrader.com/atp/?date=20260901&eid=4808958&g=match&m=spread,https://www.oddstrader.com/atp/?date=20260901&eid=4808958&g=match&m=merged
2026-09-01,4808958,2026-09-01T18:50:00+00:00,complete,US Open Men Singles,"New York, NY",Court 10,Zsombor Piros,73013,Mattia Bellucci,260455,match,spread,395,closing,SportsBetting,131,99,Mattia Bellucci,260455,10922539,-4.5,-105,1.9524,2026-09-01T15:28:39+00:00,201.35,False,https://www.oddstrader.com/atp/?date=20260901&eid=4808958&g=match&m=spread,https://www.oddstrader.com/atp/?date=20260901&eid=4808958&g=match&m=merged
2026-09-01,4808958,2026-09-01T18:50:00+00:00,complete,US Open Men Singles,"New York, NY",Court 10,Zsombor Piros,73013,Mattia Bellucci,260455,match,spread,395,opening,SportsBetting,131,99,Mattia Bellucci,260455,10922539,-4.5,100,2,2026-08-29T08:49:15+00:00,4920.75,False,https://www.oddstrader.com/atp/?date=20260901&eid=4808958&g=match&m=spread,https://www.oddstrader.com/atp/?date=20260901&eid=4808958&g=match&m=merged
2026-09-01,4808958,2026-09-01T18:50:00+00:00,complete,US Open Men Singles,"New York, NY",Court 10,Zsombor Piros,73013,Mattia Bellucci,260455,match,spread,395,closing,SportsBetting,131,99,Zsombor Piros,73013,10971613,4.5,-115,1.8696,2026-09-01T15:28:39+00:00,201.35,False,https://www.oddstrader.com/atp/?date=20260901&eid=4808958&g=match&m=spread,https://www.oddstrader.com/atp/?date=20260901&eid=4808958&g=match&m=merged
2026-09-01,4808958,2026-09-01T18:50:00+00:00,complete,US Open Men Singles,"New York, NY",Court 10,Zsombor Piros,73013,Mattia Bellucci,260455,match,spread,395,opening,SportsBetting,131,99,Zsombor Piros,73013,10971613,4.5,-120,1.8333,2026-08-29T08:49:15+00:00,4920.75,False,https://www.oddstrader.com/atp/?date=20260901&eid=4808958&g=match&m=spread,https://www.oddstrader.com/atp/?date=20260901&eid=4808958&g=match&m=merged
2026-09-01,4808958,2026-09-01T18:50:00+00:00,complete,US Open Men Singles,"New York, NY",Court 10,Zsombor Piros,73013,Mattia Bellucci,260455,match,total,396,closing,Bet105,130,3174,option_15143,15143,119612,37,-107,1.935,2026-09-01T14:54:37+00:00,235.383,False,https://www.oddstrader.com/atp/?date=20260901&eid=4808958&g=match&m=total,https://www.oddstrader.com/atp/?date=20260901&eid=4808958&g=match&m=merged
2026-09-01,4808958,2026-09-01T18:50:00+00:00,complete,US Open Men Singles,"New York, NY",Court 10,Zsombor Piros,73013,Mattia Bellucci,260455,match,total,396,opening,Bet105,130,3174,option_15143,15143,119612,37,-111,1.901,2026-08-29T07:49:08+00:00,4980.867,False,https://www.oddstrader.com/atp/?date=20260901&eid=4808958&g=match&m=total,https://www.oddstrader.com/atp/?date=20260901&eid=4808958&g=match&m=merged
2026-09-01,4808958,2026-09-01T18:50:00+00:00,complete,US Open Men Singles,"New York, NY",Court 10,Zsombor Piros,73013,Mattia Bellucci,260455,match,total,396,closing,Bet105,130,3174,option_15144,15144,119682,37,-109,1.917,2026-09-01T14:54:37+00:00,235.383,False,https://www.oddstrader.com/atp/?date=20260901&eid=4808958&g=match&m=total,https://www.oddstrader.com/atp/?date=20260901&eid=4808958&g=match&m=merged
2026-09-01,4808958,2026-09-01T18:50:00+00:00,complete,US Open Men Singles,"New York, NY",Court 10,Zsombor Piros,73013,Mattia Bellucci,260455,match,total,396,opening,Bet105,130,3174,option_15144,15144,119682,37,-107,1.935,2026-08-29T07:49:08+00:00,4980.867,False,https://www.oddstrader.com/atp/?date=20260901&eid=4808958&g=match&m=total,https://www.oddstrader.com/atp/?date=20260901&eid=4808958&g=match&m=merged
2026-09-01,4808958,2026-09-01T18:50:00+00:00,complete,US Open Men Singles,"New York, NY",Court 10,Zsombor Piros,73013,Mattia Bellucci,260455,match,total,396,closing,BetAnything,123,1061,option_15143,15143,119613,37.5,-115,1.8696,2026-08-31T13:13:27+00:00,1776.55,False,https://www.oddstrader.com/atp/?date=20260901&eid=4808958&g=match&m=total,https://www.oddstrader.com/atp/?date=20260901&eid=4808958&g=match&m=merged
2026-09-01,4808958,2026-09-01T18:50:00+00:00,complete,US Open Men Singles,"New York, NY",Court 10,Zsombor Piros,73013,Mattia Bellucci,260455,match,total,396,opening,BetAnything,123,1061,option_15143,15143,119612,37,-115,1.8696,2026-08-29T12:56:42+00:00,4673.3,False,https://www.oddstrader.com/atp/?date=20260901&eid=4808958&g=match&m=total,https://www.oddstrader.com/atp/?date=20260901&eid=4808958&g=match&m=merged
2026-09-01,4808958,2026-09-01T18:50:00+00:00,complete,US Open Men Singles,"New York, NY",Court 10,Zsombor Piros,73013,Mattia Bellucci,260455,match,total,396,closing,BetAnything,123,1061,option_15144,15144,119683,37.5,-115,1.8696,2026-08-31T13:13:27+00:00,1776.55,False,https://www.oddstrader.com/atp/?date=20260901&eid=4808958&g=match&m=total,https://www.oddstrader.com/atp/?date=20260901&eid=4808958&g=match&m=merged
2026-09-01,4808958,2026-09-01T18:50:00+00:00,complete,US Open Men Singles,"New York, NY",Court 10,Zsombor Piros,73013,Mattia Bellucci,260455,match,total,396,opening,BetAnything,123,1061,option_15144,15144,119682,37,-115,1.8696,2026-08-29T12:56:42+00:00,4673.3,False,https://www.oddstrader.com/atp/?date=20260901&eid=4808958&g=match&m=total,https://www.oddstrader.com/atp/?date=20260901&eid=4808958&g=match&m=merged
2026-09-01,4808958,2026-09-01T18:50:00+00:00,complete,US Open Men Singles,"New York, NY",Court 10,Zsombor Piros,73013,Mattia Bellucci,260455,match,total,396,closing,BetOnline,8,1096,option_15143,15143,119613,37.5,-105,1.9524,2026-09-01T16:09:25+00:00,160.583,False,https://www.oddstrader.com/atp/?date=20260901&eid=4808958&g=match&m=total,https://www.oddstrader.com/atp/?date=20260901&eid=4808958&g=match&m=merged
2026-09-01,4808958,2026-09-01T18:50:00+00:00,complete,US Open Men Singles,"New York, NY",Court 10,Zsombor Piros,73013,Mattia Bellucci,260455,match,total,396,opening,BetOnline,8,1096,option_15143,15143,119613,37.5,-105,1.9524,2026-08-29T08:49:15+00:00,4920.75,False,https://www.oddstrader.com/atp/?date=20260901&eid=4808958&g=match&m=total,https://www.oddstrader.com/atp/?date=20260901&eid=4808958&g=match&m=merged
2026-09-01,4808958,2026-09-01T18:50:00+00:00,complete,US Open Men Singles,"New York, NY",Court 10,Zsombor Piros,73013,Mattia Bellucci,260455,match,total,396,closing,BetOnline,8,1096,option_15144,15144,119683,37.5,-115,1.8696,2026-09-01T16:09:25+00:00,160.583,False,https://www.oddstrader.com/atp/?date=20260901&eid=4808958&g=match&m=total,https://www.oddstrader.com/atp/?date=20260901&eid=4808958&g=match&m=merged
2026-09-01,4808958,2026-09-01T18:50:00+00:00,complete,US Open Men Singles,"New York, NY",Court 10,Zsombor Piros,73013,Mattia Bellucci,260455,match,total,396,opening,BetOnline,8,1096,option_15144,15144,119683,37.5,-115,1.8696,2026-08-29T08:49:15+00:00,4920.75,False,https://www.oddstrader.com/atp/?date=20260901&eid=4808958&g=match&m=total,https://www.oddstrader.com/atp/?date=20260901&eid=4808958&g=match&m=merged
2026-09-01,4808958,2026-09-01T18:50:00+00:00,complete,US Open Men Singles,"New York, NY",Court 10,Zsombor Piros,73013,Mattia Bellucci,260455,match,total,396,closing,Bovada,9,1618,option_15143,15143,119612,37,-115,1.87,2026-09-01T16:58:48+00:00,111.2,False,https://www.oddstrader.com/atp/?date=20260901&eid=4808958&g=match&m=total,https://www.oddstrader.com/atp/?date=20260901&eid=4808958&g=match&m=merged
2026-09-01,4808958,2026-09-01T18:50:00+00:00,complete,US Open Men Singles,"New York, NY",Court 10,Zsombor Piros,73013,Mattia Bellucci,260455,match,total,396,opening,Bovada,9,1618,option_15143,15143,119617,39.5,-110,1.9091,2026-08-29T00:41:05+00:00,5408.917,False,https://www.oddstrader.com/atp/?date=20260901&eid=4808958&g=match&m=total,https://www.oddstrader.com/atp/?date=20260901&eid=4808958&g=match&m=merged
2026-09-01,4808958,2026-09-01T18:50:00+00:00,complete,US Open Men Singles,"New York, NY",Court 10,Zsombor Piros,73013,Mattia Bellucci,260455,match,total,396,closing,Bovada,9,1618,option_15144,15144,119682,37,-115,1.87,2026-09-01T16:58:48+00:00,111.2,False,https://www.oddstrader.com/atp/?date=20260901&eid=4808958&g=match&m=total,https://www.oddstrader.com/atp/?date=20260901&eid=4808958&g=match&m=merged
2026-09-01,4808958,2026-09-01T18:50:00+00:00,complete,US Open Men Singles,"New York, NY",Court 10,Zsombor Piros,73013,Mattia Bellucci,260455,match,total,396,opening,Bovada,9,1618,option_15144,15144,119687,39.5,-120,1.8333,2026-08-29T00:41:05+00:00,5408.917,False,https://www.oddstrader.com/atp/?date=20260901&eid=4808958&g=match&m=total,https://www.oddstrader.com/atp/?date=20260901&eid=4808958&g=match&m=merged
2026-09-01,4808958,2026-09-01T18:50:00+00:00,complete,US Open Men Singles,"New York, NY",Court 10,Zsombor Piros,73013,Mattia Bellucci,260455,match,total,396,closing,Everygame,29,180,option_15143,15143,119613,37.5,-118,1.85,2026-09-01T08:11:23+00:00,638.617,False,https://www.oddstrader.com/atp/?date=20260901&eid=4808958&g=match&m=total,https://www.oddstrader.com/atp/?date=20260901&eid=4808958&g=match&m=merged
2026-09-01,4808958,2026-09-01T18:50:00+00:00,complete,US Open Men Singles,"New York, NY",Court 10,Zsombor Piros,73013,Mattia Bellucci,260455,match,total,396,opening,Everygame,29,180,option_15143,15143,119613,37.5,-111,1.9,2026-08-29T09:24:56+00:00,4885.067,False,https://www.oddstrader.com/atp/?date=20260901&eid=4808958&g=match&m=total,https://www.oddstrader.com/atp/?date=20260901&eid=4808958&g=match&m=merged
2026-09-01,4808958,2026-09-01T18:50:00+00:00,complete,US Open Men Singles,"New York, NY",Court 10,Zsombor Piros,73013,Mattia Bellucci,260455,match,total,396,closing,Everygame,29,180,option_15144,15144,119683,37.5,-118,1.85,2026-09-01T08:11:23+00:00,638.617,False,https://www.oddstrader.com/atp/?date=20260901&eid=4808958&g=match&m=total,https://www.oddstrader.com/atp/?date=20260901&eid=4808958&g=match&m=merged
2026-09-01,4808958,2026-09-01T18:50:00+00:00,complete,US Open Men Singles,"New York, NY",Court 10,Zsombor Piros,73013,Mattia Bellucci,260455,match,total,396,opening,Everygame,29,180,option_15144,15144,119683,37.5,-125,1.8,2026-08-29T09:24:56+00:00,4885.067,False,https://www.oddstrader.com/atp/?date=20260901&eid=4808958&g=match&m=total,https://www.oddstrader.com/atp/?date=20260901&eid=4808958&g=match&m=merged
2026-09-01,4808958,2026-09-01T18:50:00+00:00,complete,US Open Men Singles,"New York, NY",Court 10,Zsombor Piros,73013,Mattia Bellucci,260455,match,total,396,closing,Heritage,44,169,option_15143,15143,119615,38.5,-118,1.847,2026-09-01T18:37:22+00:00,12.633,False,https://www.oddstrader.com/atp/?date=20260901&eid=4808958&g=match&m=total,https://www.oddstrader.com/atp/?date=20260901&eid=4808958&g=match&m=merged
2026-09-01,4808958,2026-09-01T18:50:00+00:00,complete,US Open Men Singles,"New York, NY",Court 10,Zsombor Piros,73013,Mattia Bellucci,260455,match,total,396,opening,Heritage,44,169,option_15143,15143,119617,39.5,-110,1.909,2026-08-29T01:10:37+00:00,5379.383,False,https://www.oddstrader.com/atp/?date=20260901&eid=4808958&g=match&m=total,https://www.oddstrader.com/atp/?date=20260901&eid=4808958&g=match&m=merged
2026-09-01,4808958,2026-09-01T18:50:00+00:00,complete,US Open Men Singles,"New York, NY",Court 10,Zsombor Piros,73013,Mattia Bellucci,260455,match,total,396,closing,Heritage,44,169,option_15144,15144,119685,38.5,-124,1.806,2026-09-01T18:37:22+00:00,12.633,False,https://www.oddstrader.com/atp/?date=20260901&eid=4808958&g=match&m=total,https://www.oddstrader.com/atp/?date=20260901&eid=4808958&g=match&m=merged
2026-09-01,4808958,2026-09-01T18:50:00+00:00,complete,US Open Men Singles,"New York, NY",Court 10,Zsombor Piros,73013,Mattia Bellucci,260455,match,total,396,opening,Heritage,44,169,option_15144,15144,119687,39.5,-126,1.794,2026-08-29T01:10:37+00:00,5379.383,False,https://www.oddstrader.com/atp/?date=20260901&eid=4808958&g=match&m=total,https://www.oddstrader.com/atp/?date=20260901&eid=4808958&g=match&m=merged
2026-09-01,4808958,2026-09-01T18:50:00+00:00,complete,US Open Men Singles,"New York, NY",Court 10,Zsombor Piros,73013,Mattia Bellucci,260455,match,total,396,closing,MyBookie,82,1680,option_15143,15143,119613,37.5,-114,1.8772,2026-08-31T15:07:05+00:00,1662.917,True,https://www.oddstrader.com/atp/?date=20260901&eid=4808958&g=match&m=total,https://www.oddstrader.com/atp/?date=20260901&eid=4808958&g=match&m=merged
2026-09-01,4808958,2026-09-01T18:50:00+00:00,complete,US Open Men Singles,"New York, NY",Court 10,Zsombor Piros,73013,Mattia Bellucci,260455,match,total,396,opening,MyBookie,82,1680,option_15143,15143,119615,38.5,-112,1.8929,2026-08-29T15:04:11+00:00,4545.817,False,https://www.oddstrader.com/atp/?date=20260901&eid=4808958&g=match&m=total,https://www.oddstrader.com/atp/?date=20260901&eid=4808958&g=match&m=merged
2026-09-01,4808958,2026-09-01T18:50:00+00:00,complete,US Open Men Singles,"New York, NY",Court 10,Zsombor Piros,73013,Mattia Bellucci,260455,match,total,396,closing,MyBookie,82,1680,option_15144,15144,119683,37.5,-121,1.8264,2026-08-31T15:07:05+00:00,1662.917,True,https://www.oddstrader.com/atp/?date=20260901&eid=4808958&g=match&m=total,https://www.oddstrader.com/atp/?date=20260901&eid=4808958&g=match&m=merged
2026-09-01,4808958,2026-09-01T18:50:00+00:00,complete,US Open Men Singles,"New York, NY",Court 10,Zsombor Piros,73013,Mattia Bellucci,260455,match,total,396,opening,MyBookie,82,1680,option_15144,15144,119685,38.5,-128,1.7813,2026-08-29T15:04:11+00:00,4545.817,False,https://www.oddstrader.com/atp/?date=20260901&eid=4808958&g=match&m=total,https://www.oddstrader.com/atp/?date=20260901&eid=4808958&g=match&m=merged
2026-09-01,4808958,2026-09-01T18:50:00+00:00,complete,US Open Men Singles,"New York, NY",Court 10,Zsombor Piros,73013,Mattia Bellucci,260455,match,total,396,closing,SportsBetting,131,99,option_15143,15143,119613,37.5,-105,1.9524,2026-09-01T16:09:25+00:00,160.583,False,https://www.oddstrader.com/atp/?date=20260901&eid=4808958&g=match&m=total,https://www.oddstrader.com/atp/?date=20260901&eid=4808958&g=match&m=merged
2026-09-01,4808958,2026-09-01T18:50:00+00:00,complete,US Open Men Singles,"New York, NY",Court 10,Zsombor Piros,73013,Mattia Bellucci,260455,match,total,396,opening,SportsBetting,131,99,option_15143,15143,119613,37.5,-105,1.9524,2026-08-29T08:49:15+00:00,4920.75,False,https://www.oddstrader.com/atp/?date=20260901&eid=4808958&g=match&m=total,https://www.oddstrader.com/atp/?date=20260901&eid=4808958&g=match&m=merged
2026-09-01,4808958,2026-09-01T18:50:00+00:00,complete,US Open Men Singles,"New York, NY",Court 10,Zsombor Piros,73013,Mattia Bellucci,260455,match,total,396,closing,SportsBetting,131,99,option_15144,15144,119683,37.5,-115,1.8696,2026-09-01T16:09:25+00:00,160.583,False,https://www.oddstrader.com/atp/?date=20260901&eid=4808958&g=match&m=total,https://www.oddstrader.com/atp/?date=20260901&eid=4808958&g=match&m=merged
2026-09-01,4808958,2026-09-01T18:50:00+00:00,complete,US Open Men Singles,"New York, NY",Court 10,Zsombor Piros,73013,Mattia Bellucci,260455,match,total,396,opening,SportsBetting,131,99,option_15144,15144,119683,37.5,-115,1.8696,2026-08-29T08:49:15+00:00,4920.75,False,https://www.oddstrader.com/atp/?date=20260901&eid=4808958&g=match&m=total,https://www.oddstrader.com/atp/?date=20260901&eid=4808958&g=match&m=merged
2026-09-01,4808958,2026-09-01T18:50:00+00:00,complete,US Open Men Singles,"New York, NY",Court 10,Zsombor Piros,73013,Mattia Bellucci,260455,match,winner,126,closing,Bet105,130,3174,Mattia Bellucci,260455,10917764,0,-221,1.452,2026-09-01T18:25:00+00:00,25.0,False,https://www.oddstrader.com/atp/?date=20260901&eid=4808958&g=match&m=winner,https://www.oddstrader.com/atp/?date=20260901&eid=4808958&g=match&m=merged
2026-09-01,4808958,2026-09-01T18:50:00+00:00,complete,US Open Men Singles,"New York, NY",Court 10,Zsombor Piros,73013,Mattia Bellucci,260455,match,winner,126,opening,Bet105,130,3174,Mattia Bellucci,260455,10917764,0,-218,1.459,2026-08-29T07:49:08+00:00,4980.867,False,https://www.oddstrader.com/atp/?date=20260901&eid=4808958&g=match&m=winner,https://www.oddstrader.com/atp/?date=20260901&eid=4808958&g=match&m=merged
2026-09-01,4808958,2026-09-01T18:50:00+00:00,complete,US Open Men Singles,"New York, NY",Court 10,Zsombor Piros,73013,Mattia Bellucci,260455,match,winner,126,closing,Bet105,130,3174,Zsombor Piros,73013,10923738,0,190,2.9,2026-09-01T18:25:00+00:00,25.0,False,https://www.oddstrader.com/atp/?date=20260901&eid=4808958&g=match&m=winner,https://www.oddstrader.com/atp/?date=20260901&eid=4808958&g=match&m=merged
2026-09-01,4808958,2026-09-01T18:50:00+00:00,complete,US Open Men Singles,"New York, NY",Court 10,Zsombor Piros,73013,Mattia Bellucci,260455,match,winner,126,opening,Bet105,130,3174,Zsombor Piros,73013,10923738,0,184,2.84,2026-08-29T07:49:08+00:00,4980.867,False,https://www.oddstrader.com/atp/?date=20260901&eid=4808958&g=match&m=winner,https://www.oddstrader.com/atp/?date=20260901&eid=4808958&g=match&m=merged
2026-09-01,4808958,2026-09-01T18:50:00+00:00,complete,US Open Men Singles,"New York, NY",Court 10,Zsombor Piros,73013,Mattia Bellucci,260455,match,winner,126,closing,BetAnything,123,1061,Mattia Bellucci,260455,10917764,0,-215,1.4651,2026-09-01T18:14:25+00:00,35.583,False,https://www.oddstrader.com/atp/?date=20260901&eid=4808958&g=match&m=winner,https://www.oddstrader.com/atp/?date=20260901&eid=4808958&g=match&m=merged
2026-09-01,4808958,2026-09-01T18:50:00+00:00,complete,US Open Men Singles,"New York, NY",Court 10,Zsombor Piros,73013,Mattia Bellucci,260455,match,winner,126,opening,BetAnything,123,1061,Mattia Bellucci,260455,10917764,0,-220,1.4545,2026-08-29T12:56:42+00:00,4673.3,False,https://www.oddstrader.com/atp/?date=20260901&eid=4808958&g=match&m=winner,https://www.oddstrader.com/atp/?date=20260901&eid=4808958&g=match&m=merged
2026-09-01,4808958,2026-09-01T18:50:00+00:00,complete,US Open Men Singles,"New York, NY",Court 10,Zsombor Piros,73013,Mattia Bellucci,260455,match,winner,126,closing,BetAnything,123,1061,Zsombor Piros,73013,10923738,0,175,2.75,2026-09-01T18:14:25+00:00,35.583,False,https://www.oddstrader.com/atp/?date=20260901&eid=4808958&g=match&m=winner,https://www.oddstrader.com/atp/?date=20260901&eid=4808958&g=match&m=merged
2026-09-01,4808958,2026-09-01T18:50:00+00:00,complete,US Open Men Singles,"New York, NY",Court 10,Zsombor Piros,73013,Mattia Bellucci,260455,match,winner,126,opening,BetAnything,123,1061,Zsombor Piros,73013,10923738,0,180,2.8,2026-08-29T12:56:42+00:00,4673.3,False,https://www.oddstrader.com/atp/?date=20260901&eid=4808958&g=match&m=winner,https://www.oddstrader.com/atp/?date=20260901&eid=4808958&g=match&m=merged
2026-09-01,4808958,2026-09-01T18:50:00+00:00,complete,US Open Men Singles,"New York, NY",Court 10,Zsombor Piros,73013,Mattia Bellucci,260455,match,winner,126,closing,BetOnline,8,1096,Mattia Bellucci,260455,10917764,0,-215,1.4651,2026-09-01T16:09:25+00:00,160.583,False,https://www.oddstrader.com/atp/?date=20260901&eid=4808958&g=match&m=winner,https://www.oddstrader.com/atp/?date=20260901&eid=4808958&g=match&m=merged
2026-09-01,4808958,2026-09-01T18:50:00+00:00,complete,US Open Men Singles,"New York, NY",Court 10,Zsombor Piros,73013,Mattia Bellucci,260455,match,winner,126,opening,BetOnline,8,1096,Mattia Bellucci,260455,10917764,0,-215,1.4651,2026-08-29T08:49:15+00:00,4920.75,False,https://www.oddstrader.com/atp/?date=20260901&eid=4808958&g=match&m=winner,https://www.oddstrader.com/atp/?date=20260901&eid=4808958&g=match&m=merged
2026-09-01,4808958,2026-09-01T18:50:00+00:00,complete,US Open Men Singles,"New York, NY",Court 10,Zsombor Piros,73013,Mattia Bellucci,260455,match,winner,126,closing,BetOnline,8,1096,Zsombor Piros,73013,10923738,0,185,2.85,2026-09-01T16:09:25+00:00,160.583,False,https://www.oddstrader.com/atp/?date=20260901&eid=4808958&g=match&m=winner,https://www.oddstrader.com/atp/?date=20260901&eid=4808958&g=match&m=merged
2026-09-01,4808958,2026-09-01T18:50:00+00:00,complete,US Open Men Singles,"New York, NY",Court 10,Zsombor Piros,73013,Mattia Bellucci,260455,match,winner,126,opening,BetOnline,8,1096,Zsombor Piros,73013,10923738,0,180,2.8,2026-08-29T08:49:15+00:00,4920.75,False,https://www.oddstrader.com/atp/?date=20260901&eid=4808958&g=match&m=winner,https://www.oddstrader.com/atp/?date=20260901&eid=4808958&g=match&m=merged
2026-09-01,4808958,2026-09-01T18:50:00+00:00,complete,US Open Men Singles,"New York, NY",Court 10,Zsombor Piros,73013,Mattia Bellucci,260455,match,winner,126,closing,Bovada,9,1618,Mattia Bellucci,260455,10917764,0,-220,1.4545,2026-09-01T17:30:48+00:00,79.2,False,https://www.oddstrader.com/atp/?date=20260901&eid=4808958&g=match&m=winner,https://www.oddstrader.com/atp/?date=20260901&eid=4808958&g=match&m=merged
2026-09-01,4808958,2026-09-01T18:50:00+00:00,complete,US Open Men Singles,"New York, NY",Court 10,Zsombor Piros,73013,Mattia Bellucci,260455,match,winner,126,opening,Bovada,9,1618,Mattia Bellucci,260455,10917764,0,-220,1.4545,2026-08-28T22:19:32+00:00,5550.467,False,https://www.oddstrader.com/atp/?date=20260901&eid=4808958&g=match&m=winner,https://www.oddstrader.com/atp/?date=20260901&eid=4808958&g=match&m=merged
2026-09-01,4808958,2026-09-01T18:50:00+00:00,complete,US Open Men Singles,"New York, NY",Court 10,Zsombor Piros,73013,Mattia Bellucci,260455,match,winner,126,closing,Bovada,9,1618,Zsombor Piros,73013,10923738,0,180,2.8,2026-09-01T17:30:48+00:00,79.2,False,https://www.oddstrader.com/atp/?date=20260901&eid=4808958&g=match&m=winner,https://www.oddstrader.com/atp/?date=20260901&eid=4808958&g=match&m=merged
2026-09-01,4808958,2026-09-01T18:50:00+00:00,complete,US Open Men Singles,"New York, NY",Court 10,Zsombor Piros,73013,Mattia Bellucci,260455,match,winner,126,opening,Bovada,9,1618,Zsombor Piros,73013,10923738,0,180,2.8,2026-08-28T22:19:32+00:00,5550.467,False,https://www.oddstrader.com/atp/?date=20260901&eid=4808958&g=match&m=winner,https://www.oddstrader.com/atp/?date=20260901&eid=4808958&g=match&m=merged
2026-09-01,4808958,2026-09-01T18:50:00+00:00,complete,US Open Men Singles,"New York, NY",Court 10,Zsombor Piros,73013,Mattia Bellucci,260455,match,winner,126,closing,Everygame,29,180,Mattia Bellucci,260455,10917764,0,-227,1.44,2026-09-01T08:11:23+00:00,638.617,False,https://www.oddstrader.com/atp/?date=20260901&eid=4808958&g=match&m=winner,https://www.oddstrader.com/atp/?date=20260901&eid=4808958&g=match&m=merged
2026-09-01,4808958,2026-09-01T18:50:00+00:00,complete,US Open Men Singles,"New York, NY",Court 10,Zsombor Piros,73013,Mattia Bellucci,260455,match,winner,126,opening,Everygame,29,180,Mattia Bellucci,260455,10917764,0,-227,1.44,2026-08-29T09:24:56+00:00,4885.067,False,https://www.oddstrader.com/atp/?date=20260901&eid=4808958&g=match&m=winner,https://www.oddstrader.com/atp/?date=20260901&eid=4808958&g=match&m=merged
2026-09-01,4808958,2026-09-01T18:50:00+00:00,complete,US Open Men Singles,"New York, NY",Court 10,Zsombor Piros,73013,Mattia Bellucci,260455,match,winner,126,closing,Everygame,29,180,Zsombor Piros,73013,10923738,0,175,2.75,2026-09-01T08:11:23+00:00,638.617,False,https://www.oddstrader.com/atp/?date=20260901&eid=4808958&g=match&m=winner,https://www.oddstrader.com/atp/?date=20260901&eid=4808958&g=match&m=merged
2026-09-01,4808958,2026-09-01T18:50:00+00:00,complete,US Open Men Singles,"New York, NY",Court 10,Zsombor Piros,73013,Mattia Bellucci,260455,match,winner,126,opening,Everygame,29,180,Zsombor Piros,73013,10923738,0,175,2.75,2026-08-29T09:24:56+00:00,4885.067,False,https://www.oddstrader.com/atp/?date=20260901&eid=4808958&g=match&m=winner,https://www.oddstrader.com/atp/?date=20260901&eid=4808958&g=match&m=merged
2026-09-01,4808958,2026-09-01T18:50:00+00:00,complete,US Open Men Singles,"New York, NY",Court 10,Zsombor Piros,73013,Mattia Bellucci,260455,match,winner,126,closing,Heritage,44,169,Mattia Bellucci,260455,10917764,0,-227,1.441,2026-09-01T12:28:04+00:00,381.933,False,https://www.oddstrader.com/atp/?date=20260901&eid=4808958&g=match&m=winner,https://www.oddstrader.com/atp/?date=20260901&eid=4808958&g=match&m=merged
2026-09-01,4808958,2026-09-01T18:50:00+00:00,complete,US Open Men Singles,"New York, NY",Court 10,Zsombor Piros,73013,Mattia Bellucci,260455,match,winner,126,opening,Heritage,44,169,Mattia Bellucci,260455,10917764,0,-248,1.403,2026-08-29T01:10:37+00:00,5379.383,False,https://www.oddstrader.com/atp/?date=20260901&eid=4808958&g=match&m=winner,https://www.oddstrader.com/atp/?date=20260901&eid=4808958&g=match&m=merged
2026-09-01,4808958,2026-09-01T18:50:00+00:00,complete,US Open Men Singles,"New York, NY",Court 10,Zsombor Piros,73013,Mattia Bellucci,260455,match,winner,126,closing,Heritage,44,169,Zsombor Piros,73013,10923738,0,181,2.81,2026-09-01T12:28:04+00:00,381.933,False,https://www.oddstrader.com/atp/?date=20260901&eid=4808958&g=match&m=winner,https://www.oddstrader.com/atp/?date=20260901&eid=4808958&g=match&m=merged
2026-09-01,4808958,2026-09-01T18:50:00+00:00,complete,US Open Men Singles,"New York, NY",Court 10,Zsombor Piros,73013,Mattia Bellucci,260455,match,winner,126,opening,Heritage,44,169,Zsombor Piros,73013,10923738,0,198,2.98,2026-08-29T01:10:37+00:00,5379.383,False,https://www.oddstrader.com/atp/?date=20260901&eid=4808958&g=match&m=winner,https://www.oddstrader.com/atp/?date=20260901&eid=4808958&g=match&m=merged
2026-09-01,4808958,2026-09-01T18:50:00+00:00,complete,US Open Men Singles,"New York, NY",Court 10,Zsombor Piros,73013,Mattia Bellucci,260455,match,winner,126,closing,MyBookie,82,1680,Mattia Bellucci,260455,10917764,0,-226,1.4425,2026-08-31T15:07:05+00:00,1662.917,True,https://www.oddstrader.com/atp/?date=20260901&eid=4808958&g=match&m=winner,https://www.oddstrader.com/atp/?date=20260901&eid=4808958&g=match&m=merged
2026-09-01,4808958,2026-09-01T18:50:00+00:00,complete,US Open Men Singles,"New York, NY",Court 10,Zsombor Piros,73013,Mattia Bellucci,260455,match,winner,126,opening,MyBookie,82,1680,Mattia Bellucci,260455,10917764,0,-250,1.4,2026-08-28T22:19:03+00:00,5550.95,False,https://www.oddstrader.com/atp/?date=20260901&eid=4808958&g=match&m=winner,https://www.oddstrader.com/atp/?date=20260901&eid=4808958&g=match&m=merged
2026-09-01,4808958,2026-09-01T18:50:00+00:00,complete,US Open Men Singles,"New York, NY",Court 10,Zsombor Piros,73013,Mattia Bellucci,260455,match,winner,126,closing,MyBookie,82,1680,Zsombor Piros,73013,10923738,0,181,2.81,2026-08-31T15:07:05+00:00,1662.917,True,https://www.oddstrader.com/atp/?date=20260901&eid=4808958&g=match&m=winner,https://www.oddstrader.com/atp/?date=20260901&eid=4808958&g=match&m=merged
2026-09-01,4808958,2026-09-01T18:50:00+00:00,complete,US Open Men Singles,"New York, NY",Court 10,Zsombor Piros,73013,Mattia Bellucci,260455,match,winner,126,opening,MyBookie,82,1680,Zsombor Piros,73013,10923738,0,174,2.74,2026-08-28T22:19:03+00:00,5550.95,False,https://www.oddstrader.com/atp/?date=20260901&eid=4808958&g=match&m=winner,https://www.oddstrader.com/atp/?date=20260901&eid=4808958&g=match&m=merged
2026-09-01,4808958,2026-09-01T18:50:00+00:00,complete,US Open Men Singles,"New York, NY",Court 10,Zsombor Piros,73013,Mattia Bellucci,260455,match,winner,126,closing,SportsBetting,131,99,Mattia Bellucci,260455,10917764,0,-215,1.4651,2026-09-01T16:09:25+00:00,160.583,False,https://www.oddstrader.com/atp/?date=20260901&eid=4808958&g=match&m=winner,https://www.oddstrader.com/atp/?date=20260901&eid=4808958&g=match&m=merged
2026-09-01,4808958,2026-09-01T18:50:00+00:00,complete,US Open Men Singles,"New York, NY",Court 10,Zsombor Piros,73013,Mattia Bellucci,260455,match,winner,126,opening,SportsBetting,131,99,Mattia Bellucci,260455,10917764,0,-215,1.4651,2026-08-29T08:49:15+00:00,4920.75,False,https://www.oddstrader.com/atp/?date=20260901&eid=4808958&g=match&m=winner,https://www.oddstrader.com/atp/?date=20260901&eid=4808958&g=match&m=merged
2026-09-01,4808958,2026-09-01T18:50:00+00:00,complete,US Open Men Singles,"New York, NY",Court 10,Zsombor Piros,73013,Mattia Bellucci,260455,match,winner,126,closing,SportsBetting,131,99,Zsombor Piros,73013,10923738,0,185,2.85,2026-09-01T16:09:25+00:00,160.583,False,https://www.oddstrader.com/atp/?date=20260901&eid=4808958&g=match&m=winner,https://www.oddstrader.com/atp/?date=20260901&eid=4808958&g=match&m=merged
2026-09-01,4808958,2026-09-01T18:50:00+00:00,complete,US Open Men Singles,"New York, NY",Court 10,Zsombor Piros,73013,Mattia Bellucci,260455,match,winner,126,opening,SportsBetting,131,99,Zsombor Piros,73013,10923738,0,180,2.8,2026-08-29T08:49:15+00:00,4920.75,False,https://www.oddstrader.com/atp/?date=20260901&eid=4808958&g=match&m=winner,https://www.oddstrader.com/atp/?date=20260901&eid=4808958&g=match&m=merged
2026-09-01,4808899,2026-09-01T19:40:00+00:00,complete,US Open Men Singles,"New York, NY",Court 4,Jan-Lennard Struff,7612,Camilo Ugo Carabelli,69333,1st-set,winner,279,closing,BetOnline,8,1096,Camilo Ugo Carabelli,69333,10921279,0,138,2.38,2026-08-29T12:54:48+00:00,4725.2,False,https://www.oddstrader.com/atp/?date=20260901&eid=4808899&g=1st-set&m=winner,https://www.oddstrader.com/atp/?date=20260901&eid=4808899&g=1st-set&m=merged
2026-09-01,4808899,2026-09-01T19:40:00+00:00,complete,US Open Men Singles,"New York, NY",Court 4,Jan-Lennard Struff,7612,Camilo Ugo Carabelli,69333,1st-set,winner,279,opening,BetOnline,8,1096,Camilo Ugo Carabelli,69333,10921279,0,135,2.35,2026-08-28T13:19:43+00:00,6140.283,False,https://www.oddstrader.com/atp/?date=20260901&eid=4808899&g=1st-set&m=winner,https://www.oddstrader.com/atp/?date=20260901&eid=4808899&g=1st-set&m=merged
2026-09-01,4808899,2026-09-01T19:40:00+00:00,complete,US Open Men Singles,"New York, NY",Court 4,Jan-Lennard Struff,7612,Camilo Ugo Carabelli,69333,1st-set,winner,279,closing,BetOnline,8,1096,Jan-Lennard Struff,7612,10916564,0,-158,1.6329,2026-08-29T12:54:48+00:00,4725.2,False,https://www.oddstrader.com/atp/?date=20260901&eid=4808899&g=1st-set&m=winner,https://www.oddstrader.com/atp/?date=20260901&eid=4808899&g=1st-set&m=merged
2026-09-01,4808899,2026-09-01T19:40:00+00:00,complete,US Open Men Singles,"New York, NY",Court 4,Jan-Lennard Struff,7612,Camilo Ugo Carabelli,69333,1st-set,winner,279,opening,BetOnline,8,1096,Jan-Lennard Struff,7612,10916564,0,-155,1.6452,2026-08-28T13:19:43+00:00,6140.283,False,https://www.oddstrader.com/atp/?date=20260901&eid=4808899&g=1st-set&m=winner,https://www.oddstrader.com/atp/?date=20260901&eid=4808899&g=1st-set&m=merged
2026-09-01,4808899,2026-09-01T19:40:00+00:00,complete,US Open Men Singles,"New York, NY",Court 4,Jan-Lennard Struff,7612,Camilo Ugo Carabelli,69333,1st-set,winner,279,closing,SportsBetting,131,99,Camilo Ugo Carabelli,69333,10921279,0,138,2.38,2026-08-29T12:54:48+00:00,4725.2,False,https://www.oddstrader.com/atp/?date=20260901&eid=4808899&g=1st-set&m=winner,https://www.oddstrader.com/atp/?date=20260901&eid=4808899&g=1st-set&m=merged
2026-09-01,4808899,2026-09-01T19:40:00+00:00,complete,US Open Men Singles,"New York, NY",Court 4,Jan-Lennard Struff,7612,Camilo Ugo Carabelli,69333,1st-set,winner,279,opening,SportsBetting,131,99,Camilo Ugo Carabelli,69333,10921279,0,135,2.35,2026-08-28T13:19:43+00:00,6140.283,False,https://www.oddstrader.com/atp/?date=20260901&eid=4808899&g=1st-set&m=winner,https://www.oddstrader.com/atp/?date=20260901&eid=4808899&g=1st-set&m=merged
2026-09-01,4808899,2026-09-01T19:40:00+00:00,complete,US Open Men Singles,"New York, NY",Court 4,Jan-Lennard Struff,7612,Camilo Ugo Carabelli,69333,1st-set,winner,279,closing,SportsBetting,131,99,Jan-Lennard Struff,7612,10916564,0,-158,1.6329,2026-08-29T12:54:48+00:00,4725.2,False,https://www.oddstrader.com/atp/?date=20260901&eid=4808899&g=1st-set&m=winner,https://www.oddstrader.com/atp/?date=20260901&eid=4808899&g=1st-set&m=merged
2026-09-01,4808899,2026-09-01T19:40:00+00:00,complete,US Open Men Singles,"New York, NY",Court 4,Jan-Lennard Struff,7612,Camilo Ugo Carabelli,69333,1st-set,winner,279,opening,SportsBetting,131,99,Jan-Lennard Struff,7612,10916564,0,-155,1.6452,2026-08-28T13:19:43+00:00,6140.283,False,https://www.oddstrader.com/atp/?date=20260901&eid=4808899&g=1st-set&m=winner,https://www.oddstrader.com/atp/?date=20260901&eid=4808899&g=1st-set&m=merged
2026-09-01,4808899,2026-09-01T19:40:00+00:00,complete,US Open Men Singles,"New York, NY",Court 4,Jan-Lennard Struff,7612,Camilo Ugo Carabelli,69333,match,spread,395,closing,Bet105,130,3174,Camilo Ugo Carabelli,69333,10923521,3.5,104,2.04,2026-09-01T19:38:30+00:00,1.5,False,https://www.oddstrader.com/atp/?date=20260901&eid=4808899&g=match&m=spread,https://www.oddstrader.com/atp/?date=20260901&eid=4808899&g=match&m=merged
2026-09-01,4808899,2026-09-01T19:40:00+00:00,complete,US Open Men Singles,"New York, NY",Court 4,Jan-Lennard Struff,7612,Camilo Ugo Carabelli,69333,match,spread,395,opening,Bet105,130,3174,Camilo Ugo Carabelli,69333,10928020,3,-105,1.952,2026-08-28T10:20:05+00:00,6319.917,False,https://www.oddstrader.com/atp/?date=20260901&eid=4808899&g=match&m=spread,https://www.oddstrader.com/atp/?date=20260901&eid=4808899&g=match&m=merged
2026-09-01,4808899,2026-09-01T19:40:00+00:00,complete,US Open Men Singles,"New York, NY",Court 4,Jan-Lennard Struff,7612,Camilo Ugo Carabelli,69333,match,spread,395,closing,Bet105,130,3174,Jan-Lennard Struff,7612,10927900,-3.5,-128,1.781,2026-09-01T19:38:30+00:00,1.5,False,https://www.oddstrader.com/atp/?date=20260901&eid=4808899&g=match&m=spread,https://www.oddstrader.com/atp/?date=20260901&eid=4808899&g=match&m=merged
2026-09-01,4808899,2026-09-01T19:40:00+00:00,complete,US Open Men Singles,"New York, NY",Court 4,Jan-Lennard Struff,7612,Camilo Ugo Carabelli,69333,match,spread,395,opening,Bet105,130,3174,Jan-Lennard Struff,7612,10928049,-3,-113,1.885,2026-08-28T10:20:05+00:00,6319.917,False,https://www.oddstrader.com/atp/?date=20260901&eid=4808899&g=match&m=spread,https://www.oddstrader.com/atp/?date=20260901&eid=4808899&g=match&m=merged
2026-09-01,4808899,2026-09-01T19:40:00+00:00,complete,US Open Men Singles,"New York, NY",Court 4,Jan-Lennard Struff,7612,Camilo Ugo Carabelli,69333,match,spread,395,closing,BetAnything,123,1061,Camilo Ugo Carabelli,69333,10923521,3.5,-110,1.9091,2026-09-01T17:32:26+00:00,127.567,False,https://www.oddstrader.com/atp/?date=20260901&eid=4808899&g=match&m=spread,https://www.oddstrader.com/atp/?date=20260901&eid=4808899&g=match&m=merged
2026-09-01,4808899,2026-09-01T19:40:00+00:00,complete,US Open Men Singles,"New York, NY",Court 4,Jan-Lennard Struff,7612,Camilo Ugo Carabelli,69333,match,spread,395,opening,BetAnything,123,1061,Camilo Ugo Carabelli,69333,10923521,3.5,-115,1.8696,2026-08-28T13:57:50+00:00,6102.167,False,https://www.oddstrader.com/atp/?date=20260901&eid=4808899&g=match&m=spread,https://www.oddstrader.com/atp/?date=20260901&eid=4808899&g=match&m=merged
2026-09-01,4808899,2026-09-01T19:40:00+00:00,complete,US Open Men Singles,"New York, NY",Court 4,Jan-Lennard Struff,7612,Camilo Ugo Carabelli,69333,match,spread,395,closing,BetAnything,123,1061,Jan-Lennard Struff,7612,10927900,-3.5,-120,1.8333,2026-09-01T17:32:26+00:00,127.567,False,https://www.oddstrader.com/atp/?date=20260901&eid=4808899&g=match&m=spread,https://www.oddstrader.com/atp/?date=20260901&eid=4808899&g=match&m=merged
2026-09-01,4808899,2026-09-01T19:40:00+00:00,complete,US Open Men Singles,"New York, NY",Court 4,Jan-Lennard Struff,7612,Camilo Ugo Carabelli,69333,match,spread,395,opening,BetAnything,123,1061,Jan-Lennard Struff,7612,10927900,-3.5,-115,1.8696,2026-08-28T13:57:50+00:00,6102.167,False,https://www.oddstrader.com/atp/?date=20260901&eid=4808899&g=match&m=spread,https://www.oddstrader.com/atp/?date=20260901&eid=4808899&g=match&m=merged
2026-09-01,4808899,2026-09-01T19:40:00+00:00,complete,US Open Men Singles,"New York, NY",Court 4,Jan-Lennard Struff,7612,Camilo Ugo Carabelli,69333,match,spread,395,closing,BetOnline,8,1096,Camilo Ugo Carabelli,69333,10923521,3.5,100,2,2026-09-01T17:21:09+00:00,138.85,False,https://www.oddstrader.com/atp/?date=20260901&eid=4808899&g=match&m=spread,https://www.oddstrader.com/atp/?date=20260901&eid=4808899&g=match&m=merged
2026-09-01,4808899,2026-09-01T19:40:00+00:00,complete,US Open Men Singles,"New York, NY",Court 4,Jan-Lennard Struff,7612,Camilo Ugo Carabelli,69333,match,spread,395,opening,BetOnline,8,1096,Camilo Ugo Carabelli,69333,10928003,0.5,152,2.52,2026-08-28T10:26:07+00:00,6313.883,False,https://www.oddstrader.com/atp/?date=20260901&eid=4808899&g=match&m=spread,https://www.oddstrader.com/atp/?date=20260901&eid=4808899&g=match&m=merged
2026-09-01,4808899,2026-09-01T19:40:00+00:00,complete,US Open Men Singles,"New York, NY",Court 4,Jan-Lennard Struff,7612,Camilo Ugo Carabelli,69333,match,spread,395,closing,BetOnline,8,1096,Jan-Lennard Struff,7612,10927900,-3.5,-120,1.8333,2026-09-01T17:21:09+00:00,138.85,False,https://www.oddstrader.com/atp/?date=20260901&eid=4808899&g=match&m=spread,https://www.oddstrader.com/atp/?date=20260901&eid=4808899&g=match&m=merged
2026-09-01,4808899,2026-09-01T19:40:00+00:00,complete,US Open Men Singles,"New York, NY",Court 4,Jan-Lennard Struff,7612,Camilo Ugo Carabelli,69333,match,spread,395,opening,BetOnline,8,1096,Jan-Lennard Struff,7612,10927961,-0.5,-177,1.565,2026-08-28T10:26:07+00:00,6313.883,False,https://www.oddstrader.com/atp/?date=20260901&eid=4808899&g=match&m=spread,https://www.oddstrader.com/atp/?date=20260901&eid=4808899&g=match&m=merged
2026-09-01,4808899,2026-09-01T19:40:00+00:00,complete,US Open Men Singles,"New York, NY",Court 4,Jan-Lennard Struff,7612,Camilo Ugo Carabelli,69333,match,spread,395,closing,Bookmaker,10,93,Camilo Ugo Carabelli,69333,10923521,3.5,-108,1.9259,2026-08-29T17:37:06+00:00,4442.9,False,https://www.oddstrader.com/atp/?date=20260901&eid=4808899&g=match&m=spread,https://www.oddstrader.com/atp/?date=20260901&eid=4808899&g=match&m=merged
2026-09-01,4808899,2026-09-01T19:40:00+00:00,complete,US Open Men Singles,"New York, NY",Court 4,Jan-Lennard Struff,7612,Camilo Ugo Carabelli,69333,match,spread,395,opening,Bookmaker,10,93,Camilo Ugo Carabelli,69333,10958499,4,-108,1.9259,2026-08-28T10:01:28+00:00,6338.533,False,https://www.oddstrader.com/atp/?date=20260901&eid=4808899&g=match&m=spread,https://www.oddstrader.com/atp/?date=20260901&eid=4808899&g=match&m=merged
2026-09-01,4808899,2026-09-01T19:40:00+00:00,complete,US Open Men Singles,"New York, NY",Court 4,Jan-Lennard Struff,7612,Camilo Ugo Carabelli,69333,match,spread,395,closing,Bookmaker,10,93,Jan-Lennard Struff,7612,10927900,-3.5,-114,1.8772,2026-08-29T17:37:06+00:00,4442.9,False,https://www.oddstrader.com/atp/?date=20260901&eid=4808899&g=match&m=spread,https://www.oddstrader.com/atp/?date=20260901&eid=4808899&g=match&m=merged
2026-09-01,4808899,2026-09-01T19:40:00+00:00,complete,US Open Men Singles,"New York, NY",Court 4,Jan-Lennard Struff,7612,Camilo Ugo Carabelli,69333,match,spread,395,opening,Bookmaker,10,93,Jan-Lennard Struff,7612,10954394,-4,-114,1.8772,2026-08-28T10:01:28+00:00,6338.533,False,https://www.oddstrader.com/atp/?date=20260901&eid=4808899&g=match&m=spread,https://www.oddstrader.com/atp/?date=20260901&eid=4808899&g=match&m=merged
2026-09-01,4808899,2026-09-01T19:40:00+00:00,complete,US Open Men Singles,"New York, NY",Court 4,Jan-Lennard Struff,7612,Camilo Ugo Carabelli,69333,match,spread,395,closing,Bovada,9,1618,Camilo Ugo Carabelli,69333,10958499,4,-120,1.8333,2026-09-01T17:05:22+00:00,154.633,False,https://www.oddstrader.com/atp/?date=20260901&eid=4808899&g=match&m=spread,https://www.oddstrader.com/atp/?date=20260901&eid=4808899&g=match&m=merged
2026-09-01,4808899,2026-09-01T19:40:00+00:00,complete,US Open Men Singles,"New York, NY",Court 4,Jan-Lennard Struff,7612,Camilo Ugo Carabelli,69333,match,spread,395,opening,Bovada,9,1618,Camilo Ugo Carabelli,69333,10923525,5.5,-135,1.741,2026-08-27T20:00:19+00:00,7179.683,False,https://www.oddstrader.com/atp/?date=20260901&eid=4808899&g=match&m=spread,https://www.oddstrader.com/atp/?date=20260901&eid=4808899&g=match&m=merged
2026-09-01,4808899,2026-09-01T19:40:00+00:00,complete,US Open Men Singles,"New York, NY",Court 4,Jan-Lennard Struff,7612,Camilo Ugo Carabelli,69333,match,spread,395,closing,Bovada,9,1618,Jan-Lennard Struff,7612,10954394,-4,-110,1.9091,2026-09-01T17:05:22+00:00,154.633,False,https://www.oddstrader.com/atp/?date=20260901&eid=4808899&g=match&m=spread,https://www.oddstrader.com/atp/?date=20260901&eid=4808899&g=match&m=merged
2026-09-01,4808899,2026-09-01T19:40:00+00:00,complete,US Open Men Singles,"New York, NY",Court 4,Jan-Lennard Struff,7612,Camilo Ugo Carabelli,69333,match,spread,395,opening,Bovada,9,1618,Jan-Lennard Struff,7612,10927895,-5.5,105,2.05,2026-08-27T20:00:19+00:00,7179.683,False,https://www.oddstrader.com/atp/?date=20260901&eid=4808899&g=match&m=spread,https://www.oddstrader.com/atp/?date=20260901&eid=4808899&g=match&m=merged
2026-09-01,4808899,2026-09-01T19:40:00+00:00,complete,US Open Men Singles,"New York, NY",Court 4,Jan-Lennard Struff,7612,Camilo Ugo Carabelli,69333,match,spread,395,closing,Everygame,29,180,Camilo Ugo Carabelli,69333,10923521,3.5,-111,1.9,2026-09-01T12:17:34+00:00,442.433,False,https://www.oddstrader.com/atp/?date=20260901&eid=4808899&g=match&m=spread,https://www.oddstrader.com/atp/?date=20260901&eid=4808899&g=match&m=merged
2026-09-01,4808899,2026-09-01T19:40:00+00:00,complete,US Open Men Singles,"New York, NY",Court 4,Jan-Lennard Struff,7612,Camilo Ugo Carabelli,69333,match,spread,395,opening,Everygame,29,180,Camilo Ugo Carabelli,69333,10923521,3.5,-133,1.75,2026-08-28T10:37:40+00:00,6302.333,False,https://www.oddstrader.com/atp/?date=20260901&eid=4808899&g=match&m=spread,https://www.oddstrader.com/atp/?date=20260901&eid=4808899&g=match&m=merged
2026-09-01,4808899,2026-09-01T19:40:00+00:00,complete,US Open Men Singles,"New York, NY",Court 4,Jan-Lennard Struff,7612,Camilo Ugo Carabelli,69333,match,spread,395,closing,Everygame,29,180,Jan-Lennard Struff,7612,10927900,-3.5,-125,1.8,2026-09-01T12:17:34+00:00,442.433,False,https://www.oddstrader.com/atp/?date=20260901&eid=4808899&g=match&m=spread,https://www.oddstrader.com/atp/?date=20260901&eid=4808899&g=match&m=merged
2026-09-01,4808899,2026-09-01T19:40:00+00:00,complete,US Open Men Singles,"New York, NY",Court 4,Jan-Lennard Struff,7612,Camilo Ugo Carabelli,69333,match,spread,395,opening,Everygame,29,180,Jan-Lennard Struff,7612,10927900,-3.5,-105,1.95,2026-08-28T10:37:40+00:00,6302.333,False,https://www.oddstrader.com/atp/?date=20260901&eid=4808899&g=match&m=spread,https://www.oddstrader.com/atp/?date=20260901&eid=4808899&g=match&m=merged
2026-09-01,4808899,2026-09-01T19:40:00+00:00,complete,US Open Men Singles,"New York, NY",Court 4,Jan-Lennard Struff,7612,Camilo Ugo Carabelli,69333,match,spread,395,closing,Heritage,44,169,Camilo Ugo Carabelli,69333,10923521,3.5,-109,1.917,2026-09-01T19:04:26+00:00,35.567,False,https://www.oddstrader.com/atp/?date=20260901&eid=4808899&g=match&m=spread,https://www.oddstrader.com/atp/?date=20260901&eid=4808899&g=match&m=merged
2026-09-01,4808899,2026-09-01T19:40:00+00:00,complete,US Open Men Singles,"New York, NY",Court 4,Jan-Lennard Struff,7612,Camilo Ugo Carabelli,69333,match,spread,395,opening,Heritage,44,169,Camilo Ugo Carabelli,69333,10923525,5.5,-137,1.73,2026-08-27T20:40:29+00:00,7139.517,False,https://www.oddstrader.com/atp/?date=20260901&eid=4808899&g=match&m=spread,https://www.oddstrader.com/atp/?date=20260901&eid=4808899&g=match&m=merged
2026-09-01,4808899,2026-09-01T19:40:00+00:00,complete,US Open Men Singles,"New York, NY",Court 4,Jan-Lennard Struff,7612,Camilo Ugo Carabelli,69333,match,spread,395,closing,Heritage,44,169,Jan-Lennard Struff,7612,10927900,-3.5,-127,1.787,2026-09-01T19:04:26+00:00,35.567,False,https://www.oddstrader.com/atp/?date=20260901&eid=4808899&g=match&m=spread,https://www.oddstrader.com/atp/?date=20260901&eid=4808899&g=match&m=merged
2026-09-01,4808899,2026-09-01T19:40:00+00:00,complete,US Open Men Singles,"New York, NY",Court 4,Jan-Lennard Struff,7612,Camilo Ugo Carabelli,69333,match,spread,395,opening,Heritage,44,169,Jan-Lennard Struff,7612,10927895,-5.5,-101,1.99,2026-08-27T20:40:29+00:00,7139.517,False,https://www.oddstrader.com/atp/?date=20260901&eid=4808899&g=match&m=spread,https://www.oddstrader.com/atp/?date=20260901&eid=4808899&g=match&m=merged
2026-09-01,4808899,2026-09-01T19:40:00+00:00,complete,US Open Men Singles,"New York, NY",Court 4,Jan-Lennard Struff,7612,Camilo Ugo Carabelli,69333,match,spread,395,closing,JustBet,16,1275,Camilo Ugo Carabelli,69333,10923521,3.5,-108,1.9259,2026-08-29T17:37:06+00:00,4442.9,False,https://www.oddstrader.com/atp/?date=20260901&eid=4808899&g=match&m=spread,https://www.oddstrader.com/atp/?date=20260901&eid=4808899&g=match&m=merged
2026-09-01,4808899,2026-09-01T19:40:00+00:00,complete,US Open Men Singles,"New York, NY",Court 4,Jan-Lennard Struff,7612,Camilo Ugo Carabelli,69333,match,spread,395,opening,JustBet,16,1275,Camilo Ugo Carabelli,69333,10958499,4,-108,1.9259,2026-08-28T10:01:41+00:00,6338.317,False,https://www.oddstrader.com/atp/?date=20260901&eid=4808899&g=match&m=spread,https://www.oddstrader.com/atp/?date=20260901&eid=4808899&g=match&m=merged
2026-09-01,4808899,2026-09-01T19:40:00+00:00,complete,US Open Men Singles,"New York, NY",Court 4,Jan-Lennard Struff,7612,Camilo Ugo Carabelli,69333,match,spread,395,closing,JustBet,16,1275,Jan-Lennard Struff,7612,10927900,-3.5,-114,1.8772,2026-08-29T17:37:06+00:00,4442.9,False,https://www.oddstrader.com/atp/?date=20260901&eid=4808899&g=match&m=spread,https://www.oddstrader.com/atp/?date=20260901&eid=4808899&g=match&m=merged
2026-09-01,4808899,2026-09-01T19:40:00+00:00,complete,US Open Men Singles,"New York, NY",Court 4,Jan-Lennard Struff,7612,Camilo Ugo Carabelli,69333,match,spread,395,opening,JustBet,16,1275,Jan-Lennard Struff,7612,10954394,-4,-114,1.8772,2026-08-28T10:01:41+00:00,6338.317,False,https://www.oddstrader.com/atp/?date=20260901&eid=4808899&g=match&m=spread,https://www.oddstrader.com/atp/?date=20260901&eid=4808899&g=match&m=merged
2026-09-01,4808899,2026-09-01T19:40:00+00:00,complete,US Open Men Singles,"New York, NY",Court 4,Jan-Lennard Struff,7612,Camilo Ugo Carabelli,69333,match,spread,395,closing,MyBookie,82,1680,Camilo Ugo Carabelli,69333,10923521,3.5,-108,1.9259,2026-09-01T13:29:22+00:00,370.633,True,https://www.oddstrader.com/atp/?date=20260901&eid=4808899&g=match&m=spread,https://www.oddstrader.com/atp/?date=20260901&eid=4808899&g=match&m=merged
2026-09-01,4808899,2026-09-01T19:40:00+00:00,complete,US Open Men Singles,"New York, NY",Court 4,Jan-Lennard Struff,7612,Camilo Ugo Carabelli,69333,match,spread,395,opening,MyBookie,82,1680,Camilo Ugo Carabelli,69333,10923521,3.5,-117,1.8547,2026-08-28T15:10:28+00:00,6029.533,False,https://www.oddstrader.com/atp/?date=20260901&eid=4808899&g=match&m=spread,https://www.oddstrader.com/atp/?date=20260901&eid=4808899&g=match&m=merged
2026-09-01,4808899,2026-09-01T19:40:00+00:00,complete,US Open Men Singles,"New York, NY",Court 4,Jan-Lennard Struff,7612,Camilo Ugo Carabelli,69333,match,spread,395,closing,MyBookie,82,1680,Jan-Lennard Struff,7612,10927900,-3.5,-127,1.7874,2026-09-01T13:29:22+00:00,370.633,True,https://www.oddstrader.com/atp/?date=20260901&eid=4808899&g=match&m=spread,https://www.oddstrader.com/atp/?date=20260901&eid=4808899&g=match&m=merged
2026-09-01,4808899,2026-09-01T19:40:00+00:00,complete,US Open Men Singles,"New York, NY",Court 4,Jan-Lennard Struff,7612,Camilo Ugo Carabelli,69333,match,spread,395,opening,MyBookie,82,1680,Jan-Lennard Struff,7612,10927900,-3.5,-122,1.8197,2026-08-28T15:10:28+00:00,6029.533,False,https://www.oddstrader.com/atp/?date=20260901&eid=4808899&g=match&m=spread,https://www.oddstrader.com/atp/?date=20260901&eid=4808899&g=match&m=merged
2026-09-01,4808899,2026-09-01T19:40:00+00:00,complete,US Open Men Singles,"New York, NY",Court 4,Jan-Lennard Struff,7612,Camilo Ugo Carabelli,69333,match,spread,395,closing,SportsBetting,131,99,Camilo Ugo Carabelli,69333,10923521,3.5,100,2,2026-09-01T17:21:09+00:00,138.85,False,https://www.oddstrader.com/atp/?date=20260901&eid=4808899&g=match&m=spread,https://www.oddstrader.com/atp/?date=20260901&eid=4808899&g=match&m=merged
2026-09-01,4808899,2026-09-01T19:40:00+00:00,complete,US Open Men Singles,"New York, NY",Court 4,Jan-Lennard Struff,7612,Camilo Ugo Carabelli,69333,match,spread,395,opening,SportsBetting,131,99,Camilo Ugo Carabelli,69333,10928003,0.5,152,2.52,2026-08-28T10:26:07+00:00,6313.883,False,https://www.oddstrader.com/atp/?date=20260901&eid=4808899&g=match&m=spread,https://www.oddstrader.com/atp/?date=20260901&eid=4808899&g=match&m=merged
2026-09-01,4808899,2026-09-01T19:40:00+00:00,complete,US Open Men Singles,"New York, NY",Court 4,Jan-Lennard Struff,7612,Camilo Ugo Carabelli,69333,match,spread,395,closing,SportsBetting,131,99,Jan-Lennard Struff,7612,10927900,-3.5,-120,1.8333,2026-09-01T17:21:09+00:00,138.85,False,https://www.oddstrader.com/atp/?date=20260901&eid=4808899&g=match&m=spread,https://www.oddstrader.com/atp/?date=20260901&eid=4808899&g=match&m=merged
2026-09-01,4808899,2026-09-01T19:40:00+00:00,complete,US Open Men Singles,"New York, NY",Court 4,Jan-Lennard Struff,7612,Camilo Ugo Carabelli,69333,match,spread,395,opening,SportsBetting,131,99,Jan-Lennard Struff,7612,10927961,-0.5,-177,1.565,2026-08-28T10:26:07+00:00,6313.883,False,https://www.oddstrader.com/atp/?date=20260901&eid=4808899&g=match&m=spread,https://www.oddstrader.com/atp/?date=20260901&eid=4808899&g=match&m=merged
2026-09-01,4808899,2026-09-01T19:40:00+00:00,complete,US Open Men Singles,"New York, NY",Court 4,Jan-Lennard Struff,7612,Camilo Ugo Carabelli,69333,match,total,396,closing,Bet105,130,3174,option_15143,15143,119615,38.5,104,2.04,2026-09-01T19:38:30+00:00,1.5,False,https://www.oddstrader.com/atp/?date=20260901&eid=4808899&g=match&m=total,https://www.oddstrader.com/atp/?date=20260901&eid=4808899&g=match&m=merged
2026-09-01,4808899,2026-09-01T19:40:00+00:00,complete,US Open Men Singles,"New York, NY",Court 4,Jan-Lennard Struff,7612,Camilo Ugo Carabelli,69333,match,total,396,opening,Bet105,130,3174,option_15143,15143,119615,38.5,-112,1.893,2026-08-28T10:20:05+00:00,6319.917,False,https://www.oddstrader.com/atp/?date=20260901&eid=4808899&g=match&m=total,https://www.oddstrader.com/atp/?date=20260901&eid=4808899&g=match&m=merged
2026-09-01,4808899,2026-09-01T19:40:00+00:00,complete,US Open Men Singles,"New York, NY",Court 4,Jan-Lennard Struff,7612,Camilo Ugo Carabelli,69333,match,total,396,closing,Bet105,130,3174,option_15144,15144,119685,38.5,-128,1.781,2026-09-01T19:38:30+00:00,1.5,False,https://www.oddstrader.com/atp/?date=20260901&eid=4808899&g=match&m=total,https://www.oddstrader.com/atp/?date=20260901&eid=4808899&g=match&m=merged
2026-09-01,4808899,2026-09-01T19:40:00+00:00,complete,US Open Men Singles,"New York, NY",Court 4,Jan-Lennard Struff,7612,Camilo Ugo Carabelli,69333,match,total,396,opening,Bet105,130,3174,option_15144,15144,119685,38.5,-106,1.943,2026-08-28T10:20:05+00:00,6319.917,False,https://www.oddstrader.com/atp/?date=20260901&eid=4808899&g=match&m=total,https://www.oddstrader.com/atp/?date=20260901&eid=4808899&g=match&m=merged
2026-09-01,4808899,2026-09-01T19:40:00+00:00,complete,US Open Men Singles,"New York, NY",Court 4,Jan-Lennard Struff,7612,Camilo Ugo Carabelli,69333,match,total,396,closing,BetAnything,123,1061,option_15143,15143,119613,37.5,-117,1.8547,2026-09-01T15:47:02+00:00,232.967,False,https://www.oddstrader.com/atp/?date=20260901&eid=4808899&g=match&m=total,https://www.oddstrader.com/atp/?date=20260901&eid=4808899&g=match&m=merged
2026-09-01,4808899,2026-09-01T19:40:00+00:00,complete,US Open Men Singles,"New York, NY",Court 4,Jan-Lennard Struff,7612,Camilo Ugo Carabelli,69333,match,total,396,opening,BetAnything,123,1061,option_15143,15143,119615,38.5,-120,1.8333,2026-08-28T13:57:50+00:00,6102.167,False,https://www.oddstrader.com/atp/?date=20260901&eid=4808899&g=match&m=total,https://www.oddstrader.com/atp/?date=20260901&eid=4808899&g=match&m=merged
2026-09-01,4808899,2026-09-01T19:40:00+00:00,complete,US Open Men Singles,"New York, NY",Court 4,Jan-Lennard Struff,7612,Camilo Ugo Carabelli,69333,match,total,396,closing,BetAnything,123,1061,option_15144,15144,119683,37.5,-113,1.885,2026-09-01T15:47:02+00:00,232.967,False,https://www.oddstrader.com/atp/?date=20260901&eid=4808899&g=match&m=total,https://www.oddstrader.com/atp/?date=20260901&eid=4808899&g=match&m=merged
2026-09-01,4808899,2026-09-01T19:40:00+00:00,complete,US Open Men Singles,"New York, NY",Court 4,Jan-Lennard Struff,7612,Camilo Ugo Carabelli,69333,match,total,396,opening,BetAnything,123,1061,option_15144,15144,119685,38.5,-110,1.9091,2026-08-28T13:57:50+00:00,6102.167,False,https://www.oddstrader.com/atp/?date=20260901&eid=4808899&g=match&m=total,https://www.oddstrader.com/atp/?date=20260901&eid=4808899&g=match&m=merged
2026-09-01,4808899,2026-09-01T19:40:00+00:00,complete,US Open Men Singles,"New York, NY",Court 4,Jan-Lennard Struff,7612,Camilo Ugo Carabelli,69333,match,total,396,closing,BetOnline,8,1096,option_15143,15143,119613,37.5,-107,1.9346,2026-09-01T13:36:05+00:00,363.917,False,https://www.oddstrader.com/atp/?date=20260901&eid=4808899&g=match&m=total,https://www.oddstrader.com/atp/?date=20260901&eid=4808899&g=match&m=merged
2026-09-01,4808899,2026-09-01T19:40:00+00:00,complete,US Open Men Singles,"New York, NY",Court 4,Jan-Lennard Struff,7612,Camilo Ugo Carabelli,69333,match,total,396,opening,BetOnline,8,1096,option_15143,15143,119611,36.5,-159,1.6289,2026-08-28T10:26:07+00:00,6313.883,False,https://www.oddstrader.com/atp/?date=20260901&eid=4808899&g=match&m=total,https://www.oddstrader.com/atp/?date=20260901&eid=4808899&g=match&m=merged
2026-09-01,4808899,2026-09-01T19:40:00+00:00,complete,US Open Men Singles,"New York, NY",Court 4,Jan-Lennard Struff,7612,Camilo Ugo Carabelli,69333,match,total,396,closing,BetOnline,8,1096,option_15144,15144,119683,37.5,-113,1.885,2026-09-01T13:36:05+00:00,363.917,False,https://www.oddstrader.com/atp/?date=20260901&eid=4808899&g=match&m=total,https://www.oddstrader.com/atp/?date=20260901&eid=4808899&g=match&m=merged
2026-09-01,4808899,2026-09-01T19:40:00+00:00,complete,US Open Men Singles,"New York, NY",Court 4,Jan-Lennard Struff,7612,Camilo Ugo Carabelli,69333,match,total,396,opening,BetOnline,8,1096,option_15144,15144,119681,36.5,139,2.39,2026-08-28T10:26:07+00:00,6313.883,False,https://www.oddstrader.com/atp/?date=20260901&eid=4808899&g=match&m=total,https://www.oddstrader.com/atp/?date=20260901&eid=4808899&g=match&m=merged
2026-09-01,4808899,2026-09-01T19:40:00+00:00,complete,US Open Men Singles,"New York, NY",Court 4,Jan-Lennard Struff,7612,Camilo Ugo Carabelli,69333,match,total,396,closing,Bookmaker,10,93,option_15143,15143,119615,38.5,-111,1.9009,2026-08-30T11:24:05+00:00,3375.917,False,https://www.oddstrader.com/atp/?date=20260901&eid=4808899&g=match&m=total,https://www.oddstrader.com/atp/?date=20260901&eid=4808899&g=match&m=merged
2026-09-01,4808899,2026-09-01T19:40:00+00:00,complete,US Open Men Singles,"New York, NY",Court 4,Jan-Lennard Struff,7612,Camilo Ugo Carabelli,69333,match,total,396,opening,Bookmaker,10,93,option_15143,15143,119615,38.5,-112,1.8929,2026-08-28T10:01:28+00:00,6338.533,False,https://www.oddstrader.com/atp/?date=20260901&eid=4808899&g=match&m=total,https://www.oddstrader.com/atp/?date=20260901&eid=4808899&g=match&m=merged
2026-09-01,4808899,2026-09-01T19:40:00+00:00,complete,US Open Men Singles,"New York, NY",Court 4,Jan-Lennard Struff,7612,Camilo Ugo Carabelli,69333,match,total,396,closing,Bookmaker,10,93,option_15144,15144,119685,38.5,-111,1.9009,2026-08-29T06:13:36+00:00,5126.4,False,https://www.oddstrader.com/atp/?date=20260901&eid=4808899&g=match&m=total,https://www.oddstrader.com/atp/?date=20260901&eid=4808899&g=match&m=merged
2026-09-01,4808899,2026-09-01T19:40:00+00:00,complete,US Open Men Singles,"New York, NY",Court 4,Jan-Lennard Struff,7612,Camilo Ugo Carabelli,69333,match,total,396,opening,Bookmaker,10,93,option_15144,15144,119685,38.5,-109,1.9174,2026-08-28T10:01:28+00:00,6338.533,False,https://www.oddstrader.com/atp/?date=20260901&eid=4808899&g=match&m=total,https://www.oddstrader.com/atp/?date=20260901&eid=4808899&g=match&m=merged
2026-09-01,4808899,2026-09-01T19:40:00+00:00,complete,US Open Men Singles,"New York, NY",Court 4,Jan-Lennard Struff,7612,Camilo Ugo Carabelli,69333,match,total,396,closing,Bovada,9,1618,option_15143,15143,119613,37.5,-120,1.8333,2026-09-01T17:05:22+00:00,154.633,False,https://www.oddstrader.com/atp/?date=20260901&eid=4808899&g=match&m=total,https://www.oddstrader.com/atp/?date=20260901&eid=4808899&g=match&m=merged
2026-09-01,4808899,2026-09-01T19:40:00+00:00,complete,US Open Men Singles,"New York, NY",Court 4,Jan-Lennard Struff,7612,Camilo Ugo Carabelli,69333,match,total,396,opening,Bovada,9,1618,option_15143,15143,119613,37.5,-115,1.87,2026-08-27T20:00:19+00:00,7179.683,False,https://www.oddstrader.com/atp/?date=20260901&eid=4808899&g=match&m=total,https://www.oddstrader.com/atp/?date=20260901&eid=4808899&g=match&m=merged
2026-09-01,4808899,2026-09-01T19:40:00+00:00,complete,US Open Men Singles,"New York, NY",Court 4,Jan-Lennard Struff,7612,Camilo Ugo Carabelli,69333,match,total,396,closing,Bovada,9,1618,option_15144,15144,119683,37.5,-110,1.9091,2026-09-01T17:05:22+00:00,154.633,False,https://www.oddstrader.com/atp/?date=20260901&eid=4808899&g=match&m=total,https://www.oddstrader.com/atp/?date=20260901&eid=4808899&g=match&m=merged
2026-09-01,4808899,2026-09-01T19:40:00+00:00,complete,US Open Men Singles,"New York, NY",Court 4,Jan-Lennard Struff,7612,Camilo Ugo Carabelli,69333,match,total,396,opening,Bovada,9,1618,option_15144,15144,119683,37.5,-115,1.87,2026-08-27T20:00:19+00:00,7179.683,False,https://www.oddstrader.com/atp/?date=20260901&eid=4808899&g=match&m=total,https://www.oddstrader.com/atp/?date=20260901&eid=4808899&g=match&m=merged
2026-09-01,4808899,2026-09-01T19:40:00+00:00,complete,US Open Men Singles,"New York, NY",Court 4,Jan-Lennard Struff,7612,Camilo Ugo Carabelli,69333,match,total,396,closing,Everygame,29,180,option_15143,15143,119613,37.5,-118,1.85,2026-09-01T12:17:34+00:00,442.433,False,https://www.oddstrader.com/atp/?date=20260901&eid=4808899&g=match&m=total,https://www.oddstrader.com/atp/?date=20260901&eid=4808899&g=match&m=merged
2026-09-01,4808899,2026-09-01T19:40:00+00:00,complete,US Open Men Singles,"New York, NY",Court 4,Jan-Lennard Struff,7612,Camilo Ugo Carabelli,69333,match,total,396,opening,Everygame,29,180,option_15143,15143,119617,39.5,-111,1.9,2026-08-28T10:37:40+00:00,6302.333,False,https://www.oddstrader.com/atp/?date=20260901&eid=4808899&g=match&m=total,https://www.oddstrader.com/atp/?date=20260901&eid=4808899&g=match&m=merged
2026-09-01,4808899,2026-09-01T19:40:00+00:00,complete,US Open Men Singles,"New York, NY",Court 4,Jan-Lennard Struff,7612,Camilo Ugo Carabelli,69333,match,total,396,closing,Everygame,29,180,option_15144,15144,119683,37.5,-118,1.85,2026-09-01T12:17:34+00:00,442.433,False,https://www.oddstrader.com/atp/?date=20260901&eid=4808899&g=match&m=total,https://www.oddstrader.com/atp/?date=20260901&eid=4808899&g=match&m=merged
2026-09-01,4808899,2026-09-01T19:40:00+00:00,complete,US Open Men Singles,"New York, NY",Court 4,Jan-Lennard Struff,7612,Camilo Ugo Carabelli,69333,match,total,396,opening,Everygame,29,180,option_15144,15144,119687,39.5,-125,1.8,2026-08-28T10:37:40+00:00,6302.333,False,https://www.oddstrader.com/atp/?date=20260901&eid=4808899&g=match&m=total,https://www.oddstrader.com/atp/?date=20260901&eid=4808899&g=match&m=merged
2026-09-01,4808899,2026-09-01T19:40:00+00:00,complete,US Open Men Singles,"New York, NY",Court 4,Jan-Lennard Struff,7612,Camilo Ugo Carabelli,69333,match,total,396,closing,Heritage,44,169,option_15143,15143,119615,38.5,-115,1.87,2026-09-01T18:37:22+00:00,62.633,False,https://www.oddstrader.com/atp/?date=20260901&eid=4808899&g=match&m=total,https://www.oddstrader.com/atp/?date=20260901&eid=4808899&g=match&m=merged
2026-09-01,4808899,2026-09-01T19:40:00+00:00,complete,US Open Men Singles,"New York, NY",Court 4,Jan-Lennard Struff,7612,Camilo Ugo Carabelli,69333,match,total,396,opening,Heritage,44,169,option_15143,15143,119613,37.5,-121,1.826,2026-08-27T20:40:29+00:00,7139.517,False,https://www.oddstrader.com/atp/?date=20260901&eid=4808899&g=match&m=total,https://www.oddstrader.com/atp/?date=20260901&eid=4808899&g=match&m=merged
2026-09-01,4808899,2026-09-01T19:40:00+00:00,complete,US Open Men Singles,"New York, NY",Court 4,Jan-Lennard Struff,7612,Camilo Ugo Carabelli,69333,match,total,396,closing,Heritage,44,169,option_15144,15144,119685,38.5,-119,1.84,2026-09-01T15:29:58+00:00,250.033,False,https://www.oddstrader.com/atp/?date=20260901&eid=4808899&g=match&m=total,https://www.oddstrader.com/atp/?date=20260901&eid=4808899&g=match&m=merged
2026-09-01,4808899,2026-09-01T19:40:00+00:00,complete,US Open Men Singles,"New York, NY",Court 4,Jan-Lennard Struff,7612,Camilo Ugo Carabelli,69333,match,total,396,opening,Heritage,44,169,option_15144,15144,119683,37.5,-115,1.87,2026-08-27T20:40:29+00:00,7139.517,False,https://www.oddstrader.com/atp/?date=20260901&eid=4808899&g=match&m=total,https://www.oddstrader.com/atp/?date=20260901&eid=4808899&g=match&m=merged
2026-09-01,4808899,2026-09-01T19:40:00+00:00,complete,US Open Men Singles,"New York, NY",Court 4,Jan-Lennard Struff,7612,Camilo Ugo Carabelli,69333,match,total,396,closing,JustBet,16,1275,option_15143,15143,119615,38.5,-111,1.9009,2026-08-30T11:25:46+00:00,3374.233,False,https://www.oddstrader.com/atp/?date=20260901&eid=4808899&g=match&m=total,https://www.oddstrader.com/atp/?date=20260901&eid=4808899&g=match&m=merged
2026-09-01,4808899,2026-09-01T19:40:00+00:00,complete,US Open Men Singles,"New York, NY",Court 4,Jan-Lennard Struff,7612,Camilo Ugo Carabelli,69333,match,total,396,opening,JustBet,16,1275,option_15143,15143,119615,38.5,-112,1.8929,2026-08-28T10:01:41+00:00,6338.317,False,https://www.oddstrader.com/atp/?date=20260901&eid=4808899&g=match&m=total,https://www.oddstrader.com/atp/?date=20260901&eid=4808899&g=match&m=merged
2026-09-01,4808899,2026-09-01T19:40:00+00:00,complete,US Open Men Singles,"New York, NY",Court 4,Jan-Lennard Struff,7612,Camilo Ugo Carabelli,69333,match,total,396,closing,JustBet,16,1275,option_15144,15144,119685,38.5,-111,1.9009,2026-08-29T06:13:36+00:00,5126.4,False,https://www.oddstrader.com/atp/?date=20260901&eid=4808899&g=match&m=total,https://www.oddstrader.com/atp/?date=20260901&eid=4808899&g=match&m=merged
2026-09-01,4808899,2026-09-01T19:40:00+00:00,complete,US Open Men Singles,"New York, NY",Court 4,Jan-Lennard Struff,7612,Camilo Ugo Carabelli,69333,match,total,396,opening,JustBet,16,1275,option_15144,15144,119685,38.5,-109,1.9174,2026-08-28T10:01:41+00:00,6338.317,False,https://www.oddstrader.com/atp/?date=20260901&eid=4808899&g=match&m=total,https://www.oddstrader.com/atp/?date=20260901&eid=4808899&g=match&m=merged
2026-09-01,4808899,2026-09-01T19:40:00+00:00,complete,US Open Men Singles,"New York, NY",Court 4,Jan-Lennard Struff,7612,Camilo Ugo Carabelli,69333,match,total,396,closing,MyBookie,82,1680,option_15143,15143,119613,37.5,-125,1.8,2026-09-01T12:26:48+00:00,433.2,True,https://www.oddstrader.com/atp/?date=20260901&eid=4808899&g=match&m=total,https://www.oddstrader.com/atp/?date=20260901&eid=4808899&g=match&m=merged
2026-09-01,4808899,2026-09-01T19:40:00+00:00,complete,US Open Men Singles,"New York, NY",Court 4,Jan-Lennard Struff,7612,Camilo Ugo Carabelli,69333,match,total,396,opening,MyBookie,82,1680,option_15143,15143,119617,39.5,-112,1.8929,2026-08-28T15:10:28+00:00,6029.533,False,https://www.oddstrader.com/atp/?date=20260901&eid=4808899&g=match&m=total,https://www.oddstrader.com/atp/?date=20260901&eid=4808899&g=match&m=merged
2026-09-01,4808899,2026-09-01T19:40:00+00:00,complete,US Open Men Singles,"New York, NY",Court 4,Jan-Lennard Struff,7612,Camilo Ugo Carabelli,69333,match,total,396,closing,MyBookie,82,1680,option_15144,15144,119683,37.5,-110,1.9091,2026-09-01T12:26:48+00:00,433.2,True,https://www.oddstrader.com/atp/?date=20260901&eid=4808899&g=match&m=total,https://www.oddstrader.com/atp/?date=20260901&eid=4808899&g=match&m=merged
2026-09-01,4808899,2026-09-01T19:40:00+00:00,complete,US Open Men Singles,"New York, NY",Court 4,Jan-Lennard Struff,7612,Camilo Ugo Carabelli,69333,match,total,396,opening,MyBookie,82,1680,option_15144,15144,119687,39.5,-129,1.7752,2026-08-28T15:10:28+00:00,6029.533,False,https://www.oddstrader.com/atp/?date=20260901&eid=4808899&g=match&m=total,https://www.oddstrader.com/atp/?date=20260901&eid=4808899&g=match&m=merged
2026-09-01,4808899,2026-09-01T19:40:00+00:00,complete,US Open Men Singles,"New York, NY",Court 4,Jan-Lennard Struff,7612,Camilo Ugo Carabelli,69333,match,total,396,closing,SportsBetting,131,99,option_15143,15143,119613,37.5,-107,1.9346,2026-09-01T13:36:05+00:00,363.917,False,https://www.oddstrader.com/atp/?date=20260901&eid=4808899&g=match&m=total,https://www.oddstrader.com/atp/?date=20260901&eid=4808899&g=match&m=merged
2026-09-01,4808899,2026-09-01T19:40:00+00:00,complete,US Open Men Singles,"New York, NY",Court 4,Jan-Lennard Struff,7612,Camilo Ugo Carabelli,69333,match,total,396,opening,SportsBetting,131,99,option_15143,15143,119611,36.5,-159,1.6289,2026-08-28T10:26:07+00:00,6313.883,False,https://www.oddstrader.com/atp/?date=20260901&eid=4808899&g=match&m=total,https://www.oddstrader.com/atp/?date=20260901&eid=4808899&g=match&m=merged
2026-09-01,4808899,2026-09-01T19:40:00+00:00,complete,US Open Men Singles,"New York, NY",Court 4,Jan-Lennard Struff,7612,Camilo Ugo Carabelli,69333,match,total,396,closing,SportsBetting,131,99,option_15144,15144,119683,37.5,-113,1.885,2026-09-01T13:36:05+00:00,363.917,False,https://www.oddstrader.com/atp/?date=20260901&eid=4808899&g=match&m=total,https://www.oddstrader.com/atp/?date=20260901&eid=4808899&g=match&m=merged
2026-09-01,4808899,2026-09-01T19:40:00+00:00,complete,US Open Men Singles,"New York, NY",Court 4,Jan-Lennard Struff,7612,Camilo Ugo Carabelli,69333,match,total,396,opening,SportsBetting,131,99,option_15144,15144,119681,36.5,139,2.39,2026-08-28T10:26:07+00:00,6313.883,False,https://www.oddstrader.com/atp/?date=20260901&eid=4808899&g=match&m=total,https://www.oddstrader.com/atp/?date=20260901&eid=4808899&g=match&m=merged
2026-09-01,4808899,2026-09-01T19:40:00+00:00,complete,US Open Men Singles,"New York, NY",Court 4,Jan-Lennard Struff,7612,Camilo Ugo Carabelli,69333,match,winner,126,closing,Bet105,130,3174,Camilo Ugo Carabelli,69333,10921279,0,192,2.92,2026-09-01T19:38:30+00:00,1.5,False,https://www.oddstrader.com/atp/?date=20260901&eid=4808899&g=match&m=winner,https://www.oddstrader.com/atp/?date=20260901&eid=4808899&g=match&m=merged
2026-09-01,4808899,2026-09-01T19:40:00+00:00,complete,US Open Men Singles,"New York, NY",Court 4,Jan-Lennard Struff,7612,Camilo Ugo Carabelli,69333,match,winner,126,opening,Bet105,130,3174,Camilo Ugo Carabelli,69333,10921279,0,158,2.58,2026-08-28T10:20:05+00:00,6319.917,False,https://www.oddstrader.com/atp/?date=20260901&eid=4808899&g=match&m=winner,https://www.oddstrader.com/atp/?date=20260901&eid=4808899&g=match&m=merged
2026-09-01,4808899,2026-09-01T19:40:00+00:00,complete,US Open Men Singles,"New York, NY",Court 4,Jan-Lennard Struff,7612,Camilo Ugo Carabelli,69333,match,winner,126,closing,Bet105,130,3174,Jan-Lennard Struff,7612,10916564,0,-224,1.446,2026-09-01T19:38:30+00:00,1.5,False,https://www.oddstrader.com/atp/?date=20260901&eid=4808899&g=match&m=winner,https://www.oddstrader.com/atp/?date=20260901&eid=4808899&g=match&m=merged
2026-09-01,4808899,2026-09-01T19:40:00+00:00,complete,US Open Men Singles,"New York, NY",Court 4,Jan-Lennard Struff,7612,Camilo Ugo Carabelli,69333,match,winner,126,opening,Bet105,130,3174,Jan-Lennard Struff,7612,10916564,0,-186,1.538,2026-08-28T10:20:05+00:00,6319.917,False,https://www.oddstrader.com/atp/?date=20260901&eid=4808899&g=match&m=winner,https://www.oddstrader.com/atp/?date=20260901&eid=4808899&g=match&m=merged
2026-09-01,4808899,2026-09-01T19:40:00+00:00,complete,US Open Men Singles,"New York, NY",Court 4,Jan-Lennard Struff,7612,Camilo Ugo Carabelli,69333,match,winner,126,closing,BetAnything,123,1061,Camilo Ugo Carabelli,69333,10921279,0,170,2.7,2026-09-01T18:19:41+00:00,80.317,False,https://www.oddstrader.com/atp/?date=20260901&eid=4808899&g=match&m=winner,https://www.oddstrader.com/atp/?date=20260901&eid=4808899&g=match&m=merged
2026-09-01,4808899,2026-09-01T19:40:00+00:00,complete,US Open Men Singles,"New York, NY",Court 4,Jan-Lennard Struff,7612,Camilo Ugo Carabelli,69333,match,winner,126,opening,BetAnything,123,1061,Camilo Ugo Carabelli,69333,10921279,0,160,2.6,2026-08-28T13:57:50+00:00,6102.167,False,https://www.oddstrader.com/atp/?date=20260901&eid=4808899&g=match&m=winner,https://www.oddstrader.com/atp/?date=20260901&eid=4808899&g=match&m=merged
2026-09-01,4808899,2026-09-01T19:40:00+00:00,complete,US Open Men Singles,"New York, NY",Court 4,Jan-Lennard Struff,7612,Camilo Ugo Carabelli,69333,match,winner,126,closing,BetAnything,123,1061,Jan-Lennard Struff,7612,10916564,0,-205,1.4878,2026-09-01T18:19:41+00:00,80.317,False,https://www.oddstrader.com/atp/?date=20260901&eid=4808899&g=match&m=winner,https://www.oddstrader.com/atp/?date=20260901&eid=4808899&g=match&m=merged
2026-09-01,4808899,2026-09-01T19:40:00+00:00,complete,US Open Men Singles,"New York, NY",Court 4,Jan-Lennard Struff,7612,Camilo Ugo Carabelli,69333,match,winner,126,opening,BetAnything,123,1061,Jan-Lennard Struff,7612,10916564,0,-190,1.5263,2026-08-28T13:57:50+00:00,6102.167,False,https://www.oddstrader.com/atp/?date=20260901&eid=4808899&g=match&m=winner,https://www.oddstrader.com/atp/?date=20260901&eid=4808899&g=match&m=merged
2026-09-01,4808899,2026-09-01T19:40:00+00:00,complete,US Open Men Singles,"New York, NY",Court 4,Jan-Lennard Struff,7612,Camilo Ugo Carabelli,69333,match,winner,126,closing,BetOnline,8,1096,Camilo Ugo Carabelli,69333,10921279,0,175,2.75,2026-09-01T18:22:35+00:00,77.417,False,https://www.oddstrader.com/atp/?date=20260901&eid=4808899&g=match&m=winner,https://www.oddstrader.com/atp/?date=20260901&eid=4808899&g=match&m=merged
2026-09-01,4808899,2026-09-01T19:40:00+00:00,complete,US Open Men Singles,"New York, NY",Court 4,Jan-Lennard Struff,7612,Camilo Ugo Carabelli,69333,match,winner,126,opening,BetOnline,8,1096,Camilo Ugo Carabelli,69333,10921279,0,158,2.58,2026-08-28T10:26:07+00:00,6313.883,False,https://www.oddstrader.com/atp/?date=20260901&eid=4808899&g=match&m=winner,https://www.oddstrader.com/atp/?date=20260901&eid=4808899&g=match&m=merged
2026-09-01,4808899,2026-09-01T19:40:00+00:00,complete,US Open Men Singles,"New York, NY",Court 4,Jan-Lennard Struff,7612,Camilo Ugo Carabelli,69333,match,winner,126,closing,BetOnline,8,1096,Jan-Lennard Struff,7612,10916564,0,-200,1.5,2026-09-01T18:22:35+00:00,77.417,False,https://www.oddstrader.com/atp/?date=20260901&eid=4808899&g=match&m=winner,https://www.oddstrader.com/atp/?date=20260901&eid=4808899&g=match&m=merged
2026-09-01,4808899,2026-09-01T19:40:00+00:00,complete,US Open Men Singles,"New York, NY",Court 4,Jan-Lennard Struff,7612,Camilo Ugo Carabelli,69333,match,winner,126,opening,BetOnline,8,1096,Jan-Lennard Struff,7612,10916564,0,-178,1.5618,2026-08-28T10:26:07+00:00,6313.883,False,https://www.oddstrader.com/atp/?date=20260901&eid=4808899&g=match&m=winner,https://www.oddstrader.com/atp/?date=20260901&eid=4808899&g=match&m=merged
2026-09-01,4808899,2026-09-01T19:40:00+00:00,complete,US Open Men Singles,"New York, NY",Court 4,Jan-Lennard Struff,7612,Camilo Ugo Carabelli,69333,match,winner,126,closing,Bookmaker,10,93,Camilo Ugo Carabelli,69333,10921279,0,165,2.65,2026-08-30T11:24:05+00:00,3375.917,False,https://www.oddstrader.com/atp/?date=20260901&eid=4808899&g=match&m=winner,https://www.oddstrader.com/atp/?date=20260901&eid=4808899&g=match&m=merged
2026-09-01,4808899,2026-09-01T19:40:00+00:00,complete,US Open Men Singles,"New York, NY",Court 4,Jan-Lennard Struff,7612,Camilo Ugo Carabelli,69333,match,winner,126,opening,Bookmaker,10,93,Camilo Ugo Carabelli,69333,10921279,0,205,3.05,2026-08-28T00:07:44+00:00,6932.267,False,https://www.oddstrader.com/atp/?date=20260901&eid=4808899&g=match&m=winner,https://www.oddstrader.com/atp/?date=20260901&eid=4808899&g=match&m=merged
2026-09-01,4808899,2026-09-01T19:40:00+00:00,complete,US Open Men Singles,"New York, NY",Court 4,Jan-Lennard Struff,7612,Camilo Ugo Carabelli,69333,match,winner,126,closing,Bookmaker,10,93,Jan-Lennard Struff,7612,10916564,0,-204,1.4902,2026-08-30T11:24:05+00:00,3375.917,False,https://www.oddstrader.com/atp/?date=20260901&eid=4808899&g=match&m=winner,https://www.oddstrader.com/atp/?date=20260901&eid=4808899&g=match&m=merged
2026-09-01,4808899,2026-09-01T19:40:00+00:00,complete,US Open Men Singles,"New York, NY",Court 4,Jan-Lennard Struff,7612,Camilo Ugo Carabelli,69333,match,winner,126,opening,Bookmaker,10,93,Jan-Lennard Struff,7612,10916564,0,-256,1.3906,2026-08-28T00:07:44+00:00,6932.267,False,https://www.oddstrader.com/atp/?date=20260901&eid=4808899&g=match&m=winner,https://www.oddstrader.com/atp/?date=20260901&eid=4808899&g=match&m=merged
2026-09-01,4808899,2026-09-01T19:40:00+00:00,complete,US Open Men Singles,"New York, NY",Court 4,Jan-Lennard Struff,7612,Camilo Ugo Carabelli,69333,match,winner,126,closing,Bovada,9,1618,Camilo Ugo Carabelli,69333,10921279,0,175,2.75,2026-09-01T13:41:08+00:00,358.867,False,https://www.oddstrader.com/atp/?date=20260901&eid=4808899&g=match&m=winner,https://www.oddstrader.com/atp/?date=20260901&eid=4808899&g=match&m=merged
2026-09-01,4808899,2026-09-01T19:40:00+00:00,complete,US Open Men Singles,"New York, NY",Court 4,Jan-Lennard Struff,7612,Camilo Ugo Carabelli,69333,match,winner,126,opening,Bovada,9,1618,Camilo Ugo Carabelli,69333,10921279,0,200,3,2026-08-27T19:22:22+00:00,7217.633,False,https://www.oddstrader.com/atp/?date=20260901&eid=4808899&g=match&m=winner,https://www.oddstrader.com/atp/?date=20260901&eid=4808899&g=match&m=merged
2026-09-01,4808899,2026-09-01T19:40:00+00:00,complete,US Open Men Singles,"New York, NY",Court 4,Jan-Lennard Struff,7612,Camilo Ugo Carabelli,69333,match,winner,126,closing,Bovada,9,1618,Jan-Lennard Struff,7612,10916564,0,-215,1.4651,2026-09-01T13:41:08+00:00,358.867,False,https://www.oddstrader.com/atp/?date=20260901&eid=4808899&g=match&m=winner,https://www.oddstrader.com/atp/?date=20260901&eid=4808899&g=match&m=merged
2026-09-01,4808899,2026-09-01T19:40:00+00:00,complete,US Open Men Singles,"New York, NY",Court 4,Jan-Lennard Struff,7612,Camilo Ugo Carabelli,69333,match,winner,126,opening,Bovada,9,1618,Jan-Lennard Struff,7612,10916564,0,-250,1.4,2026-08-27T19:22:22+00:00,7217.633,False,https://www.oddstrader.com/atp/?date=20260901&eid=4808899&g=match&m=winner,https://www.oddstrader.com/atp/?date=20260901&eid=4808899&g=match&m=merged
2026-09-01,4808899,2026-09-01T19:40:00+00:00,complete,US Open Men Singles,"New York, NY",Court 4,Jan-Lennard Struff,7612,Camilo Ugo Carabelli,69333,match,winner,126,closing,Everygame,29,180,Camilo Ugo Carabelli,69333,10921279,0,170,2.7,2026-09-01T12:17:34+00:00,442.433,False,https://www.oddstrader.com/atp/?date=20260901&eid=4808899&g=match&m=winner,https://www.oddstrader.com/atp/?date=20260901&eid=4808899&g=match&m=merged
2026-09-01,4808899,2026-09-01T19:40:00+00:00,complete,US Open Men Singles,"New York, NY",Court 4,Jan-Lennard Struff,7612,Camilo Ugo Carabelli,69333,match,winner,126,opening,Everygame,29,180,Camilo Ugo Carabelli,69333,10921279,0,155,2.55,2026-08-28T10:37:40+00:00,6302.333,False,https://www.oddstrader.com/atp/?date=20260901&eid=4808899&g=match&m=winner,https://www.oddstrader.com/atp/?date=20260901&eid=4808899&g=match&m=merged
2026-09-01,4808899,2026-09-01T19:40:00+00:00,complete,US Open Men Singles,"New York, NY",Court 4,Jan-Lennard Struff,7612,Camilo Ugo Carabelli,69333,match,winner,126,closing,Everygame,29,180,Jan-Lennard Struff,7612,10916564,0,-222,1.45,2026-09-01T12:17:34+00:00,442.433,False,https://www.oddstrader.com/atp/?date=20260901&eid=4808899&g=match&m=winner,https://www.oddstrader.com/atp/?date=20260901&eid=4808899&g=match&m=merged
2026-09-01,4808899,2026-09-01T19:40:00+00:00,complete,US Open Men Singles,"New York, NY",Court 4,Jan-Lennard Struff,7612,Camilo Ugo Carabelli,69333,match,winner,126,opening,Everygame,29,180,Jan-Lennard Struff,7612,10916564,0,-200,1.5,2026-08-28T10:37:40+00:00,6302.333,False,https://www.oddstrader.com/atp/?date=20260901&eid=4808899&g=match&m=winner,https://www.oddstrader.com/atp/?date=20260901&eid=4808899&g=match&m=merged
2026-09-01,4808899,2026-09-01T19:40:00+00:00,complete,US Open Men Singles,"New York, NY",Court 4,Jan-Lennard Struff,7612,Camilo Ugo Carabelli,69333,match,winner,126,closing,Heritage,44,169,Camilo Ugo Carabelli,69333,10921279,0,174,2.74,2026-09-01T13:42:56+00:00,357.067,False,https://www.oddstrader.com/atp/?date=20260901&eid=4808899&g=match&m=winner,https://www.oddstrader.com/atp/?date=20260901&eid=4808899&g=match&m=merged
2026-09-01,4808899,2026-09-01T19:40:00+00:00,complete,US Open Men Singles,"New York, NY",Court 4,Jan-Lennard Struff,7612,Camilo Ugo Carabelli,69333,match,winner,126,opening,Heritage,44,169,Camilo Ugo Carabelli,69333,10921279,0,228,3.28,2026-08-27T20:40:29+00:00,7139.517,False,https://www.oddstrader.com/atp/?date=20260901&eid=4808899&g=match&m=winner,https://www.oddstrader.com/atp/?date=20260901&eid=4808899&g=match&m=merged
2026-09-01,4808899,2026-09-01T19:40:00+00:00,complete,US Open Men Singles,"New York, NY",Court 4,Jan-Lennard Struff,7612,Camilo Ugo Carabelli,69333,match,winner,126,closing,Heritage,44,169,Jan-Lennard Struff,7612,10916564,0,-218,1.459,2026-09-01T13:42:56+00:00,357.067,False,https://www.oddstrader.com/atp/?date=20260901&eid=4808899&g=match&m=winner,https://www.oddstrader.com/atp/?date=20260901&eid=4808899&g=match&m=merged
2026-09-01,4808899,2026-09-01T19:40:00+00:00,complete,US Open Men Singles,"New York, NY",Court 4,Jan-Lennard Struff,7612,Camilo Ugo Carabelli,69333,match,winner,126,opening,Heritage,44,169,Jan-Lennard Struff,7612,10916564,0,-296,1.338,2026-08-27T20:40:29+00:00,7139.517,False,https://www.oddstrader.com/atp/?date=20260901&eid=4808899&g=match&m=winner,https://www.oddstrader.com/atp/?date=20260901&eid=4808899&g=match&m=merged
2026-09-01,4808899,2026-09-01T19:40:00+00:00,complete,US Open Men Singles,"New York, NY",Court 4,Jan-Lennard Struff,7612,Camilo Ugo Carabelli,69333,match,winner,126,closing,JustBet,16,1275,Camilo Ugo Carabelli,69333,10921279,0,165,2.65,2026-08-30T11:25:46+00:00,3374.233,False,https://www.oddstrader.com/atp/?date=20260901&eid=4808899&g=match&m=winner,https://www.oddstrader.com/atp/?date=20260901&eid=4808899&g=match&m=merged
2026-09-01,4808899,2026-09-01T19:40:00+00:00,complete,US Open Men Singles,"New York, NY",Court 4,Jan-Lennard Struff,7612,Camilo Ugo Carabelli,69333,match,winner,126,opening,JustBet,16,1275,Camilo Ugo Carabelli,69333,10921279,0,205,3.05,2026-08-28T00:08:14+00:00,6931.767,False,https://www.oddstrader.com/atp/?date=20260901&eid=4808899&g=match&m=winner,https://www.oddstrader.com/atp/?date=20260901&eid=4808899&g=match&m=merged
2026-09-01,4808899,2026-09-01T19:40:00+00:00,complete,US Open Men Singles,"New York, NY",Court 4,Jan-Lennard Struff,7612,Camilo Ugo Carabelli,69333,match,winner,126,closing,JustBet,16,1275,Jan-Lennard Struff,7612,10916564,0,-204,1.4902,2026-08-30T11:25:46+00:00,3374.233,False,https://www.oddstrader.com/atp/?date=20260901&eid=4808899&g=match&m=winner,https://www.oddstrader.com/atp/?date=20260901&eid=4808899&g=match&m=merged
2026-09-01,4808899,2026-09-01T19:40:00+00:00,complete,US Open Men Singles,"New York, NY",Court 4,Jan-Lennard Struff,7612,Camilo Ugo Carabelli,69333,match,winner,126,opening,JustBet,16,1275,Jan-Lennard Struff,7612,10916564,0,-256,1.3906,2026-08-28T00:08:14+00:00,6931.767,False,https://www.oddstrader.com/atp/?date=20260901&eid=4808899&g=match&m=winner,https://www.oddstrader.com/atp/?date=20260901&eid=4808899&g=match&m=merged
2026-09-01,4808899,2026-09-01T19:40:00+00:00,complete,US Open Men Singles,"New York, NY",Court 4,Jan-Lennard Struff,7612,Camilo Ugo Carabelli,69333,match,winner,126,closing,MyBookie,82,1680,Camilo Ugo Carabelli,69333,10921279,0,176,2.76,2026-09-01T13:29:22+00:00,370.633,True,https://www.oddstrader.com/atp/?date=20260901&eid=4808899&g=match&m=winner,https://www.oddstrader.com/atp/?date=20260901&eid=4808899&g=match&m=merged
2026-09-01,4808899,2026-09-01T19:40:00+00:00,complete,US Open Men Singles,"New York, NY",Court 4,Jan-Lennard Struff,7612,Camilo Ugo Carabelli,69333,match,winner,126,opening,MyBookie,82,1680,Camilo Ugo Carabelli,69333,10921279,0,186,2.86,2026-08-27T19:45:42+00:00,7194.3,False,https://www.oddstrader.com/atp/?date=20260901&eid=4808899&g=match&m=winner,https://www.oddstrader.com/atp/?date=20260901&eid=4808899&g=match&m=merged
2026-09-01,4808899,2026-09-01T19:40:00+00:00,complete,US Open Men Singles,"New York, NY",Court 4,Jan-Lennard Struff,7612,Camilo Ugo Carabelli,69333,match,winner,126,closing,MyBookie,82,1680,Jan-Lennard Struff,7612,10916564,0,-220,1.4545,2026-09-01T13:29:22+00:00,370.633,True,https://www.oddstrader.com/atp/?date=20260901&eid=4808899&g=match&m=winner,https://www.oddstrader.com/atp/?date=20260901&eid=4808899&g=match&m=merged
2026-09-01,4808899,2026-09-01T19:40:00+00:00,complete,US Open Men Singles,"New York, NY",Court 4,Jan-Lennard Struff,7612,Camilo Ugo Carabelli,69333,match,winner,126,opening,MyBookie,82,1680,Jan-Lennard Struff,7612,10916564,0,-270,1.3704,2026-08-27T19:45:42+00:00,7194.3,False,https://www.oddstrader.com/atp/?date=20260901&eid=4808899&g=match&m=winner,https://www.oddstrader.com/atp/?date=20260901&eid=4808899&g=match&m=merged
2026-09-01,4808899,2026-09-01T19:40:00+00:00,complete,US Open Men Singles,"New York, NY",Court 4,Jan-Lennard Struff,7612,Camilo Ugo Carabelli,69333,match,winner,126,closing,SportsBetting,131,99,Camilo Ugo Carabelli,69333,10921279,0,175,2.75,2026-09-01T18:22:35+00:00,77.417,False,https://www.oddstrader.com/atp/?date=20260901&eid=4808899&g=match&m=winner,https://www.oddstrader.com/atp/?date=20260901&eid=4808899&g=match&m=merged
2026-09-01,4808899,2026-09-01T19:40:00+00:00,complete,US Open Men Singles,"New York, NY",Court 4,Jan-Lennard Struff,7612,Camilo Ugo Carabelli,69333,match,winner,126,opening,SportsBetting,131,99,Camilo Ugo Carabelli,69333,10921279,0,158,2.58,2026-08-28T10:26:07+00:00,6313.883,False,https://www.oddstrader.com/atp/?date=20260901&eid=4808899&g=match&m=winner,https://www.oddstrader.com/atp/?date=20260901&eid=4808899&g=match&m=merged
2026-09-01,4808899,2026-09-01T19:40:00+00:00,complete,US Open Men Singles,"New York, NY",Court 4,Jan-Lennard Struff,7612,Camilo Ugo Carabelli,69333,match,winner,126,closing,SportsBetting,131,99,Jan-Lennard Struff,7612,10916564,0,-200,1.5,2026-09-01T18:22:35+00:00,77.417,False,https://www.oddstrader.com/atp/?date=20260901&eid=4808899&g=match&m=winner,https://www.oddstrader.com/atp/?date=20260901&eid=4808899&g=match&m=merged
2026-09-01,4808899,2026-09-01T19:40:00+00:00,complete,US Open Men Singles,"New York, NY",Court 4,Jan-Lennard Struff,7612,Camilo Ugo Carabelli,69333,match,winner,126,opening,SportsBetting,131,99,Jan-Lennard Struff,7612,10916564,0,-178,1.5618,2026-08-28T10:26:07+00:00,6313.883,False,https://www.oddstrader.com/atp/?date=20260901&eid=4808899&g=match&m=winner,https://www.oddstrader.com/atp/?date=20260901&eid=4808899&g=match&m=merged
2026-09-01,4809497,2026-09-01T20:15:00+00:00,complete,US Open Men Singles,"New York, NY",Court 6,Arthur Gea,514072,Juan Manuel Cerundolo,75504,1st-set,winner,279,closing,BetOnline,8,1096,Arthur Gea,514072,10954486,0,-125,1.8,2026-09-01T15:38:55+00:00,276.083,False,https://www.oddstrader.com/atp/?date=20260901&eid=4809497&g=1st-set&m=winner,https://www.oddstrader.com/atp/?date=20260901&eid=4809497&g=1st-set&m=merged
2026-09-01,4809497,2026-09-01T20:15:00+00:00,complete,US Open Men Singles,"New York, NY",Court 6,Arthur Gea,514072,Juan Manuel Cerundolo,75504,1st-set,winner,279,opening,BetOnline,8,1096,Arthur Gea,514072,10954486,0,-112,1.8929,2026-08-31T21:35:07+00:00,1359.883,False,https://www.oddstrader.com/atp/?date=20260901&eid=4809497&g=1st-set&m=winner,https://www.oddstrader.com/atp/?date=20260901&eid=4809497&g=1st-set&m=merged
2026-09-01,4809497,2026-09-01T20:15:00+00:00,complete,US Open Men Singles,"New York, NY",Court 6,Arthur Gea,514072,Juan Manuel Cerundolo,75504,1st-set,winner,279,closing,BetOnline,8,1096,Juan Manuel Cerundolo,75504,10917681,0,105,2.05,2026-09-01T15:38:55+00:00,276.083,False,https://www.oddstrader.com/atp/?date=20260901&eid=4809497&g=1st-set&m=winner,https://www.oddstrader.com/atp/?date=20260901&eid=4809497&g=1st-set&m=merged
2026-09-01,4809497,2026-09-01T20:15:00+00:00,complete,US Open Men Singles,"New York, NY",Court 6,Arthur Gea,514072,Juan Manuel Cerundolo,75504,1st-set,winner,279,opening,BetOnline,8,1096,Juan Manuel Cerundolo,75504,10917681,0,-108,1.9259,2026-08-31T21:35:07+00:00,1359.883,False,https://www.oddstrader.com/atp/?date=20260901&eid=4809497&g=1st-set&m=winner,https://www.oddstrader.com/atp/?date=20260901&eid=4809497&g=1st-set&m=merged
2026-09-01,4809497,2026-09-01T20:15:00+00:00,complete,US Open Men Singles,"New York, NY",Court 6,Arthur Gea,514072,Juan Manuel Cerundolo,75504,1st-set,winner,279,closing,SportsBetting,131,99,Arthur Gea,514072,10954486,0,-125,1.8,2026-09-01T15:38:55+00:00,276.083,False,https://www.oddstrader.com/atp/?date=20260901&eid=4809497&g=1st-set&m=winner,https://www.oddstrader.com/atp/?date=20260901&eid=4809497&g=1st-set&m=merged
2026-09-01,4809497,2026-09-01T20:15:00+00:00,complete,US Open Men Singles,"New York, NY",Court 6,Arthur Gea,514072,Juan Manuel Cerundolo,75504,1st-set,winner,279,opening,SportsBetting,131,99,Arthur Gea,514072,10954486,0,-112,1.8929,2026-08-31T21:35:07+00:00,1359.883,False,https://www.oddstrader.com/atp/?date=20260901&eid=4809497&g=1st-set&m=winner,https://www.oddstrader.com/atp/?date=20260901&eid=4809497&g=1st-set&m=merged
2026-09-01,4809497,2026-09-01T20:15:00+00:00,complete,US Open Men Singles,"New York, NY",Court 6,Arthur Gea,514072,Juan Manuel Cerundolo,75504,1st-set,winner,279,closing,SportsBetting,131,99,Juan Manuel Cerundolo,75504,10917681,0,105,2.05,2026-09-01T15:38:55+00:00,276.083,False,https://www.oddstrader.com/atp/?date=20260901&eid=4809497&g=1st-set&m=winner,https://www.oddstrader.com/atp/?date=20260901&eid=4809497&g=1st-set&m=merged
2026-09-01,4809497,2026-09-01T20:15:00+00:00,complete,US Open Men Singles,"New York, NY",Court 6,Arthur Gea,514072,Juan Manuel Cerundolo,75504,1st-set,winner,279,opening,SportsBetting,131,99,Juan Manuel Cerundolo,75504,10917681,0,-108,1.9259,2026-08-31T21:35:07+00:00,1359.883,False,https://www.oddstrader.com/atp/?date=20260901&eid=4809497&g=1st-set&m=winner,https://www.oddstrader.com/atp/?date=20260901&eid=4809497&g=1st-set&m=merged
2026-09-01,4809497,2026-09-01T20:15:00+00:00,complete,US Open Men Singles,"New York, NY",Court 6,Arthur Gea,514072,Juan Manuel Cerundolo,75504,match,spread,395,opening,Bet105,130,3174,Arthur Gea,514072,10956939,-2.5,-106,1.943,2026-08-31T01:08:43+00:00,2586.283,False,https://www.oddstrader.com/atp/?date=20260901&eid=4809497&g=match&m=spread,https://www.oddstrader.com/atp/?date=20260901&eid=4809497&g=match&m=merged
2026-09-01,4809497,2026-09-01T20:15:00+00:00,complete,US Open Men Singles,"New York, NY",Court 6,Arthur Gea,514072,Juan Manuel Cerundolo,75504,match,spread,395,opening,Bet105,130,3174,Juan Manuel Cerundolo,75504,10921503,2.5,-112,1.893,2026-08-31T01:08:43+00:00,2586.283,False,https://www.oddstrader.com/atp/?date=20260901&eid=4809497&g=match&m=spread,https://www.oddstrader.com/atp/?date=20260901&eid=4809497&g=match&m=merged
2026-09-01,4809497,2026-09-01T20:15:00+00:00,complete,US Open Men Singles,"New York, NY",Court 6,Arthur Gea,514072,Juan Manuel Cerundolo,75504,match,spread,395,closing,BetOnline,8,1096,Arthur Gea,514072,10954808,-1.5,-110,1.9091,2026-09-01T20:14:47+00:00,0.217,True,https://www.oddstrader.com/atp/?date=20260901&eid=4809497&g=match&m=spread,https://www.oddstrader.com/atp/?date=20260901&eid=4809497&g=match&m=merged
2026-09-01,4809497,2026-09-01T20:15:00+00:00,complete,US Open Men Singles,"New York, NY",Court 6,Arthur Gea,514072,Juan Manuel Cerundolo,75504,match,spread,395,opening,BetOnline,8,1096,Arthur Gea,514072,10956921,-0.5,-110,1.9091,2026-08-31T21:35:07+00:00,1359.883,False,https://www.oddstrader.com/atp/?date=20260901&eid=4809497&g=match&m=spread,https://www.oddstrader.com/atp/?date=20260901&eid=4809497&g=match&m=merged
2026-09-01,4809497,2026-09-01T20:15:00+00:00,complete,US Open Men Singles,"New York, NY",Court 6,Arthur Gea,514072,Juan Manuel Cerundolo,75504,match,spread,395,closing,BetOnline,8,1096,Juan Manuel Cerundolo,75504,10919541,1.5,-110,1.9091,2026-09-01T20:14:47+00:00,0.217,True,https://www.oddstrader.com/atp/?date=20260901&eid=4809497&g=match&m=spread,https://www.oddstrader.com/atp/?date=20260901&eid=4809497&g=match&m=merged
2026-09-01,4809497,2026-09-01T20:15:00+00:00,complete,US Open Men Singles,"New York, NY",Court 6,Arthur Gea,514072,Juan Manuel Cerundolo,75504,match,spread,395,opening,BetOnline,8,1096,Juan Manuel Cerundolo,75504,10921501,0.5,-110,1.9091,2026-08-31T21:35:07+00:00,1359.883,False,https://www.oddstrader.com/atp/?date=20260901&eid=4809497&g=match&m=spread,https://www.oddstrader.com/atp/?date=20260901&eid=4809497&g=match&m=merged
2026-09-01,4809497,2026-09-01T20:15:00+00:00,complete,US Open Men Singles,"New York, NY",Court 6,Arthur Gea,514072,Juan Manuel Cerundolo,75504,match,spread,395,opening,Bookmaker,10,93,Juan Manuel Cerundolo,75504,10920738,-4,-106,1.9434,2026-09-01T22:38:02+00:00,-143.033,False,https://www.oddstrader.com/atp/?date=20260901&eid=4809497&g=match&m=spread,https://www.oddstrader.com/atp/?date=20260901&eid=4809497&g=match&m=merged
2026-09-01,4809497,2026-09-01T20:15:00+00:00,complete,US Open Men Singles,"New York, NY",Court 6,Arthur Gea,514072,Juan Manuel Cerundolo,75504,match,spread,395,closing,Bovada,9,1618,Arthur Gea,514072,10954808,-1.5,-115,1.87,2026-09-01T19:50:30+00:00,24.5,False,https://www.oddstrader.com/atp/?date=20260901&eid=4809497&g=match&m=spread,https://www.oddstrader.com/atp/?date=20260901&eid=4809497&g=match&m=merged
2026-09-01,4809497,2026-09-01T20:15:00+00:00,complete,US Open Men Singles,"New York, NY",Court 6,Arthur Gea,514072,Juan Manuel Cerundolo,75504,match,spread,395,opening,Bovada,9,1618,Arthur Gea,514072,10956939,-2.5,-110,1.9091,2026-08-31T01:41:41+00:00,2553.317,False,https://www.oddstrader.com/atp/?date=20260901&eid=4809497&g=match&m=spread,https://www.oddstrader.com/atp/?date=20260901&eid=4809497&g=match&m=merged
2026-09-01,4809497,2026-09-01T20:15:00+00:00,complete,US Open Men Singles,"New York, NY",Court 6,Arthur Gea,514072,Juan Manuel Cerundolo,75504,match,spread,395,closing,Bovada,9,1618,Juan Manuel Cerundolo,75504,10919541,1.5,-115,1.87,2026-09-01T19:50:30+00:00,24.5,False,https://www.oddstrader.com/atp/?date=20260901&eid=4809497&g=match&m=spread,https://www.oddstrader.com/atp/?date=20260901&eid=4809497&g=match&m=merged
2026-09-01,4809497,2026-09-01T20:15:00+00:00,complete,US Open Men Singles,"New York, NY",Court 6,Arthur Gea,514072,Juan Manuel Cerundolo,75504,match,spread,395,opening,Bovada,9,1618,Juan Manuel Cerundolo,75504,10921503,2.5,-120,1.8333,2026-08-31T01:41:41+00:00,2553.317,False,https://www.oddstrader.com/atp/?date=20260901&eid=4809497&g=match&m=spread,https://www.oddstrader.com/atp/?date=20260901&eid=4809497&g=match&m=merged
2026-09-01,4809497,2026-09-01T20:15:00+00:00,complete,US Open Men Singles,"New York, NY",Court 6,Arthur Gea,514072,Juan Manuel Cerundolo,75504,match,spread,395,closing,Everygame,29,180,Arthur Gea,514072,10954808,-1.5,-125,1.8,2026-09-01T15:56:31+00:00,258.483,False,https://www.oddstrader.com/atp/?date=20260901&eid=4809497&g=match&m=spread,https://www.oddstrader.com/atp/?date=20260901&eid=4809497&g=match&m=merged
2026-09-01,4809497,2026-09-01T20:15:00+00:00,complete,US Open Men Singles,"New York, NY",Court 6,Arthur Gea,514072,Juan Manuel Cerundolo,75504,match,spread,395,opening,Everygame,29,180,Arthur Gea,514072,10956939,-2.5,-118,1.85,2026-08-31T05:20:50+00:00,2334.167,False,https://www.oddstrader.com/atp/?date=20260901&eid=4809497&g=match&m=spread,https://www.oddstrader.com/atp/?date=20260901&eid=4809497&g=match&m=merged
2026-09-01,4809497,2026-09-01T20:15:00+00:00,complete,US Open Men Singles,"New York, NY",Court 6,Arthur Gea,514072,Juan Manuel Cerundolo,75504,match,spread,395,closing,Everygame,29,180,Juan Manuel Cerundolo,75504,10919541,1.5,-111,1.9,2026-09-01T15:56:31+00:00,258.483,False,https://www.oddstrader.com/atp/?date=20260901&eid=4809497&g=match&m=spread,https://www.oddstrader.com/atp/?date=20260901&eid=4809497&g=match&m=merged
2026-09-01,4809497,2026-09-01T20:15:00+00:00,complete,US Open Men Singles,"New York, NY",Court 6,Arthur Gea,514072,Juan Manuel Cerundolo,75504,match,spread,395,opening,Everygame,29,180,Juan Manuel Cerundolo,75504,10921503,2.5,-118,1.85,2026-08-31T05:20:50+00:00,2334.167,False,https://www.oddstrader.com/atp/?date=20260901&eid=4809497&g=match&m=spread,https://www.oddstrader.com/atp/?date=20260901&eid=4809497&g=match&m=merged
2026-09-01,4809497,2026-09-01T20:15:00+00:00,complete,US Open Men Singles,"New York, NY",Court 6,Arthur Gea,514072,Juan Manuel Cerundolo,75504,match,spread,395,closing,Heritage,44,169,Arthur Gea,514072,10954808,-1.5,-118,1.847,2026-09-01T17:05:18+00:00,189.7,False,https://www.oddstrader.com/atp/?date=20260901&eid=4809497&g=match&m=spread,https://www.oddstrader.com/atp/?date=20260901&eid=4809497&g=match&m=merged
2026-09-01,4809497,2026-09-01T20:15:00+00:00,complete,US Open Men Singles,"New York, NY",Court 6,Arthur Gea,514072,Juan Manuel Cerundolo,75504,match,spread,395,opening,Heritage,44,169,Arthur Gea,514072,10956939,-2.5,-108,1.926,2026-08-31T01:09:11+00:00,2585.817,False,https://www.oddstrader.com/atp/?date=20260901&eid=4809497&g=match&m=spread,https://www.oddstrader.com/atp/?date=20260901&eid=4809497&g=match&m=merged
2026-09-01,4809497,2026-09-01T20:15:00+00:00,complete,US Open Men Singles,"New York, NY",Court 6,Arthur Gea,514072,Juan Manuel Cerundolo,75504,match,spread,395,closing,Heritage,44,169,Juan Manuel Cerundolo,75504,10919541,1.5,-112,1.893,2026-09-01T17:05:18+00:00,189.7,False,https://www.oddstrader.com/atp/?date=20260901&eid=4809497&g=match&m=spread,https://www.oddstrader.com/atp/?date=20260901&eid=4809497&g=match&m=merged
2026-09-01,4809497,2026-09-01T20:15:00+00:00,complete,US Open Men Singles,"New York, NY",Court 6,Arthur Gea,514072,Juan Manuel Cerundolo,75504,match,spread,395,opening,Heritage,44,169,Juan Manuel Cerundolo,75504,10921503,2.5,-116,1.862,2026-08-31T01:09:11+00:00,2585.817,False,https://www.oddstrader.com/atp/?date=20260901&eid=4809497&g=match&m=spread,https://www.oddstrader.com/atp/?date=20260901&eid=4809497&g=match&m=merged
2026-09-01,4809497,2026-09-01T20:15:00+00:00,complete,US Open Men Singles,"New York, NY",Court 6,Arthur Gea,514072,Juan Manuel Cerundolo,75504,match,spread,395,opening,JustBet,16,1275,Juan Manuel Cerundolo,75504,10920738,-4,-106,1.9434,2026-09-01T22:34:16+00:00,-139.267,False,https://www.oddstrader.com/atp/?date=20260901&eid=4809497&g=match&m=spread,https://www.oddstrader.com/atp/?date=20260901&eid=4809497&g=match&m=merged
2026-09-01,4809497,2026-09-01T20:15:00+00:00,complete,US Open Men Singles,"New York, NY",Court 6,Arthur Gea,514072,Juan Manuel Cerundolo,75504,match,spread,395,closing,MyBookie,82,1680,Arthur Gea,514072,10954808,-1.5,-116,1.8621,2026-09-01T13:29:22+00:00,405.633,False,https://www.oddstrader.com/atp/?date=20260901&eid=4809497&g=match&m=spread,https://www.oddstrader.com/atp/?date=20260901&eid=4809497&g=match&m=merged
2026-09-01,4809497,2026-09-01T20:15:00+00:00,complete,US Open Men Singles,"New York, NY",Court 6,Arthur Gea,514072,Juan Manuel Cerundolo,75504,match,spread,395,opening,MyBookie,82,1680,Arthur Gea,514072,10956939,-2.5,-111,1.9009,2026-08-30T20:36:11+00:00,2858.817,False,https://www.oddstrader.com/atp/?date=20260901&eid=4809497&g=match&m=spread,https://www.oddstrader.com/atp/?date=20260901&eid=4809497&g=match&m=merged
2026-09-01,4809497,2026-09-01T20:15:00+00:00,complete,US Open Men Singles,"New York, NY",Court 6,Arthur Gea,514072,Juan Manuel Cerundolo,75504,match,spread,395,closing,MyBookie,82,1680,Juan Manuel Cerundolo,75504,10919541,1.5,-119,1.8403,2026-09-01T13:29:22+00:00,405.633,False,https://www.oddstrader.com/atp/?date=20260901&eid=4809497&g=match&m=spread,https://www.oddstrader.com/atp/?date=20260901&eid=4809497&g=match&m=merged
2026-09-01,4809497,2026-09-01T20:15:00+00:00,complete,US Open Men Singles,"New York, NY",Court 6,Arthur Gea,514072,Juan Manuel Cerundolo,75504,match,spread,395,opening,MyBookie,82,1680,Juan Manuel Cerundolo,75504,10921503,2.5,-129,1.7752,2026-08-30T20:36:11+00:00,2858.817,False,https://www.oddstrader.com/atp/?date=20260901&eid=4809497&g=match&m=spread,https://www.oddstrader.com/atp/?date=20260901&eid=4809497&g=match&m=merged
2026-09-01,4809497,2026-09-01T20:15:00+00:00,complete,US Open Men Singles,"New York, NY",Court 6,Arthur Gea,514072,Juan Manuel Cerundolo,75504,match,spread,395,closing,SportsBetting,131,99,Arthur Gea,514072,10954808,-1.5,-110,1.9091,2026-09-01T20:14:47+00:00,0.217,False,https://www.oddstrader.com/atp/?date=20260901&eid=4809497&g=match&m=spread,https://www.oddstrader.com/atp/?date=20260901&eid=4809497&g=match&m=merged
2026-09-01,4809497,2026-09-01T20:15:00+00:00,complete,US Open Men Singles,"New York, NY",Court 6,Arthur Gea,514072,Juan Manuel Cerundolo,75504,match,spread,395,opening,SportsBetting,131,99,Arthur Gea,514072,10956921,-0.5,-110,1.9091,2026-08-31T21:35:07+00:00,1359.883,False,https://www.oddstrader.com/atp/?date=20260901&eid=4809497&g=match&m=spread,https://www.oddstrader.com/atp/?date=20260901&eid=4809497&g=match&m=merged
2026-09-01,4809497,2026-09-01T20:15:00+00:00,complete,US Open Men Singles,"New York, NY",Court 6,Arthur Gea,514072,Juan Manuel Cerundolo,75504,match,spread,395,closing,SportsBetting,131,99,Juan Manuel Cerundolo,75504,10919541,1.5,-110,1.9091,2026-09-01T20:14:47+00:00,0.217,False,https://www.oddstrader.com/atp/?date=20260901&eid=4809497&g=match&m=spread,https://www.oddstrader.com/atp/?date=20260901&eid=4809497&g=match&m=merged
2026-09-01,4809497,2026-09-01T20:15:00+00:00,complete,US Open Men Singles,"New York, NY",Court 6,Arthur Gea,514072,Juan Manuel Cerundolo,75504,match,spread,395,opening,SportsBetting,131,99,Juan Manuel Cerundolo,75504,10921501,0.5,-110,1.9091,2026-08-31T21:35:07+00:00,1359.883,False,https://www.oddstrader.com/atp/?date=20260901&eid=4809497&g=match&m=spread,https://www.oddstrader.com/atp/?date=20260901&eid=4809497&g=match&m=merged
2026-09-01,4809497,2026-09-01T20:15:00+00:00,complete,US Open Men Singles,"New York, NY",Court 6,Arthur Gea,514072,Juan Manuel Cerundolo,75504,match,total,396,opening,Bet105,130,3174,option_15143,15143,119616,39,-107,1.935,2026-08-31T01:08:43+00:00,2586.283,False,https://www.oddstrader.com/atp/?date=20260901&eid=4809497&g=match&m=total,https://www.oddstrader.com/atp/?date=20260901&eid=4809497&g=match&m=merged
2026-09-01,4809497,2026-09-01T20:15:00+00:00,complete,US Open Men Singles,"New York, NY",Court 6,Arthur Gea,514072,Juan Manuel Cerundolo,75504,match,total,396,opening,Bet105,130,3174,option_15144,15144,119686,39,-111,1.901,2026-08-31T01:08:43+00:00,2586.283,False,https://www.oddstrader.com/atp/?date=20260901&eid=4809497&g=match&m=total,https://www.oddstrader.com/atp/?date=20260901&eid=4809497&g=match&m=merged
2026-09-01,4809497,2026-09-01T20:15:00+00:00,complete,US Open Men Singles,"New York, NY",Court 6,Arthur Gea,514072,Juan Manuel Cerundolo,75504,match,total,396,closing,BetAnything,123,1061,option_15143,15143,119615,38.5,-115,1.8696,2026-09-01T15:47:02+00:00,267.967,False,https://www.oddstrader.com/atp/?date=20260901&eid=4809497&g=match&m=total,https://www.oddstrader.com/atp/?date=20260901&eid=4809497&g=match&m=merged
2026-09-01,4809497,2026-09-01T20:15:00+00:00,complete,US Open Men Singles,"New York, NY",Court 6,Arthur Gea,514072,Juan Manuel Cerundolo,75504,match,total,396,opening,BetAnything,123,1061,option_15143,15143,119616,39,-115,1.8696,2026-08-30T21:54:44+00:00,2780.267,False,https://www.oddstrader.com/atp/?date=20260901&eid=4809497&g=match&m=total,https://www.oddstrader.com/atp/?date=20260901&eid=4809497&g=match&m=merged
2026-09-01,4809497,2026-09-01T20:15:00+00:00,complete,US Open Men Singles,"New York, NY",Court 6,Arthur Gea,514072,Juan Manuel Cerundolo,75504,match,total,396,closing,BetAnything,123,1061,option_15144,15144,119685,38.5,-115,1.8696,2026-09-01T15:47:02+00:00,267.967,False,https://www.oddstrader.com/atp/?date=20260901&eid=4809497&g=match&m=total,https://www.oddstrader.com/atp/?date=20260901&eid=4809497&g=match&m=merged
2026-09-01,4809497,2026-09-01T20:15:00+00:00,complete,US Open Men Singles,"New York, NY",Court 6,Arthur Gea,514072,Juan Manuel Cerundolo,75504,match,total,396,opening,BetAnything,123,1061,option_15144,15144,119686,39,-115,1.8696,2026-08-30T21:54:44+00:00,2780.267,False,https://www.oddstrader.com/atp/?date=20260901&eid=4809497&g=match&m=total,https://www.oddstrader.com/atp/?date=20260901&eid=4809497&g=match&m=merged
2026-09-01,4809497,2026-09-01T20:15:00+00:00,complete,US Open Men Singles,"New York, NY",Court 6,Arthur Gea,514072,Juan Manuel Cerundolo,75504,match,total,396,closing,BetOnline,8,1096,option_15143,15143,119615,38.5,-115,1.8696,2026-08-31T21:45:21+00:00,1349.65,False,https://www.oddstrader.com/atp/?date=20260901&eid=4809497&g=match&m=total,https://www.oddstrader.com/atp/?date=20260901&eid=4809497&g=match&m=merged
2026-09-01,4809497,2026-09-01T20:15:00+00:00,complete,US Open Men Singles,"New York, NY",Court 6,Arthur Gea,514072,Juan Manuel Cerundolo,75504,match,total,396,opening,BetOnline,8,1096,option_15143,15143,119617,39.5,100,2,2026-08-31T21:35:07+00:00,1359.883,False,https://www.oddstrader.com/atp/?date=20260901&eid=4809497&g=match&m=total,https://www.oddstrader.com/atp/?date=20260901&eid=4809497&g=match&m=merged
2026-09-01,4809497,2026-09-01T20:15:00+00:00,complete,US Open Men Singles,"New York, NY",Court 6,Arthur Gea,514072,Juan Manuel Cerundolo,75504,match,total,396,closing,BetOnline,8,1096,option_15144,15144,119685,38.5,-105,1.9524,2026-08-31T21:45:21+00:00,1349.65,False,https://www.oddstrader.com/atp/?date=20260901&eid=4809497&g=match&m=total,https://www.oddstrader.com/atp/?date=20260901&eid=4809497&g=match&m=merged
2026-09-01,4809497,2026-09-01T20:15:00+00:00,complete,US Open Men Singles,"New York, NY",Court 6,Arthur Gea,514072,Juan Manuel Cerundolo,75504,match,total,396,opening,BetOnline,8,1096,option_15144,15144,119687,39.5,-120,1.8333,2026-08-31T21:35:07+00:00,1359.883,False,https://www.oddstrader.com/atp/?date=20260901&eid=4809497&g=match&m=total,https://www.oddstrader.com/atp/?date=20260901&eid=4809497&g=match&m=merged
2026-09-01,4809497,2026-09-01T20:15:00+00:00,complete,US Open Men Singles,"New York, NY",Court 6,Arthur Gea,514072,Juan Manuel Cerundolo,75504,match,total,396,opening,Bookmaker,10,93,option_15143,15143,287,20.5,-119,1.8403,2026-09-01T22:38:02+00:00,-143.033,False,https://www.oddstrader.com/atp/?date=20260901&eid=4809497&g=match&m=total,https://www.oddstrader.com/atp/?date=20260901&eid=4809497&g=match&m=merged
2026-09-01,4809497,2026-09-01T20:15:00+00:00,complete,US Open Men Singles,"New York, NY",Court 6,Arthur Gea,514072,Juan Manuel Cerundolo,75504,match,total,396,opening,Bookmaker,10,93,option_15144,15144,288,20.5,-111,1.9009,2026-09-01T22:38:02+00:00,-143.033,False,https://www.oddstrader.com/atp/?date=20260901&eid=4809497&g=match&m=total,https://www.oddstrader.com/atp/?date=20260901&eid=4809497&g=match&m=merged
2026-09-01,4809497,2026-09-01T20:15:00+00:00,complete,US Open Men Singles,"New York, NY",Court 6,Arthur Gea,514072,Juan Manuel Cerundolo,75504,match,total,396,closing,Bovada,9,1618,option_15143,15143,119616,39,-115,1.87,2026-09-01T17:05:22+00:00,189.633,False,https://www.oddstrader.com/atp/?date=20260901&eid=4809497&g=match&m=total,https://www.oddstrader.com/atp/?date=20260901&eid=4809497&g=match&m=merged
2026-09-01,4809497,2026-09-01T20:15:00+00:00,complete,US Open Men Singles,"New York, NY",Court 6,Arthur Gea,514072,Juan Manuel Cerundolo,75504,match,total,396,opening,Bovada,9,1618,option_15143,15143,119616,39,-115,1.87,2026-08-31T01:41:41+00:00,2553.317,False,https://www.oddstrader.com/atp/?date=20260901&eid=4809497&g=match&m=total,https://www.oddstrader.com/atp/?date=20260901&eid=4809497&g=match&m=merged
2026-09-01,4809497,2026-09-01T20:15:00+00:00,complete,US Open Men Singles,"New York, NY",Court 6,Arthur Gea,514072,Juan Manuel Cerundolo,75504,match,total,396,closing,Bovada,9,1618,option_15144,15144,119686,39,-115,1.87,2026-09-01T17:05:22+00:00,189.633,False,https://www.oddstrader.com/atp/?date=20260901&eid=4809497&g=match&m=total,https://www.oddstrader.com/atp/?date=20260901&eid=4809497&g=match&m=merged
2026-09-01,4809497,2026-09-01T20:15:00+00:00,complete,US Open Men Singles,"New York, NY",Court 6,Arthur Gea,514072,Juan Manuel Cerundolo,75504,match,total,396,opening,Bovada,9,1618,option_15144,15144,119686,39,-115,1.87,2026-08-31T01:41:41+00:00,2553.317,False,https://www.oddstrader.com/atp/?date=20260901&eid=4809497&g=match&m=total,https://www.oddstrader.com/atp/?date=20260901&eid=4809497&g=match&m=merged
2026-09-01,4809497,2026-09-01T20:15:00+00:00,complete,US Open Men Singles,"New York, NY",Court 6,Arthur Gea,514072,Juan Manuel Cerundolo,75504,match,total,396,closing,Everygame,29,180,option_15143,15143,119615,38.5,-125,1.8,2026-09-01T08:11:23+00:00,723.617,False,https://www.oddstrader.com/atp/?date=20260901&eid=4809497&g=match&m=total,https://www.oddstrader.com/atp/?date=20260901&eid=4809497&g=match&m=merged
2026-09-01,4809497,2026-09-01T20:15:00+00:00,complete,US Open Men Singles,"New York, NY",Court 6,Arthur Gea,514072,Juan Manuel Cerundolo,75504,match,total,396,opening,Everygame,29,180,option_15143,15143,119615,38.5,-125,1.8,2026-08-31T05:20:50+00:00,2334.167,False,https://www.oddstrader.com/atp/?date=20260901&eid=4809497&g=match&m=total,https://www.oddstrader.com/atp/?date=20260901&eid=4809497&g=match&m=merged
2026-09-01,4809497,2026-09-01T20:15:00+00:00,complete,US Open Men Singles,"New York, NY",Court 6,Arthur Gea,514072,Juan Manuel Cerundolo,75504,match,total,396,closing,Everygame,29,180,option_15144,15144,119685,38.5,-111,1.9,2026-09-01T08:11:23+00:00,723.617,False,https://www.oddstrader.com/atp/?date=20260901&eid=4809497&g=match&m=total,https://www.oddstrader.com/atp/?date=20260901&eid=4809497&g=match&m=merged
2026-09-01,4809497,2026-09-01T20:15:00+00:00,complete,US Open Men Singles,"New York, NY",Court 6,Arthur Gea,514072,Juan Manuel Cerundolo,75504,match,total,396,opening,Everygame,29,180,option_15144,15144,119685,38.5,-111,1.9,2026-08-31T05:20:50+00:00,2334.167,False,https://www.oddstrader.com/atp/?date=20260901&eid=4809497&g=match&m=total,https://www.oddstrader.com/atp/?date=20260901&eid=4809497&g=match&m=merged
2026-09-01,4809497,2026-09-01T20:15:00+00:00,complete,US Open Men Singles,"New York, NY",Court 6,Arthur Gea,514072,Juan Manuel Cerundolo,75504,match,total,396,closing,Heritage,44,169,option_15143,15143,119617,39.5,-112,1.893,2026-08-31T19:40:21+00:00,1474.65,False,https://www.oddstrader.com/atp/?date=20260901&eid=4809497&g=match&m=total,https://www.oddstrader.com/atp/?date=20260901&eid=4809497&g=match&m=merged
2026-09-01,4809497,2026-09-01T20:15:00+00:00,complete,US Open Men Singles,"New York, NY",Court 6,Arthur Gea,514072,Juan Manuel Cerundolo,75504,match,total,396,opening,Heritage,44,169,option_15143,15143,119615,38.5,-126,1.794,2026-08-31T01:09:11+00:00,2585.817,False,https://www.oddstrader.com/atp/?date=20260901&eid=4809497&g=match&m=total,https://www.oddstrader.com/atp/?date=20260901&eid=4809497&g=match&m=merged
2026-09-01,4809497,2026-09-01T20:15:00+00:00,complete,US Open Men Singles,"New York, NY",Court 6,Arthur Gea,514072,Juan Manuel Cerundolo,75504,match,total,396,closing,Heritage,44,169,option_15144,15144,119687,39.5,-126,1.794,2026-08-31T19:40:21+00:00,1474.65,False,https://www.oddstrader.com/atp/?date=20260901&eid=4809497&g=match&m=total,https://www.oddstrader.com/atp/?date=20260901&eid=4809497&g=match&m=merged
2026-09-01,4809497,2026-09-01T20:15:00+00:00,complete,US Open Men Singles,"New York, NY",Court 6,Arthur Gea,514072,Juan Manuel Cerundolo,75504,match,total,396,opening,Heritage,44,169,option_15144,15144,119685,38.5,-116,1.862,2026-08-31T01:09:11+00:00,2585.817,False,https://www.oddstrader.com/atp/?date=20260901&eid=4809497&g=match&m=total,https://www.oddstrader.com/atp/?date=20260901&eid=4809497&g=match&m=merged
2026-09-01,4809497,2026-09-01T20:15:00+00:00,complete,US Open Men Singles,"New York, NY",Court 6,Arthur Gea,514072,Juan Manuel Cerundolo,75504,match,total,396,opening,JustBet,16,1275,option_15143,15143,287,20.5,-119,1.8403,2026-09-01T22:34:16+00:00,-139.267,False,https://www.oddstrader.com/atp/?date=20260901&eid=4809497&g=match&m=total,https://www.oddstrader.com/atp/?date=20260901&eid=4809497&g=match&m=merged
2026-09-01,4809497,2026-09-01T20:15:00+00:00,complete,US Open Men Singles,"New York, NY",Court 6,Arthur Gea,514072,Juan Manuel Cerundolo,75504,match,total,396,opening,JustBet,16,1275,option_15144,15144,288,20.5,-111,1.9009,2026-09-01T22:34:16+00:00,-139.267,False,https://www.oddstrader.com/atp/?date=20260901&eid=4809497&g=match&m=total,https://www.oddstrader.com/atp/?date=20260901&eid=4809497&g=match&m=merged
2026-09-01,4809497,2026-09-01T20:15:00+00:00,complete,US Open Men Singles,"New York, NY",Court 6,Arthur Gea,514072,Juan Manuel Cerundolo,75504,match,total,396,closing,MyBookie,82,1680,option_15143,15143,119615,38.5,-124,1.8065,2026-08-31T17:24:52+00:00,1610.133,False,https://www.oddstrader.com/atp/?date=20260901&eid=4809497&g=match&m=total,https://www.oddstrader.com/atp/?date=20260901&eid=4809497&g=match&m=merged
2026-09-01,4809497,2026-09-01T20:15:00+00:00,complete,US Open Men Singles,"New York, NY",Court 6,Arthur Gea,514072,Juan Manuel Cerundolo,75504,match,total,396,opening,MyBookie,82,1680,option_15143,15143,119615,38.5,-124,1.8065,2026-08-30T20:36:11+00:00,2858.817,False,https://www.oddstrader.com/atp/?date=20260901&eid=4809497&g=match&m=total,https://www.oddstrader.com/atp/?date=20260901&eid=4809497&g=match&m=merged
2026-09-01,4809497,2026-09-01T20:15:00+00:00,complete,US Open Men Singles,"New York, NY",Court 6,Arthur Gea,514072,Juan Manuel Cerundolo,75504,match,total,396,closing,MyBookie,82,1680,option_15144,15144,119685,38.5,-111,1.9009,2026-08-31T17:24:52+00:00,1610.133,False,https://www.oddstrader.com/atp/?date=20260901&eid=4809497&g=match&m=total,https://www.oddstrader.com/atp/?date=20260901&eid=4809497&g=match&m=merged
2026-09-01,4809497,2026-09-01T20:15:00+00:00,complete,US Open Men Singles,"New York, NY",Court 6,Arthur Gea,514072,Juan Manuel Cerundolo,75504,match,total,396,opening,MyBookie,82,1680,option_15144,15144,119685,38.5,-116,1.8621,2026-08-30T20:36:11+00:00,2858.817,False,https://www.oddstrader.com/atp/?date=20260901&eid=4809497&g=match&m=total,https://www.oddstrader.com/atp/?date=20260901&eid=4809497&g=match&m=merged
2026-09-01,4809497,2026-09-01T20:15:00+00:00,complete,US Open Men Singles,"New York, NY",Court 6,Arthur Gea,514072,Juan Manuel Cerundolo,75504,match,total,396,closing,SportsBetting,131,99,option_15143,15143,119615,38.5,-115,1.8696,2026-08-31T21:45:21+00:00,1349.65,False,https://www.oddstrader.com/atp/?date=20260901&eid=4809497&g=match&m=total,https://www.oddstrader.com/atp/?date=20260901&eid=4809497&g=match&m=merged
2026-09-01,4809497,2026-09-01T20:15:00+00:00,complete,US Open Men Singles,"New York, NY",Court 6,Arthur Gea,514072,Juan Manuel Cerundolo,75504,match,total,396,opening,SportsBetting,131,99,option_15143,15143,119617,39.5,100,2,2026-08-31T21:35:07+00:00,1359.883,False,https://www.oddstrader.com/atp/?date=20260901&eid=4809497&g=match&m=total,https://www.oddstrader.com/atp/?date=20260901&eid=4809497&g=match&m=merged
2026-09-01,4809497,2026-09-01T20:15:00+00:00,complete,US Open Men Singles,"New York, NY",Court 6,Arthur Gea,514072,Juan Manuel Cerundolo,75504,match,total,396,closing,SportsBetting,131,99,option_15144,15144,119685,38.5,-105,1.9524,2026-08-31T21:45:21+00:00,1349.65,False,https://www.oddstrader.com/atp/?date=20260901&eid=4809497&g=match&m=total,https://www.oddstrader.com/atp/?date=20260901&eid=4809497&g=match&m=merged
2026-09-01,4809497,2026-09-01T20:15:00+00:00,complete,US Open Men Singles,"New York, NY",Court 6,Arthur Gea,514072,Juan Manuel Cerundolo,75504,match,total,396,opening,SportsBetting,131,99,option_15144,15144,119687,39.5,-120,1.8333,2026-08-31T21:35:07+00:00,1359.883,False,https://www.oddstrader.com/atp/?date=20260901&eid=4809497&g=match&m=total,https://www.oddstrader.com/atp/?date=20260901&eid=4809497&g=match&m=merged
2026-09-01,4809497,2026-09-01T20:15:00+00:00,complete,US Open Men Singles,"New York, NY",Court 6,Arthur Gea,514072,Juan Manuel Cerundolo,75504,match,winner,126,closing,Bet105,130,3174,Arthur Gea,514072,10954486,0,-131,1.763,2026-09-01T19:54:02+00:00,20.967,False,https://www.oddstrader.com/atp/?date=20260901&eid=4809497&g=match&m=winner,https://www.oddstrader.com/atp/?date=20260901&eid=4809497&g=match&m=merged
2026-09-01,4809497,2026-09-01T20:15:00+00:00,complete,US Open Men Singles,"New York, NY",Court 6,Arthur Gea,514072,Juan Manuel Cerundolo,75504,match,winner,126,opening,Bet105,130,3174,Arthur Gea,514072,10954486,0,-144,1.694,2026-08-31T01:08:43+00:00,2586.283,False,https://www.oddstrader.com/atp/?date=20260901&eid=4809497&g=match&m=winner,https://www.oddstrader.com/atp/?date=20260901&eid=4809497&g=match&m=merged
2026-09-01,4809497,2026-09-01T20:15:00+00:00,complete,US Open Men Singles,"New York, NY",Court 6,Arthur Gea,514072,Juan Manuel Cerundolo,75504,match,winner,126,closing,Bet105,130,3174,Juan Manuel Cerundolo,75504,10917681,0,115,2.15,2026-09-01T19:54:02+00:00,20.967,False,https://www.oddstrader.com/atp/?date=20260901&eid=4809497&g=match&m=winner,https://www.oddstrader.com/atp/?date=20260901&eid=4809497&g=match&m=merged
2026-09-01,4809497,2026-09-01T20:15:00+00:00,complete,US Open Men Singles,"New York, NY",Court 6,Arthur Gea,514072,Juan Manuel Cerundolo,75504,match,winner,126,opening,Bet105,130,3174,Juan Manuel Cerundolo,75504,10917681,0,123,2.23,2026-08-31T01:08:43+00:00,2586.283,False,https://www.oddstrader.com/atp/?date=20260901&eid=4809497&g=match&m=winner,https://www.oddstrader.com/atp/?date=20260901&eid=4809497&g=match&m=merged
2026-09-01,4809497,2026-09-01T20:15:00+00:00,complete,US Open Men Singles,"New York, NY",Court 6,Arthur Gea,514072,Juan Manuel Cerundolo,75504,match,winner,126,closing,BetAnything,123,1061,Arthur Gea,514072,10954486,0,-135,1.7407,2026-09-01T19:06:29+00:00,68.517,False,https://www.oddstrader.com/atp/?date=20260901&eid=4809497&g=match&m=winner,https://www.oddstrader.com/atp/?date=20260901&eid=4809497&g=match&m=merged
2026-09-01,4809497,2026-09-01T20:15:00+00:00,complete,US Open Men Singles,"New York, NY",Court 6,Arthur Gea,514072,Juan Manuel Cerundolo,75504,match,winner,126,opening,BetAnything,123,1061,Arthur Gea,514072,10954486,0,-145,1.6897,2026-08-30T21:54:44+00:00,2780.267,False,https://www.oddstrader.com/atp/?date=20260901&eid=4809497&g=match&m=winner,https://www.oddstrader.com/atp/?date=20260901&eid=4809497&g=match&m=merged
2026-09-01,4809497,2026-09-01T20:15:00+00:00,complete,US Open Men Singles,"New York, NY",Court 6,Arthur Gea,514072,Juan Manuel Cerundolo,75504,match,winner,126,closing,BetAnything,123,1061,Juan Manuel Cerundolo,75504,10917681,0,105,2.05,2026-09-01T19:06:29+00:00,68.517,False,https://www.oddstrader.com/atp/?date=20260901&eid=4809497&g=match&m=winner,https://www.oddstrader.com/atp/?date=20260901&eid=4809497&g=match&m=merged
2026-09-01,4809497,2026-09-01T20:15:00+00:00,complete,US Open Men Singles,"New York, NY",Court 6,Arthur Gea,514072,Juan Manuel Cerundolo,75504,match,winner,126,opening,BetAnything,123,1061,Juan Manuel Cerundolo,75504,10917681,0,115,2.15,2026-08-30T21:54:44+00:00,2780.267,False,https://www.oddstrader.com/atp/?date=20260901&eid=4809497&g=match&m=winner,https://www.oddstrader.com/atp/?date=20260901&eid=4809497&g=match&m=merged
2026-09-01,4809497,2026-09-01T20:15:00+00:00,complete,US Open Men Singles,"New York, NY",Court 6,Arthur Gea,514072,Juan Manuel Cerundolo,75504,match,winner,126,closing,BetOnline,8,1096,Arthur Gea,514072,10954486,0,-135,1.7407,2026-09-01T16:50:15+00:00,204.75,False,https://www.oddstrader.com/atp/?date=20260901&eid=4809497&g=match&m=winner,https://www.oddstrader.com/atp/?date=20260901&eid=4809497&g=match&m=merged
2026-09-01,4809497,2026-09-01T20:15:00+00:00,complete,US Open Men Singles,"New York, NY",Court 6,Arthur Gea,514072,Juan Manuel Cerundolo,75504,match,winner,126,opening,BetOnline,8,1096,Arthur Gea,514072,10954486,0,-117,1.8547,2026-08-31T21:35:07+00:00,1359.883,False,https://www.oddstrader.com/atp/?date=20260901&eid=4809497&g=match&m=winner,https://www.oddstrader.com/atp/?date=20260901&eid=4809497&g=match&m=merged
2026-09-01,4809497,2026-09-01T20:15:00+00:00,complete,US Open Men Singles,"New York, NY",Court 6,Arthur Gea,514072,Juan Manuel Cerundolo,75504,match,winner,126,closing,BetOnline,8,1096,Juan Manuel Cerundolo,75504,10917681,0,115,2.15,2026-09-01T16:50:15+00:00,204.75,False,https://www.oddstrader.com/atp/?date=20260901&eid=4809497&g=match&m=winner,https://www.oddstrader.com/atp/?date=20260901&eid=4809497&g=match&m=merged
2026-09-01,4809497,2026-09-01T20:15:00+00:00,complete,US Open Men Singles,"New York, NY",Court 6,Arthur Gea,514072,Juan Manuel Cerundolo,75504,match,winner,126,opening,BetOnline,8,1096,Juan Manuel Cerundolo,75504,10917681,0,-103,1.9709,2026-08-31T21:35:07+00:00,1359.883,False,https://www.oddstrader.com/atp/?date=20260901&eid=4809497&g=match&m=winner,https://www.oddstrader.com/atp/?date=20260901&eid=4809497&g=match&m=merged
2026-09-01,4809497,2026-09-01T20:15:00+00:00,complete,US Open Men Singles,"New York, NY",Court 6,Arthur Gea,514072,Juan Manuel Cerundolo,75504,match,winner,126,opening,Bookmaker,10,93,Juan Manuel Cerundolo,75504,10917681,0,-233,1.4292,2026-09-01T22:38:02+00:00,-143.033,False,https://www.oddstrader.com/atp/?date=20260901&eid=4809497&g=match&m=winner,https://www.oddstrader.com/atp/?date=20260901&eid=4809497&g=match&m=merged
2026-09-01,4809497,2026-09-01T20:15:00+00:00,complete,US Open Men Singles,"New York, NY",Court 6,Arthur Gea,514072,Juan Manuel Cerundolo,75504,match,winner,126,closing,Bovada,9,1618,Arthur Gea,514072,10954486,0,-130,1.7692,2026-09-01T19:18:37+00:00,56.383,False,https://www.oddstrader.com/atp/?date=20260901&eid=4809497&g=match&m=winner,https://www.oddstrader.com/atp/?date=20260901&eid=4809497&g=match&m=merged
2026-09-01,4809497,2026-09-01T20:15:00+00:00,complete,US Open Men Singles,"New York, NY",Court 6,Arthur Gea,514072,Juan Manuel Cerundolo,75504,match,winner,126,opening,Bovada,9,1618,Arthur Gea,514072,10954486,0,-145,1.69,2026-08-31T01:41:41+00:00,2553.317,False,https://www.oddstrader.com/atp/?date=20260901&eid=4809497&g=match&m=winner,https://www.oddstrader.com/atp/?date=20260901&eid=4809497&g=match&m=merged
2026-09-01,4809497,2026-09-01T20:15:00+00:00,complete,US Open Men Singles,"New York, NY",Court 6,Arthur Gea,514072,Juan Manuel Cerundolo,75504,match,winner,126,closing,Bovada,9,1618,Juan Manuel Cerundolo,75504,10917681,0,110,2.1,2026-09-01T19:18:37+00:00,56.383,False,https://www.oddstrader.com/atp/?date=20260901&eid=4809497&g=match&m=winner,https://www.oddstrader.com/atp/?date=20260901&eid=4809497&g=match&m=merged
2026-09-01,4809497,2026-09-01T20:15:00+00:00,complete,US Open Men Singles,"New York, NY",Court 6,Arthur Gea,514072,Juan Manuel Cerundolo,75504,match,winner,126,opening,Bovada,9,1618,Juan Manuel Cerundolo,75504,10917681,0,120,2.2,2026-08-31T01:41:41+00:00,2553.317,False,https://www.oddstrader.com/atp/?date=20260901&eid=4809497&g=match&m=winner,https://www.oddstrader.com/atp/?date=20260901&eid=4809497&g=match&m=merged
2026-09-01,4809497,2026-09-01T20:15:00+00:00,complete,US Open Men Singles,"New York, NY",Court 6,Arthur Gea,514072,Juan Manuel Cerundolo,75504,match,winner,126,closing,Everygame,29,180,Arthur Gea,514072,10954486,0,-143,1.7,2026-09-01T15:56:31+00:00,258.483,False,https://www.oddstrader.com/atp/?date=20260901&eid=4809497&g=match&m=winner,https://www.oddstrader.com/atp/?date=20260901&eid=4809497&g=match&m=merged
2026-09-01,4809497,2026-09-01T20:15:00+00:00,complete,US Open Men Singles,"New York, NY",Court 6,Arthur Gea,514072,Juan Manuel Cerundolo,75504,match,winner,126,opening,Everygame,29,180,Arthur Gea,514072,10954486,0,-154,1.65,2026-08-31T05:20:50+00:00,2334.167,False,https://www.oddstrader.com/atp/?date=20260901&eid=4809497&g=match&m=winner,https://www.oddstrader.com/atp/?date=20260901&eid=4809497&g=match&m=merged
2026-09-01,4809497,2026-09-01T20:15:00+00:00,complete,US Open Men Singles,"New York, NY",Court 6,Arthur Gea,514072,Juan Manuel Cerundolo,75504,match,winner,126,closing,Everygame,29,180,Juan Manuel Cerundolo,75504,10917681,0,110,2.1,2026-09-01T15:56:31+00:00,258.483,False,https://www.oddstrader.com/atp/?date=20260901&eid=4809497&g=match&m=winner,https://www.oddstrader.com/atp/?date=20260901&eid=4809497&g=match&m=merged
2026-09-01,4809497,2026-09-01T20:15:00+00:00,complete,US Open Men Singles,"New York, NY",Court 6,Arthur Gea,514072,Juan Manuel Cerundolo,75504,match,winner,126,opening,Everygame,29,180,Juan Manuel Cerundolo,75504,10917681,0,120,2.2,2026-08-31T05:20:50+00:00,2334.167,False,https://www.oddstrader.com/atp/?date=20260901&eid=4809497&g=match&m=winner,https://www.oddstrader.com/atp/?date=20260901&eid=4809497&g=match&m=merged
2026-09-01,4809497,2026-09-01T20:15:00+00:00,complete,US Open Men Singles,"New York, NY",Court 6,Arthur Gea,514072,Juan Manuel Cerundolo,75504,match,winner,126,closing,Heritage,44,169,Arthur Gea,514072,10954486,0,-134,1.746,2026-09-01T13:58:52+00:00,376.133,False,https://www.oddstrader.com/atp/?date=20260901&eid=4809497&g=match&m=winner,https://www.oddstrader.com/atp/?date=20260901&eid=4809497&g=match&m=merged
2026-09-01,4809497,2026-09-01T20:15:00+00:00,complete,US Open Men Singles,"New York, NY",Court 6,Arthur Gea,514072,Juan Manuel Cerundolo,75504,match,winner,126,opening,Heritage,44,169,Arthur Gea,514072,10954486,0,-146,1.685,2026-08-31T01:09:11+00:00,2585.817,False,https://www.oddstrader.com/atp/?date=20260901&eid=4809497&g=match&m=winner,https://www.oddstrader.com/atp/?date=20260901&eid=4809497&g=match&m=merged
2026-09-01,4809497,2026-09-01T20:15:00+00:00,complete,US Open Men Singles,"New York, NY",Court 6,Arthur Gea,514072,Juan Manuel Cerundolo,75504,match,winner,126,closing,Heritage,44,169,Juan Manuel Cerundolo,75504,10917681,0,110,2.1,2026-09-01T13:58:52+00:00,376.133,False,https://www.oddstrader.com/atp/?date=20260901&eid=4809497&g=match&m=winner,https://www.oddstrader.com/atp/?date=20260901&eid=4809497&g=match&m=merged
2026-09-01,4809497,2026-09-01T20:15:00+00:00,complete,US Open Men Singles,"New York, NY",Court 6,Arthur Gea,514072,Juan Manuel Cerundolo,75504,match,winner,126,opening,Heritage,44,169,Juan Manuel Cerundolo,75504,10917681,0,114,2.14,2026-08-31T01:09:11+00:00,2585.817,False,https://www.oddstrader.com/atp/?date=20260901&eid=4809497&g=match&m=winner,https://www.oddstrader.com/atp/?date=20260901&eid=4809497&g=match&m=merged
2026-09-01,4809497,2026-09-01T20:15:00+00:00,complete,US Open Men Singles,"New York, NY",Court 6,Arthur Gea,514072,Juan Manuel Cerundolo,75504,match,winner,126,opening,JustBet,16,1275,Juan Manuel Cerundolo,75504,10917681,0,-233,1.4292,2026-09-01T22:34:16+00:00,-139.267,False,https://www.oddstrader.com/atp/?date=20260901&eid=4809497&g=match&m=winner,https://www.oddstrader.com/atp/?date=20260901&eid=4809497&g=match&m=merged
2026-09-01,4809497,2026-09-01T20:15:00+00:00,complete,US Open Men Singles,"New York, NY",Court 6,Arthur Gea,514072,Juan Manuel Cerundolo,75504,match,winner,126,closing,MyBookie,82,1680,Arthur Gea,514072,10954486,0,-134,1.7463,2026-09-01T13:29:22+00:00,405.633,False,https://www.oddstrader.com/atp/?date=20260901&eid=4809497&g=match&m=winner,https://www.oddstrader.com/atp/?date=20260901&eid=4809497&g=match&m=merged
2026-09-01,4809497,2026-09-01T20:15:00+00:00,complete,US Open Men Singles,"New York, NY",Court 6,Arthur Gea,514072,Juan Manuel Cerundolo,75504,match,winner,126,opening,MyBookie,82,1680,Arthur Gea,514072,10954486,0,-150,1.6667,2026-08-30T20:36:11+00:00,2858.817,False,https://www.oddstrader.com/atp/?date=20260901&eid=4809497&g=match&m=winner,https://www.oddstrader.com/atp/?date=20260901&eid=4809497&g=match&m=merged
2026-09-01,4809497,2026-09-01T20:15:00+00:00,complete,US Open Men Singles,"New York, NY",Court 6,Arthur Gea,514072,Juan Manuel Cerundolo,75504,match,winner,126,closing,MyBookie,82,1680,Juan Manuel Cerundolo,75504,10917681,0,109,2.09,2026-09-01T13:29:22+00:00,405.633,False,https://www.oddstrader.com/atp/?date=20260901&eid=4809497&g=match&m=winner,https://www.oddstrader.com/atp/?date=20260901&eid=4809497&g=match&m=merged
2026-09-01,4809497,2026-09-01T20:15:00+00:00,complete,US Open Men Singles,"New York, NY",Court 6,Arthur Gea,514072,Juan Manuel Cerundolo,75504,match,winner,126,opening,MyBookie,82,1680,Juan Manuel Cerundolo,75504,10917681,0,118,2.18,2026-08-30T20:36:11+00:00,2858.817,False,https://www.oddstrader.com/atp/?date=20260901&eid=4809497&g=match&m=winner,https://www.oddstrader.com/atp/?date=20260901&eid=4809497&g=match&m=merged
2026-09-01,4809497,2026-09-01T20:15:00+00:00,complete,US Open Men Singles,"New York, NY",Court 6,Arthur Gea,514072,Juan Manuel Cerundolo,75504,match,winner,126,closing,SportsBetting,131,99,Arthur Gea,514072,10954486,0,-135,1.7407,2026-09-01T16:50:15+00:00,204.75,False,https://www.oddstrader.com/atp/?date=20260901&eid=4809497&g=match&m=winner,https://www.oddstrader.com/atp/?date=20260901&eid=4809497&g=match&m=merged
2026-09-01,4809497,2026-09-01T20:15:00+00:00,complete,US Open Men Singles,"New York, NY",Court 6,Arthur Gea,514072,Juan Manuel Cerundolo,75504,match,winner,126,opening,SportsBetting,131,99,Arthur Gea,514072,10954486,0,-117,1.8547,2026-08-31T21:35:07+00:00,1359.883,False,https://www.oddstrader.com/atp/?date=20260901&eid=4809497&g=match&m=winner,https://www.oddstrader.com/atp/?date=20260901&eid=4809497&g=match&m=merged
2026-09-01,4809497,2026-09-01T20:15:00+00:00,complete,US Open Men Singles,"New York, NY",Court 6,Arthur Gea,514072,Juan Manuel Cerundolo,75504,match,winner,126,closing,SportsBetting,131,99,Juan Manuel Cerundolo,75504,10917681,0,115,2.15,2026-09-01T16:50:15+00:00,204.75,False,https://www.oddstrader.com/atp/?date=20260901&eid=4809497&g=match&m=winner,https://www.oddstrader.com/atp/?date=20260901&eid=4809497&g=match&m=merged
2026-09-01,4809497,2026-09-01T20:15:00+00:00,complete,US Open Men Singles,"New York, NY",Court 6,Arthur Gea,514072,Juan Manuel Cerundolo,75504,match,winner,126,opening,SportsBetting,131,99,Juan Manuel Cerundolo,75504,10917681,0,-103,1.9709,2026-08-31T21:35:07+00:00,1359.883,False,https://www.oddstrader.com/atp/?date=20260901&eid=4809497&g=match&m=winner,https://www.oddstrader.com/atp/?date=20260901&eid=4809497&g=match&m=merged
2026-09-01,4808926,2026-09-01T20:25:00+00:00,complete,US Open Men Singles,"New York, NY",Grandstand,Lorenzo Musetti,121895,Arthur Fery,360289,1st-set,winner,279,closing,BetOnline,8,1096,Arthur Fery,360289,10970703,0,185,2.85,2026-09-01T19:44:12+00:00,40.8,False,https://www.oddstrader.com/atp/?date=20260901&eid=4808926&g=1st-set&m=winner,https://www.oddstrader.com/atp/?date=20260901&eid=4808926&g=1st-set&m=merged
2026-09-01,4808926,2026-09-01T20:25:00+00:00,complete,US Open Men Singles,"New York, NY",Grandstand,Lorenzo Musetti,121895,Arthur Fery,360289,1st-set,winner,279,opening,BetOnline,8,1096,Arthur Fery,360289,10970703,0,195,2.95,2026-08-28T13:19:43+00:00,6185.283,False,https://www.oddstrader.com/atp/?date=20260901&eid=4808926&g=1st-set&m=winner,https://www.oddstrader.com/atp/?date=20260901&eid=4808926&g=1st-set&m=merged
2026-09-01,4808926,2026-09-01T20:25:00+00:00,complete,US Open Men Singles,"New York, NY",Grandstand,Lorenzo Musetti,121895,Arthur Fery,360289,1st-set,winner,279,closing,BetOnline,8,1096,Lorenzo Musetti,121895,10916608,0,-215,1.4651,2026-09-01T19:44:12+00:00,40.8,False,https://www.oddstrader.com/atp/?date=20260901&eid=4808926&g=1st-set&m=winner,https://www.oddstrader.com/atp/?date=20260901&eid=4808926&g=1st-set&m=merged
2026-09-01,4808926,2026-09-01T20:25:00+00:00,complete,US Open Men Singles,"New York, NY",Grandstand,Lorenzo Musetti,121895,Arthur Fery,360289,1st-set,winner,279,opening,BetOnline,8,1096,Lorenzo Musetti,121895,10916608,0,-225,1.4444,2026-08-28T13:19:43+00:00,6185.283,False,https://www.oddstrader.com/atp/?date=20260901&eid=4808926&g=1st-set&m=winner,https://www.oddstrader.com/atp/?date=20260901&eid=4808926&g=1st-set&m=merged
2026-09-01,4808926,2026-09-01T20:25:00+00:00,complete,US Open Men Singles,"New York, NY",Grandstand,Lorenzo Musetti,121895,Arthur Fery,360289,1st-set,winner,279,closing,SportsBetting,131,99,Arthur Fery,360289,10970703,0,185,2.85,2026-09-01T19:44:12+00:00,40.8,False,https://www.oddstrader.com/atp/?date=20260901&eid=4808926&g=1st-set&m=winner,https://www.oddstrader.com/atp/?date=20260901&eid=4808926&g=1st-set&m=merged
2026-09-01,4808926,2026-09-01T20:25:00+00:00,complete,US Open Men Singles,"New York, NY",Grandstand,Lorenzo Musetti,121895,Arthur Fery,360289,1st-set,winner,279,opening,SportsBetting,131,99,Arthur Fery,360289,10970703,0,195,2.95,2026-08-28T13:19:43+00:00,6185.283,False,https://www.oddstrader.com/atp/?date=20260901&eid=4808926&g=1st-set&m=winner,https://www.oddstrader.com/atp/?date=20260901&eid=4808926&g=1st-set&m=merged
2026-09-01,4808926,2026-09-01T20:25:00+00:00,complete,US Open Men Singles,"New York, NY",Grandstand,Lorenzo Musetti,121895,Arthur Fery,360289,1st-set,winner,279,closing,SportsBetting,131,99,Lorenzo Musetti,121895,10916608,0,-215,1.4651,2026-09-01T19:44:12+00:00,40.8,False,https://www.oddstrader.com/atp/?date=20260901&eid=4808926&g=1st-set&m=winner,https://www.oddstrader.com/atp/?date=20260901&eid=4808926&g=1st-set&m=merged
2026-09-01,4808926,2026-09-01T20:25:00+00:00,complete,US Open Men Singles,"New York, NY",Grandstand,Lorenzo Musetti,121895,Arthur Fery,360289,1st-set,winner,279,opening,SportsBetting,131,99,Lorenzo Musetti,121895,10916608,0,-225,1.4444,2026-08-28T13:19:43+00:00,6185.283,False,https://www.oddstrader.com/atp/?date=20260901&eid=4808926&g=1st-set&m=winner,https://www.oddstrader.com/atp/?date=20260901&eid=4808926&g=1st-set&m=merged
2026-09-01,4808926,2026-09-01T20:25:00+00:00,complete,US Open Men Singles,"New York, NY",Grandstand,Lorenzo Musetti,121895,Arthur Fery,360289,match,spread,395,opening,Bet105,130,3174,Arthur Fery,360289,10973450,6,-111,1.901,2026-08-28T09:43:06+00:00,6401.9,False,https://www.oddstrader.com/atp/?date=20260901&eid=4808926&g=match&m=spread,https://www.oddstrader.com/atp/?date=20260901&eid=4808926&g=match&m=merged
2026-09-01,4808926,2026-09-01T20:25:00+00:00,complete,US Open Men Singles,"New York, NY",Grandstand,Lorenzo Musetti,121895,Arthur Fery,360289,match,spread,395,opening,Bet105,130,3174,Lorenzo Musetti,121895,10962804,-6,-107,1.935,2026-08-28T09:43:06+00:00,6401.9,False,https://www.oddstrader.com/atp/?date=20260901&eid=4808926&g=match&m=spread,https://www.oddstrader.com/atp/?date=20260901&eid=4808926&g=match&m=merged
2026-09-01,4808926,2026-09-01T20:25:00+00:00,complete,US Open Men Singles,"New York, NY",Grandstand,Lorenzo Musetti,121895,Arthur Fery,360289,match,spread,395,closing,BetAnything,123,1061,Arthur Fery,360289,10973405,6.5,-130,1.7692,2026-09-01T19:48:01+00:00,36.983,False,https://www.oddstrader.com/atp/?date=20260901&eid=4808926&g=match&m=spread,https://www.oddstrader.com/atp/?date=20260901&eid=4808926&g=match&m=merged
2026-09-01,4808926,2026-09-01T20:25:00+00:00,complete,US Open Men Singles,"New York, NY",Grandstand,Lorenzo Musetti,121895,Arthur Fery,360289,match,spread,395,opening,BetAnything,123,1061,Arthur Fery,360289,10973405,6.5,-130,1.7692,2026-08-28T13:47:30+00:00,6157.5,False,https://www.oddstrader.com/atp/?date=20260901&eid=4808926&g=match&m=spread,https://www.oddstrader.com/atp/?date=20260901&eid=4808926&g=match&m=merged
2026-09-01,4808926,2026-09-01T20:25:00+00:00,complete,US Open Men Singles,"New York, NY",Grandstand,Lorenzo Musetti,121895,Arthur Fery,360289,match,spread,395,closing,BetAnything,123,1061,Lorenzo Musetti,121895,10929060,-6.5,100,2,2026-09-01T19:48:01+00:00,36.983,False,https://www.oddstrader.com/atp/?date=20260901&eid=4808926&g=match&m=spread,https://www.oddstrader.com/atp/?date=20260901&eid=4808926&g=match&m=merged
2026-09-01,4808926,2026-09-01T20:25:00+00:00,complete,US Open Men Singles,"New York, NY",Grandstand,Lorenzo Musetti,121895,Arthur Fery,360289,match,spread,395,opening,BetAnything,123,1061,Lorenzo Musetti,121895,10929060,-6.5,100,2,2026-08-28T13:47:30+00:00,6157.5,False,https://www.oddstrader.com/atp/?date=20260901&eid=4808926&g=match&m=spread,https://www.oddstrader.com/atp/?date=20260901&eid=4808926&g=match&m=merged
2026-09-01,4808926,2026-09-01T20:25:00+00:00,complete,US Open Men Singles,"New York, NY",Grandstand,Lorenzo Musetti,121895,Arthur Fery,360289,match,spread,395,closing,BetOnline,8,1096,Arthur Fery,360289,10973397,5.5,105,2.05,2026-09-01T20:24:58+00:00,0.033,True,https://www.oddstrader.com/atp/?date=20260901&eid=4808926&g=match&m=spread,https://www.oddstrader.com/atp/?date=20260901&eid=4808926&g=match&m=merged
2026-09-01,4808926,2026-09-01T20:25:00+00:00,complete,US Open Men Singles,"New York, NY",Grandstand,Lorenzo Musetti,121895,Arthur Fery,360289,match,spread,395,opening,BetOnline,8,1096,Arthur Fery,360289,10973405,6.5,-130,1.7692,2026-08-28T10:36:21+00:00,6348.65,False,https://www.oddstrader.com/atp/?date=20260901&eid=4808926&g=match&m=spread,https://www.oddstrader.com/atp/?date=20260901&eid=4808926&g=match&m=merged
2026-09-01,4808926,2026-09-01T20:25:00+00:00,complete,US Open Men Singles,"New York, NY",Grandstand,Lorenzo Musetti,121895,Arthur Fery,360289,match,spread,395,closing,BetOnline,8,1096,Lorenzo Musetti,121895,10929062,-5.5,-125,1.8,2026-09-01T20:24:58+00:00,0.033,True,https://www.oddstrader.com/atp/?date=20260901&eid=4808926&g=match&m=spread,https://www.oddstrader.com/atp/?date=20260901&eid=4808926&g=match&m=merged
2026-09-01,4808926,2026-09-01T20:25:00+00:00,complete,US Open Men Singles,"New York, NY",Grandstand,Lorenzo Musetti,121895,Arthur Fery,360289,match,spread,395,opening,BetOnline,8,1096,Lorenzo Musetti,121895,10929060,-6.5,110,2.1,2026-08-28T10:36:21+00:00,6348.65,False,https://www.oddstrader.com/atp/?date=20260901&eid=4808926&g=match&m=spread,https://www.oddstrader.com/atp/?date=20260901&eid=4808926&g=match&m=merged
2026-09-01,4808926,2026-09-01T20:25:00+00:00,complete,US Open Men Singles,"New York, NY",Grandstand,Lorenzo Musetti,121895,Arthur Fery,360289,match,spread,395,closing,Bookmaker,10,93,Arthur Fery,360289,10973450,6,-109,1.9174,2026-08-29T03:56:06+00:00,5308.9,False,https://www.oddstrader.com/atp/?date=20260901&eid=4808926&g=match&m=spread,https://www.oddstrader.com/atp/?date=20260901&eid=4808926&g=match&m=merged
2026-09-01,4808926,2026-09-01T20:25:00+00:00,complete,US Open Men Singles,"New York, NY",Grandstand,Lorenzo Musetti,121895,Arthur Fery,360289,match,spread,395,opening,Bookmaker,10,93,Arthur Fery,360289,10973450,6,-114,1.8772,2026-08-28T09:45:49+00:00,6399.183,False,https://www.oddstrader.com/atp/?date=20260901&eid=4808926&g=match&m=spread,https://www.oddstrader.com/atp/?date=20260901&eid=4808926&g=match&m=merged
2026-09-01,4808926,2026-09-01T20:25:00+00:00,complete,US Open Men Singles,"New York, NY",Grandstand,Lorenzo Musetti,121895,Arthur Fery,360289,match,spread,395,closing,Bookmaker,10,93,Lorenzo Musetti,121895,10962804,-6,-112,1.8929,2026-08-29T03:56:06+00:00,5308.9,False,https://www.oddstrader.com/atp/?date=20260901&eid=4808926&g=match&m=spread,https://www.oddstrader.com/atp/?date=20260901&eid=4808926&g=match&m=merged
2026-09-01,4808926,2026-09-01T20:25:00+00:00,complete,US Open Men Singles,"New York, NY",Grandstand,Lorenzo Musetti,121895,Arthur Fery,360289,match,spread,395,opening,Bookmaker,10,93,Lorenzo Musetti,121895,10962804,-6,-108,1.9259,2026-08-28T09:45:49+00:00,6399.183,False,https://www.oddstrader.com/atp/?date=20260901&eid=4808926&g=match&m=spread,https://www.oddstrader.com/atp/?date=20260901&eid=4808926&g=match&m=merged
2026-09-01,4808926,2026-09-01T20:25:00+00:00,complete,US Open Men Singles,"New York, NY",Grandstand,Lorenzo Musetti,121895,Arthur Fery,360289,match,spread,395,opening,Bovada,9,1618,Arthur Fery,360289,10973405,6.5,-130,1.7692,2026-08-27T21:30:14+00:00,7134.767,False,https://www.oddstrader.com/atp/?date=20260901&eid=4808926&g=match&m=spread,https://www.oddstrader.com/atp/?date=20260901&eid=4808926&g=match&m=merged
2026-09-01,4808926,2026-09-01T20:25:00+00:00,complete,US Open Men Singles,"New York, NY",Grandstand,Lorenzo Musetti,121895,Arthur Fery,360289,match,spread,395,opening,Bovada,9,1618,Lorenzo Musetti,121895,10929060,-6.5,100,2,2026-08-27T21:30:14+00:00,7134.767,False,https://www.oddstrader.com/atp/?date=20260901&eid=4808926&g=match&m=spread,https://www.oddstrader.com/atp/?date=20260901&eid=4808926&g=match&m=merged
2026-09-01,4808926,2026-09-01T20:25:00+00:00,complete,US Open Men Singles,"New York, NY",Grandstand,Lorenzo Musetti,121895,Arthur Fery,360289,match,spread,395,closing,Everygame,29,180,Arthur Fery,360289,10973405,6.5,-125,1.8,2026-09-01T15:19:13+00:00,305.783,False,https://www.oddstrader.com/atp/?date=20260901&eid=4808926&g=match&m=spread,https://www.oddstrader.com/atp/?date=20260901&eid=4808926&g=match&m=merged
2026-09-01,4808926,2026-09-01T20:25:00+00:00,complete,US Open Men Singles,"New York, NY",Grandstand,Lorenzo Musetti,121895,Arthur Fery,360289,match,spread,395,opening,Everygame,29,180,Arthur Fery,360289,10973405,6.5,-133,1.75,2026-08-28T10:37:40+00:00,6347.333,False,https://www.oddstrader.com/atp/?date=20260901&eid=4808926&g=match&m=spread,https://www.oddstrader.com/atp/?date=20260901&eid=4808926&g=match&m=merged
2026-09-01,4808926,2026-09-01T20:25:00+00:00,complete,US Open Men Singles,"New York, NY",Grandstand,Lorenzo Musetti,121895,Arthur Fery,360289,match,spread,395,closing,Everygame,29,180,Lorenzo Musetti,121895,10929060,-6.5,-111,1.9,2026-09-01T15:19:13+00:00,305.783,False,https://www.oddstrader.com/atp/?date=20260901&eid=4808926&g=match&m=spread,https://www.oddstrader.com/atp/?date=20260901&eid=4808926&g=match&m=merged
2026-09-01,4808926,2026-09-01T20:25:00+00:00,complete,US Open Men Singles,"New York, NY",Grandstand,Lorenzo Musetti,121895,Arthur Fery,360289,match,spread,395,opening,Everygame,29,180,Lorenzo Musetti,121895,10929060,-6.5,-105,1.95,2026-08-28T10:37:40+00:00,6347.333,False,https://www.oddstrader.com/atp/?date=20260901&eid=4808926&g=match&m=spread,https://www.oddstrader.com/atp/?date=20260901&eid=4808926&g=match&m=merged
2026-09-01,4808926,2026-09-01T20:25:00+00:00,complete,US Open Men Singles,"New York, NY",Grandstand,Lorenzo Musetti,121895,Arthur Fery,360289,match,spread,395,closing,Heritage,44,169,Arthur Fery,360289,10973397,5.5,-111,1.901,2026-09-01T19:52:29+00:00,32.517,True,https://www.oddstrader.com/atp/?date=20260901&eid=4808926&g=match&m=spread,https://www.oddstrader.com/atp/?date=20260901&eid=4808926&g=match&m=merged
2026-09-01,4808926,2026-09-01T20:25:00+00:00,complete,US Open Men Singles,"New York, NY",Grandstand,Lorenzo Musetti,121895,Arthur Fery,360289,match,spread,395,opening,Heritage,44,169,Arthur Fery,360289,10973397,5.5,-129,1.775,2026-08-27T20:40:29+00:00,7184.517,False,https://www.oddstrader.com/atp/?date=20260901&eid=4808926&g=match&m=spread,https://www.oddstrader.com/atp/?date=20260901&eid=4808926&g=match&m=merged
2026-09-01,4808926,2026-09-01T20:25:00+00:00,complete,US Open Men Singles,"New York, NY",Grandstand,Lorenzo Musetti,121895,Arthur Fery,360289,match,spread,395,closing,Heritage,44,169,Lorenzo Musetti,121895,10929062,-5.5,-129,1.775,2026-09-01T19:52:29+00:00,32.517,True,https://www.oddstrader.com/atp/?date=20260901&eid=4808926&g=match&m=spread,https://www.oddstrader.com/atp/?date=20260901&eid=4808926&g=match&m=merged
2026-09-01,4808926,2026-09-01T20:25:00+00:00,complete,US Open Men Singles,"New York, NY",Grandstand,Lorenzo Musetti,121895,Arthur Fery,360289,match,spread,395,opening,Heritage,44,169,Lorenzo Musetti,121895,10929062,-5.5,-109,1.917,2026-08-27T20:40:29+00:00,7184.517,False,https://www.oddstrader.com/atp/?date=20260901&eid=4808926&g=match&m=spread,https://www.oddstrader.com/atp/?date=20260901&eid=4808926&g=match&m=merged
2026-09-01,4808926,2026-09-01T20:25:00+00:00,complete,US Open Men Singles,"New York, NY",Grandstand,Lorenzo Musetti,121895,Arthur Fery,360289,match,spread,395,closing,JustBet,16,1275,Arthur Fery,360289,10973450,6,-109,1.9174,2026-08-29T03:56:43+00:00,5308.283,False,https://www.oddstrader.com/atp/?date=20260901&eid=4808926&g=match&m=spread,https://www.oddstrader.com/atp/?date=20260901&eid=4808926&g=match&m=merged
2026-09-01,4808926,2026-09-01T20:25:00+00:00,complete,US Open Men Singles,"New York, NY",Grandstand,Lorenzo Musetti,121895,Arthur Fery,360289,match,spread,395,opening,JustBet,16,1275,Arthur Fery,360289,10973450,6,-114,1.8772,2026-08-28T09:46:10+00:00,6398.833,False,https://www.oddstrader.com/atp/?date=20260901&eid=4808926&g=match&m=spread,https://www.oddstrader.com/atp/?date=20260901&eid=4808926&g=match&m=merged
2026-09-01,4808926,2026-09-01T20:25:00+00:00,complete,US Open Men Singles,"New York, NY",Grandstand,Lorenzo Musetti,121895,Arthur Fery,360289,match,spread,395,closing,JustBet,16,1275,Lorenzo Musetti,121895,10962804,-6,-112,1.8929,2026-08-29T03:56:43+00:00,5308.283,False,https://www.oddstrader.com/atp/?date=20260901&eid=4808926&g=match&m=spread,https://www.oddstrader.com/atp/?date=20260901&eid=4808926&g=match&m=merged
2026-09-01,4808926,2026-09-01T20:25:00+00:00,complete,US Open Men Singles,"New York, NY",Grandstand,Lorenzo Musetti,121895,Arthur Fery,360289,match,spread,395,opening,JustBet,16,1275,Lorenzo Musetti,121895,10962804,-6,-108,1.9259,2026-08-28T09:46:10+00:00,6398.833,False,https://www.oddstrader.com/atp/?date=20260901&eid=4808926&g=match&m=spread,https://www.oddstrader.com/atp/?date=20260901&eid=4808926&g=match&m=merged
2026-09-01,4808926,2026-09-01T20:25:00+00:00,complete,US Open Men Singles,"New York, NY",Grandstand,Lorenzo Musetti,121895,Arthur Fery,360289,match,spread,395,closing,MyBookie,82,1680,Arthur Fery,360289,10973405,6.5,-130,1.7692,2026-09-01T13:29:22+00:00,415.633,True,https://www.oddstrader.com/atp/?date=20260901&eid=4808926&g=match&m=spread,https://www.oddstrader.com/atp/?date=20260901&eid=4808926&g=match&m=merged
2026-09-01,4808926,2026-09-01T20:25:00+00:00,complete,US Open Men Singles,"New York, NY",Grandstand,Lorenzo Musetti,121895,Arthur Fery,360289,match,spread,395,opening,MyBookie,82,1680,Arthur Fery,360289,10973405,6.5,-134,1.7463,2026-08-28T15:10:28+00:00,6074.533,False,https://www.oddstrader.com/atp/?date=20260901&eid=4808926&g=match&m=spread,https://www.oddstrader.com/atp/?date=20260901&eid=4808926&g=match&m=merged
2026-09-01,4808926,2026-09-01T20:25:00+00:00,complete,US Open Men Singles,"New York, NY",Grandstand,Lorenzo Musetti,121895,Arthur Fery,360289,match,spread,395,closing,MyBookie,82,1680,Lorenzo Musetti,121895,10929060,-6.5,-106,1.9434,2026-09-01T13:29:22+00:00,415.633,True,https://www.oddstrader.com/atp/?date=20260901&eid=4808926&g=match&m=spread,https://www.oddstrader.com/atp/?date=20260901&eid=4808926&g=match&m=merged
2026-09-01,4808926,2026-09-01T20:25:00+00:00,complete,US Open Men Singles,"New York, NY",Grandstand,Lorenzo Musetti,121895,Arthur Fery,360289,match,spread,395,opening,MyBookie,82,1680,Lorenzo Musetti,121895,10929060,-6.5,-107,1.9346,2026-08-28T15:10:28+00:00,6074.533,False,https://www.oddstrader.com/atp/?date=20260901&eid=4808926&g=match&m=spread,https://www.oddstrader.com/atp/?date=20260901&eid=4808926&g=match&m=merged
2026-09-01,4808926,2026-09-01T20:25:00+00:00,complete,US Open Men Singles,"New York, NY",Grandstand,Lorenzo Musetti,121895,Arthur Fery,360289,match,spread,395,closing,SportsBetting,131,99,Arthur Fery,360289,10973397,5.5,105,2.05,2026-09-01T20:24:58+00:00,0.033,False,https://www.oddstrader.com/atp/?date=20260901&eid=4808926&g=match&m=spread,https://www.oddstrader.com/atp/?date=20260901&eid=4808926&g=match&m=merged
2026-09-01,4808926,2026-09-01T20:25:00+00:00,complete,US Open Men Singles,"New York, NY",Grandstand,Lorenzo Musetti,121895,Arthur Fery,360289,match,spread,395,opening,SportsBetting,131,99,Arthur Fery,360289,10973405,6.5,-130,1.7692,2026-08-28T10:36:21+00:00,6348.65,False,https://www.oddstrader.com/atp/?date=20260901&eid=4808926&g=match&m=spread,https://www.oddstrader.com/atp/?date=20260901&eid=4808926&g=match&m=merged
2026-09-01,4808926,2026-09-01T20:25:00+00:00,complete,US Open Men Singles,"New York, NY",Grandstand,Lorenzo Musetti,121895,Arthur Fery,360289,match,spread,395,closing,SportsBetting,131,99,Lorenzo Musetti,121895,10929062,-5.5,-125,1.8,2026-09-01T20:24:58+00:00,0.033,False,https://www.oddstrader.com/atp/?date=20260901&eid=4808926&g=match&m=spread,https://www.oddstrader.com/atp/?date=20260901&eid=4808926&g=match&m=merged
2026-09-01,4808926,2026-09-01T20:25:00+00:00,complete,US Open Men Singles,"New York, NY",Grandstand,Lorenzo Musetti,121895,Arthur Fery,360289,match,spread,395,opening,SportsBetting,131,99,Lorenzo Musetti,121895,10929060,-6.5,110,2.1,2026-08-28T10:36:21+00:00,6348.65,False,https://www.oddstrader.com/atp/?date=20260901&eid=4808926&g=match&m=spread,https://www.oddstrader.com/atp/?date=20260901&eid=4808926&g=match&m=merged
2026-09-01,4808926,2026-09-01T20:25:00+00:00,complete,US Open Men Singles,"New York, NY",Grandstand,Lorenzo Musetti,121895,Arthur Fery,360289,match,total,396,opening,Bet105,130,3174,option_15143,15143,119609,35.5,-109,1.917,2026-08-28T09:43:06+00:00,6401.9,False,https://www.oddstrader.com/atp/?date=20260901&eid=4808926&g=match&m=total,https://www.oddstrader.com/atp/?date=20260901&eid=4808926&g=match&m=merged
2026-09-01,4808926,2026-09-01T20:25:00+00:00,complete,US Open Men Singles,"New York, NY",Grandstand,Lorenzo Musetti,121895,Arthur Fery,360289,match,total,396,opening,Bet105,130,3174,option_15144,15144,119679,35.5,-109,1.917,2026-08-28T09:43:06+00:00,6401.9,False,https://www.oddstrader.com/atp/?date=20260901&eid=4808926&g=match&m=total,https://www.oddstrader.com/atp/?date=20260901&eid=4808926&g=match&m=merged
2026-09-01,4808926,2026-09-01T20:25:00+00:00,complete,US Open Men Singles,"New York, NY",Grandstand,Lorenzo Musetti,121895,Arthur Fery,360289,match,total,396,closing,BetAnything,123,1061,option_15143,15143,119611,36.5,-115,1.8696,2026-09-01T20:19:14+00:00,5.767,False,https://www.oddstrader.com/atp/?date=20260901&eid=4808926&g=match&m=total,https://www.oddstrader.com/atp/?date=20260901&eid=4808926&g=match&m=merged
2026-09-01,4808926,2026-09-01T20:25:00+00:00,complete,US Open Men Singles,"New York, NY",Grandstand,Lorenzo Musetti,121895,Arthur Fery,360289,match,total,396,opening,BetAnything,123,1061,option_15143,15143,119609,35.5,-117,1.8547,2026-08-28T13:47:30+00:00,6157.5,False,https://www.oddstrader.com/atp/?date=20260901&eid=4808926&g=match&m=total,https://www.oddstrader.com/atp/?date=20260901&eid=4808926&g=match&m=merged
2026-09-01,4808926,2026-09-01T20:25:00+00:00,complete,US Open Men Singles,"New York, NY",Grandstand,Lorenzo Musetti,121895,Arthur Fery,360289,match,total,396,closing,BetAnything,123,1061,option_15144,15144,119681,36.5,-115,1.8696,2026-09-01T20:19:14+00:00,5.767,False,https://www.oddstrader.com/atp/?date=20260901&eid=4808926&g=match&m=total,https://www.oddstrader.com/atp/?date=20260901&eid=4808926&g=match&m=merged
2026-09-01,4808926,2026-09-01T20:25:00+00:00,complete,US Open Men Singles,"New York, NY",Grandstand,Lorenzo Musetti,121895,Arthur Fery,360289,match,total,396,opening,BetAnything,123,1061,option_15144,15144,119679,35.5,-113,1.885,2026-08-28T13:47:30+00:00,6157.5,False,https://www.oddstrader.com/atp/?date=20260901&eid=4808926&g=match&m=total,https://www.oddstrader.com/atp/?date=20260901&eid=4808926&g=match&m=merged
2026-09-01,4808926,2026-09-01T20:25:00+00:00,complete,US Open Men Singles,"New York, NY",Grandstand,Lorenzo Musetti,121895,Arthur Fery,360289,match,total,396,closing,BetOnline,8,1096,option_15143,15143,119611,36.5,-105,1.9524,2026-09-01T20:24:58+00:00,0.033,True,https://www.oddstrader.com/atp/?date=20260901&eid=4808926&g=match&m=total,https://www.oddstrader.com/atp/?date=20260901&eid=4808926&g=match&m=merged
2026-09-01,4808926,2026-09-01T20:25:00+00:00,complete,US Open Men Singles,"New York, NY",Grandstand,Lorenzo Musetti,121895,Arthur Fery,360289,match,total,396,opening,BetOnline,8,1096,option_15143,15143,119609,35.5,-107,1.9346,2026-08-28T10:36:21+00:00,6348.65,False,https://www.oddstrader.com/atp/?date=20260901&eid=4808926&g=match&m=total,https://www.oddstrader.com/atp/?date=20260901&eid=4808926&g=match&m=merged
2026-09-01,4808926,2026-09-01T20:25:00+00:00,complete,US Open Men Singles,"New York, NY",Grandstand,Lorenzo Musetti,121895,Arthur Fery,360289,match,total,396,closing,BetOnline,8,1096,option_15144,15144,119681,36.5,-115,1.8696,2026-09-01T20:24:58+00:00,0.033,True,https://www.oddstrader.com/atp/?date=20260901&eid=4808926&g=match&m=total,https://www.oddstrader.com/atp/?date=20260901&eid=4808926&g=match&m=merged
2026-09-01,4808926,2026-09-01T20:25:00+00:00,complete,US Open Men Singles,"New York, NY",Grandstand,Lorenzo Musetti,121895,Arthur Fery,360289,match,total,396,opening,BetOnline,8,1096,option_15144,15144,119679,35.5,-113,1.885,2026-08-28T10:36:21+00:00,6348.65,False,https://www.oddstrader.com/atp/?date=20260901&eid=4808926&g=match&m=total,https://www.oddstrader.com/atp/?date=20260901&eid=4808926&g=match&m=merged
2026-09-01,4808926,2026-09-01T20:25:00+00:00,complete,US Open Men Singles,"New York, NY",Grandstand,Lorenzo Musetti,121895,Arthur Fery,360289,match,total,396,closing,Bookmaker,10,93,option_15143,15143,119609,35.5,-111,1.9009,2026-08-29T03:56:06+00:00,5308.9,False,https://www.oddstrader.com/atp/?date=20260901&eid=4808926&g=match&m=total,https://www.oddstrader.com/atp/?date=20260901&eid=4808926&g=match&m=merged
2026-09-01,4808926,2026-09-01T20:25:00+00:00,complete,US Open Men Singles,"New York, NY",Grandstand,Lorenzo Musetti,121895,Arthur Fery,360289,match,total,396,opening,Bookmaker,10,93,option_15143,15143,119610,36,-109,1.9174,2026-08-28T09:45:49+00:00,6399.183,False,https://www.oddstrader.com/atp/?date=20260901&eid=4808926&g=match&m=total,https://www.oddstrader.com/atp/?date=20260901&eid=4808926&g=match&m=merged
2026-09-01,4808926,2026-09-01T20:25:00+00:00,complete,US Open Men Singles,"New York, NY",Grandstand,Lorenzo Musetti,121895,Arthur Fery,360289,match,total,396,closing,Bookmaker,10,93,option_15144,15144,119679,35.5,-110,1.9091,2026-08-29T03:56:06+00:00,5308.9,False,https://www.oddstrader.com/atp/?date=20260901&eid=4808926&g=match&m=total,https://www.oddstrader.com/atp/?date=20260901&eid=4808926&g=match&m=merged
2026-09-01,4808926,2026-09-01T20:25:00+00:00,complete,US Open Men Singles,"New York, NY",Grandstand,Lorenzo Musetti,121895,Arthur Fery,360289,match,total,396,opening,Bookmaker,10,93,option_15144,15144,119680,36,-112,1.8929,2026-08-28T09:45:49+00:00,6399.183,False,https://www.oddstrader.com/atp/?date=20260901&eid=4808926&g=match&m=total,https://www.oddstrader.com/atp/?date=20260901&eid=4808926&g=match&m=merged
2026-09-01,4808926,2026-09-01T20:25:00+00:00,complete,US Open Men Singles,"New York, NY",Grandstand,Lorenzo Musetti,121895,Arthur Fery,360289,match,total,396,opening,Bovada,9,1618,option_15143,15143,119613,37.5,-115,1.87,2026-08-27T20:19:44+00:00,7205.267,False,https://www.oddstrader.com/atp/?date=20260901&eid=4808926&g=match&m=total,https://www.oddstrader.com/atp/?date=20260901&eid=4808926&g=match&m=merged
2026-09-01,4808926,2026-09-01T20:25:00+00:00,complete,US Open Men Singles,"New York, NY",Grandstand,Lorenzo Musetti,121895,Arthur Fery,360289,match,total,396,opening,Bovada,9,1618,option_15144,15144,119683,37.5,-115,1.87,2026-08-27T20:19:44+00:00,7205.267,False,https://www.oddstrader.com/atp/?date=20260901&eid=4808926&g=match&m=total,https://www.oddstrader.com/atp/?date=20260901&eid=4808926&g=match&m=merged
2026-09-01,4808926,2026-09-01T20:25:00+00:00,complete,US Open Men Singles,"New York, NY",Grandstand,Lorenzo Musetti,121895,Arthur Fery,360289,match,total,396,closing,Everygame,29,180,option_15143,15143,119609,35.5,-111,1.9,2026-09-01T15:19:13+00:00,305.783,False,https://www.oddstrader.com/atp/?date=20260901&eid=4808926&g=match&m=total,https://www.oddstrader.com/atp/?date=20260901&eid=4808926&g=match&m=merged
2026-09-01,4808926,2026-09-01T20:25:00+00:00,complete,US Open Men Singles,"New York, NY",Grandstand,Lorenzo Musetti,121895,Arthur Fery,360289,match,total,396,opening,Everygame,29,180,option_15143,15143,119609,35.5,-111,1.9,2026-08-28T10:37:40+00:00,6347.333,False,https://www.oddstrader.com/atp/?date=20260901&eid=4808926&g=match&m=total,https://www.oddstrader.com/atp/?date=20260901&eid=4808926&g=match&m=merged
2026-09-01,4808926,2026-09-01T20:25:00+00:00,complete,US Open Men Singles,"New York, NY",Grandstand,Lorenzo Musetti,121895,Arthur Fery,360289,match,total,396,closing,Everygame,29,180,option_15144,15144,119679,35.5,-125,1.8,2026-09-01T15:19:13+00:00,305.783,False,https://www.oddstrader.com/atp/?date=20260901&eid=4808926&g=match&m=total,https://www.oddstrader.com/atp/?date=20260901&eid=4808926&g=match&m=merged
2026-09-01,4808926,2026-09-01T20:25:00+00:00,complete,US Open Men Singles,"New York, NY",Grandstand,Lorenzo Musetti,121895,Arthur Fery,360289,match,total,396,opening,Everygame,29,180,option_15144,15144,119679,35.5,-125,1.8,2026-08-28T10:37:40+00:00,6347.333,False,https://www.oddstrader.com/atp/?date=20260901&eid=4808926&g=match&m=total,https://www.oddstrader.com/atp/?date=20260901&eid=4808926&g=match&m=merged
2026-09-01,4808926,2026-09-01T20:25:00+00:00,complete,US Open Men Singles,"New York, NY",Grandstand,Lorenzo Musetti,121895,Arthur Fery,360289,match,total,396,opening,Heritage,44,169,option_15143,15143,119613,37.5,-121,1.826,2026-08-27T20:40:29+00:00,7184.517,False,https://www.oddstrader.com/atp/?date=20260901&eid=4808926&g=match&m=total,https://www.oddstrader.com/atp/?date=20260901&eid=4808926&g=match&m=merged
2026-09-01,4808926,2026-09-01T20:25:00+00:00,complete,US Open Men Singles,"New York, NY",Grandstand,Lorenzo Musetti,121895,Arthur Fery,360289,match,total,396,opening,Heritage,44,169,option_15144,15144,119683,37.5,-117,1.855,2026-08-27T20:40:29+00:00,7184.517,False,https://www.oddstrader.com/atp/?date=20260901&eid=4808926&g=match&m=total,https://www.oddstrader.com/atp/?date=20260901&eid=4808926&g=match&m=merged
2026-09-01,4808926,2026-09-01T20:25:00+00:00,complete,US Open Men Singles,"New York, NY",Grandstand,Lorenzo Musetti,121895,Arthur Fery,360289,match,total,396,closing,JustBet,16,1275,option_15143,15143,119609,35.5,-111,1.9009,2026-08-29T03:56:43+00:00,5308.283,False,https://www.oddstrader.com/atp/?date=20260901&eid=4808926&g=match&m=total,https://www.oddstrader.com/atp/?date=20260901&eid=4808926&g=match&m=merged
2026-09-01,4808926,2026-09-01T20:25:00+00:00,complete,US Open Men Singles,"New York, NY",Grandstand,Lorenzo Musetti,121895,Arthur Fery,360289,match,total,396,opening,JustBet,16,1275,option_15143,15143,119610,36,-109,1.9174,2026-08-28T09:46:10+00:00,6398.833,False,https://www.oddstrader.com/atp/?date=20260901&eid=4808926&g=match&m=total,https://www.oddstrader.com/atp/?date=20260901&eid=4808926&g=match&m=merged
2026-09-01,4808926,2026-09-01T20:25:00+00:00,complete,US Open Men Singles,"New York, NY",Grandstand,Lorenzo Musetti,121895,Arthur Fery,360289,match,total,396,closing,JustBet,16,1275,option_15144,15144,119679,35.5,-110,1.9091,2026-08-29T03:56:43+00:00,5308.283,False,https://www.oddstrader.com/atp/?date=20260901&eid=4808926&g=match&m=total,https://www.oddstrader.com/atp/?date=20260901&eid=4808926&g=match&m=merged
2026-09-01,4808926,2026-09-01T20:25:00+00:00,complete,US Open Men Singles,"New York, NY",Grandstand,Lorenzo Musetti,121895,Arthur Fery,360289,match,total,396,opening,JustBet,16,1275,option_15144,15144,119680,36,-112,1.8929,2026-08-28T09:46:10+00:00,6398.833,False,https://www.oddstrader.com/atp/?date=20260901&eid=4808926&g=match&m=total,https://www.oddstrader.com/atp/?date=20260901&eid=4808926&g=match&m=merged
2026-09-01,4808926,2026-09-01T20:25:00+00:00,complete,US Open Men Singles,"New York, NY",Grandstand,Lorenzo Musetti,121895,Arthur Fery,360289,match,total,396,closing,MyBookie,82,1680,option_15143,15143,119609,35.5,-113,1.885,2026-09-01T13:35:51+00:00,409.15,True,https://www.oddstrader.com/atp/?date=20260901&eid=4808926&g=match&m=total,https://www.oddstrader.com/atp/?date=20260901&eid=4808926&g=match&m=merged
2026-09-01,4808926,2026-09-01T20:25:00+00:00,complete,US Open Men Singles,"New York, NY",Grandstand,Lorenzo Musetti,121895,Arthur Fery,360289,match,total,396,opening,MyBookie,82,1680,option_15143,15143,119609,35.5,-117,1.8547,2026-08-28T15:10:28+00:00,6074.533,False,https://www.oddstrader.com/atp/?date=20260901&eid=4808926&g=match&m=total,https://www.oddstrader.com/atp/?date=20260901&eid=4808926&g=match&m=merged
2026-09-01,4808926,2026-09-01T20:25:00+00:00,complete,US Open Men Singles,"New York, NY",Grandstand,Lorenzo Musetti,121895,Arthur Fery,360289,match,total,396,closing,MyBookie,82,1680,option_15144,15144,119679,35.5,-121,1.8264,2026-09-01T12:40:17+00:00,464.717,True,https://www.oddstrader.com/atp/?date=20260901&eid=4808926&g=match&m=total,https://www.oddstrader.com/atp/?date=20260901&eid=4808926&g=match&m=merged
2026-09-01,4808926,2026-09-01T20:25:00+00:00,complete,US Open Men Singles,"New York, NY",Grandstand,Lorenzo Musetti,121895,Arthur Fery,360289,match,total,396,opening,MyBookie,82,1680,option_15144,15144,119679,35.5,-123,1.813,2026-08-28T15:10:28+00:00,6074.533,False,https://www.oddstrader.com/atp/?date=20260901&eid=4808926&g=match&m=total,https://www.oddstrader.com/atp/?date=20260901&eid=4808926&g=match&m=merged
2026-09-01,4808926,2026-09-01T20:25:00+00:00,complete,US Open Men Singles,"New York, NY",Grandstand,Lorenzo Musetti,121895,Arthur Fery,360289,match,total,396,closing,SportsBetting,131,99,option_15143,15143,119611,36.5,-105,1.9524,2026-09-01T20:24:58+00:00,0.033,False,https://www.oddstrader.com/atp/?date=20260901&eid=4808926&g=match&m=total,https://www.oddstrader.com/atp/?date=20260901&eid=4808926&g=match&m=merged
2026-09-01,4808926,2026-09-01T20:25:00+00:00,complete,US Open Men Singles,"New York, NY",Grandstand,Lorenzo Musetti,121895,Arthur Fery,360289,match,total,396,opening,SportsBetting,131,99,option_15143,15143,119609,35.5,-107,1.9346,2026-08-28T10:36:21+00:00,6348.65,False,https://www.oddstrader.com/atp/?date=20260901&eid=4808926&g=match&m=total,https://www.oddstrader.com/atp/?date=20260901&eid=4808926&g=match&m=merged
2026-09-01,4808926,2026-09-01T20:25:00+00:00,complete,US Open Men Singles,"New York, NY",Grandstand,Lorenzo Musetti,121895,Arthur Fery,360289,match,total,396,closing,SportsBetting,131,99,option_15144,15144,119681,36.5,-115,1.8696,2026-09-01T20:24:58+00:00,0.033,False,https://www.oddstrader.com/atp/?date=20260901&eid=4808926&g=match&m=total,https://www.oddstrader.com/atp/?date=20260901&eid=4808926&g=match&m=merged
2026-09-01,4808926,2026-09-01T20:25:00+00:00,complete,US Open Men Singles,"New York, NY",Grandstand,Lorenzo Musetti,121895,Arthur Fery,360289,match,total,396,opening,SportsBetting,131,99,option_15144,15144,119679,35.5,-113,1.885,2026-08-28T10:36:21+00:00,6348.65,False,https://www.oddstrader.com/atp/?date=20260901&eid=4808926&g=match&m=total,https://www.oddstrader.com/atp/?date=20260901&eid=4808926&g=match&m=merged
2026-09-01,4808926,2026-09-01T20:25:00+00:00,complete,US Open Men Singles,"New York, NY",Grandstand,Lorenzo Musetti,121895,Arthur Fery,360289,match,winner,126,closing,Bet105,130,3174,Arthur Fery,360289,10970703,0,312,4.12,2026-09-01T20:20:34+00:00,4.433,True,https://www.oddstrader.com/atp/?date=20260901&eid=4808926&g=match&m=winner,https://www.oddstrader.com/atp/?date=20260901&eid=4808926&g=match&m=merged
2026-09-01,4808926,2026-09-01T20:25:00+00:00,complete,US Open Men Singles,"New York, NY",Grandstand,Lorenzo Musetti,121895,Arthur Fery,360289,match,winner,126,opening,Bet105,130,3174,Arthur Fery,360289,10970703,0,298,3.98,2026-08-28T09:43:06+00:00,6401.9,False,https://www.oddstrader.com/atp/?date=20260901&eid=4808926&g=match&m=winner,https://www.oddstrader.com/atp/?date=20260901&eid=4808926&g=match&m=merged
2026-09-01,4808926,2026-09-01T20:25:00+00:00,complete,US Open Men Singles,"New York, NY",Grandstand,Lorenzo Musetti,121895,Arthur Fery,360289,match,winner,126,closing,Bet105,130,3174,Lorenzo Musetti,121895,10916608,0,-380,1.263,2026-09-01T20:20:34+00:00,4.433,True,https://www.oddstrader.com/atp/?date=20260901&eid=4808926&g=match&m=winner,https://www.oddstrader.com/atp/?date=20260901&eid=4808926&g=match&m=merged
2026-09-01,4808926,2026-09-01T20:25:00+00:00,complete,US Open Men Singles,"New York, NY",Grandstand,Lorenzo Musetti,121895,Arthur Fery,360289,match,winner,126,opening,Bet105,130,3174,Lorenzo Musetti,121895,10916608,0,-371,1.27,2026-08-28T09:43:06+00:00,6401.9,False,https://www.oddstrader.com/atp/?date=20260901&eid=4808926&g=match&m=winner,https://www.oddstrader.com/atp/?date=20260901&eid=4808926&g=match&m=merged
2026-09-01,4808926,2026-09-01T20:25:00+00:00,complete,US Open Men Singles,"New York, NY",Grandstand,Lorenzo Musetti,121895,Arthur Fery,360289,match,winner,126,closing,BetAnything,123,1061,Arthur Fery,360289,10970703,0,280,3.8,2026-09-01T19:48:01+00:00,36.983,False,https://www.oddstrader.com/atp/?date=20260901&eid=4808926&g=match&m=winner,https://www.oddstrader.com/atp/?date=20260901&eid=4808926&g=match&m=merged
2026-09-01,4808926,2026-09-01T20:25:00+00:00,complete,US Open Men Singles,"New York, NY",Grandstand,Lorenzo Musetti,121895,Arthur Fery,360289,match,winner,126,opening,BetAnything,123,1061,Arthur Fery,360289,10970703,0,330,4.3,2026-08-28T13:47:30+00:00,6157.5,False,https://www.oddstrader.com/atp/?date=20260901&eid=4808926&g=match&m=winner,https://www.oddstrader.com/atp/?date=20260901&eid=4808926&g=match&m=merged
2026-09-01,4808926,2026-09-01T20:25:00+00:00,complete,US Open Men Singles,"New York, NY",Grandstand,Lorenzo Musetti,121895,Arthur Fery,360289,match,winner,126,closing,BetAnything,123,1061,Lorenzo Musetti,121895,10916608,0,-370,1.2703,2026-09-01T19:48:01+00:00,36.983,False,https://www.oddstrader.com/atp/?date=20260901&eid=4808926&g=match&m=winner,https://www.oddstrader.com/atp/?date=20260901&eid=4808926&g=match&m=merged
2026-09-01,4808926,2026-09-01T20:25:00+00:00,complete,US Open Men Singles,"New York, NY",Grandstand,Lorenzo Musetti,121895,Arthur Fery,360289,match,winner,126,opening,BetAnything,123,1061,Lorenzo Musetti,121895,10916608,0,-450,1.2222,2026-08-28T13:47:30+00:00,6157.5,False,https://www.oddstrader.com/atp/?date=20260901&eid=4808926&g=match&m=winner,https://www.oddstrader.com/atp/?date=20260901&eid=4808926&g=match&m=merged
2026-09-01,4808926,2026-09-01T20:25:00+00:00,complete,US Open Men Singles,"New York, NY",Grandstand,Lorenzo Musetti,121895,Arthur Fery,360289,match,winner,126,closing,BetOnline,8,1096,Arthur Fery,360289,10970703,0,285,3.85,2026-09-01T19:44:12+00:00,40.8,False,https://www.oddstrader.com/atp/?date=20260901&eid=4808926&g=match&m=winner,https://www.oddstrader.com/atp/?date=20260901&eid=4808926&g=match&m=merged
2026-09-01,4808926,2026-09-01T20:25:00+00:00,complete,US Open Men Singles,"New York, NY",Grandstand,Lorenzo Musetti,121895,Arthur Fery,360289,match,winner,126,opening,BetOnline,8,1096,Arthur Fery,360289,10970703,0,320,4.2,2026-08-28T10:36:21+00:00,6348.65,False,https://www.oddstrader.com/atp/?date=20260901&eid=4808926&g=match&m=winner,https://www.oddstrader.com/atp/?date=20260901&eid=4808926&g=match&m=merged
2026-09-01,4808926,2026-09-01T20:25:00+00:00,complete,US Open Men Singles,"New York, NY",Grandstand,Lorenzo Musetti,121895,Arthur Fery,360289,match,winner,126,closing,BetOnline,8,1096,Lorenzo Musetti,121895,10916608,0,-355,1.2817,2026-09-01T19:44:12+00:00,40.8,False,https://www.oddstrader.com/atp/?date=20260901&eid=4808926&g=match&m=winner,https://www.oddstrader.com/atp/?date=20260901&eid=4808926&g=match&m=merged
2026-09-01,4808926,2026-09-01T20:25:00+00:00,complete,US Open Men Singles,"New York, NY",Grandstand,Lorenzo Musetti,121895,Arthur Fery,360289,match,winner,126,opening,BetOnline,8,1096,Lorenzo Musetti,121895,10916608,0,-400,1.25,2026-08-28T10:36:21+00:00,6348.65,False,https://www.oddstrader.com/atp/?date=20260901&eid=4808926&g=match&m=winner,https://www.oddstrader.com/atp/?date=20260901&eid=4808926&g=match&m=merged
2026-09-01,4808926,2026-09-01T20:25:00+00:00,complete,US Open Men Singles,"New York, NY",Grandstand,Lorenzo Musetti,121895,Arthur Fery,360289,match,winner,126,closing,Bookmaker,10,93,Arthur Fery,360289,10970703,0,306,4.06,2026-08-28T17:07:16+00:00,5957.733,False,https://www.oddstrader.com/atp/?date=20260901&eid=4808926&g=match&m=winner,https://www.oddstrader.com/atp/?date=20260901&eid=4808926&g=match&m=merged
2026-09-01,4808926,2026-09-01T20:25:00+00:00,complete,US Open Men Singles,"New York, NY",Grandstand,Lorenzo Musetti,121895,Arthur Fery,360289,match,winner,126,opening,Bookmaker,10,93,Arthur Fery,360289,10970703,0,306,4.06,2026-08-27T23:57:18+00:00,6987.7,False,https://www.oddstrader.com/atp/?date=20260901&eid=4808926&g=match&m=winner,https://www.oddstrader.com/atp/?date=20260901&eid=4808926&g=match&m=merged
2026-09-01,4808926,2026-09-01T20:25:00+00:00,complete,US Open Men Singles,"New York, NY",Grandstand,Lorenzo Musetti,121895,Arthur Fery,360289,match,winner,126,closing,Bookmaker,10,93,Lorenzo Musetti,121895,10916608,0,-417,1.2398,2026-08-28T17:07:16+00:00,5957.733,False,https://www.oddstrader.com/atp/?date=20260901&eid=4808926&g=match&m=winner,https://www.oddstrader.com/atp/?date=20260901&eid=4808926&g=match&m=merged
2026-09-01,4808926,2026-09-01T20:25:00+00:00,complete,US Open Men Singles,"New York, NY",Grandstand,Lorenzo Musetti,121895,Arthur Fery,360289,match,winner,126,opening,Bookmaker,10,93,Lorenzo Musetti,121895,10916608,0,-417,1.2398,2026-08-27T23:57:18+00:00,6987.7,False,https://www.oddstrader.com/atp/?date=20260901&eid=4808926&g=match&m=winner,https://www.oddstrader.com/atp/?date=20260901&eid=4808926&g=match&m=merged
2026-09-01,4808926,2026-09-01T20:25:00+00:00,complete,US Open Men Singles,"New York, NY",Grandstand,Lorenzo Musetti,121895,Arthur Fery,360289,match,winner,126,closing,Bovada,9,1618,Arthur Fery,360289,10970703,0,275,3.75,2026-09-01T19:50:30+00:00,34.5,False,https://www.oddstrader.com/atp/?date=20260901&eid=4808926&g=match&m=winner,https://www.oddstrader.com/atp/?date=20260901&eid=4808926&g=match&m=merged
2026-09-01,4808926,2026-09-01T20:25:00+00:00,complete,US Open Men Singles,"New York, NY",Grandstand,Lorenzo Musetti,121895,Arthur Fery,360289,match,winner,126,opening,Bovada,9,1618,Arthur Fery,360289,10970703,0,240,3.4,2026-08-27T19:22:22+00:00,7262.633,False,https://www.oddstrader.com/atp/?date=20260901&eid=4808926&g=match&m=winner,https://www.oddstrader.com/atp/?date=20260901&eid=4808926&g=match&m=merged
2026-09-01,4808926,2026-09-01T20:25:00+00:00,complete,US Open Men Singles,"New York, NY",Grandstand,Lorenzo Musetti,121895,Arthur Fery,360289,match,winner,126,closing,Bovada,9,1618,Lorenzo Musetti,121895,10916608,0,-350,1.2857,2026-09-01T19:50:30+00:00,34.5,False,https://www.oddstrader.com/atp/?date=20260901&eid=4808926&g=match&m=winner,https://www.oddstrader.com/atp/?date=20260901&eid=4808926&g=match&m=merged
2026-09-01,4808926,2026-09-01T20:25:00+00:00,complete,US Open Men Singles,"New York, NY",Grandstand,Lorenzo Musetti,121895,Arthur Fery,360289,match,winner,126,opening,Bovada,9,1618,Lorenzo Musetti,121895,10916608,0,-300,1.3333,2026-08-27T19:22:22+00:00,7262.633,False,https://www.oddstrader.com/atp/?date=20260901&eid=4808926&g=match&m=winner,https://www.oddstrader.com/atp/?date=20260901&eid=4808926&g=match&m=merged
2026-09-01,4808926,2026-09-01T20:25:00+00:00,complete,US Open Men Singles,"New York, NY",Grandstand,Lorenzo Musetti,121895,Arthur Fery,360289,match,winner,126,closing,Everygame,29,180,Arthur Fery,360289,10970703,0,280,3.8,2026-09-01T15:19:13+00:00,305.783,False,https://www.oddstrader.com/atp/?date=20260901&eid=4808926&g=match&m=winner,https://www.oddstrader.com/atp/?date=20260901&eid=4808926&g=match&m=merged
2026-09-01,4808926,2026-09-01T20:25:00+00:00,complete,US Open Men Singles,"New York, NY",Grandstand,Lorenzo Musetti,121895,Arthur Fery,360289,match,winner,126,opening,Everygame,29,180,Arthur Fery,360289,10970703,0,320,4.2,2026-08-28T10:37:40+00:00,6347.333,False,https://www.oddstrader.com/atp/?date=20260901&eid=4808926&g=match&m=winner,https://www.oddstrader.com/atp/?date=20260901&eid=4808926&g=match&m=merged
2026-09-01,4808926,2026-09-01T20:25:00+00:00,complete,US Open Men Singles,"New York, NY",Grandstand,Lorenzo Musetti,121895,Arthur Fery,360289,match,winner,126,closing,Everygame,29,180,Lorenzo Musetti,121895,10916608,0,-400,1.25,2026-09-01T15:19:13+00:00,305.783,False,https://www.oddstrader.com/atp/?date=20260901&eid=4808926&g=match&m=winner,https://www.oddstrader.com/atp/?date=20260901&eid=4808926&g=match&m=merged
2026-09-01,4808926,2026-09-01T20:25:00+00:00,complete,US Open Men Singles,"New York, NY",Grandstand,Lorenzo Musetti,121895,Arthur Fery,360289,match,winner,126,opening,Everygame,29,180,Lorenzo Musetti,121895,10916608,0,-455,1.22,2026-08-28T10:37:40+00:00,6347.333,False,https://www.oddstrader.com/atp/?date=20260901&eid=4808926&g=match&m=winner,https://www.oddstrader.com/atp/?date=20260901&eid=4808926&g=match&m=merged
2026-09-01,4808926,2026-09-01T20:25:00+00:00,complete,US Open Men Singles,"New York, NY",Grandstand,Lorenzo Musetti,121895,Arthur Fery,360289,match,winner,126,opening,Heritage,44,169,Arthur Fery,360289,10970703,0,254,3.54,2026-08-27T20:13:22+00:00,7211.633,False,https://www.oddstrader.com/atp/?date=20260901&eid=4808926&g=match&m=winner,https://www.oddstrader.com/atp/?date=20260901&eid=4808926&g=match&m=merged
2026-09-01,4808926,2026-09-01T20:25:00+00:00,complete,US Open Men Singles,"New York, NY",Grandstand,Lorenzo Musetti,121895,Arthur Fery,360289,match,winner,126,opening,Heritage,44,169,Lorenzo Musetti,121895,10916608,0,-332,1.301,2026-08-27T20:13:22+00:00,7211.633,False,https://www.oddstrader.com/atp/?date=20260901&eid=4808926&g=match&m=winner,https://www.oddstrader.com/atp/?date=20260901&eid=4808926&g=match&m=merged
2026-09-01,4808926,2026-09-01T20:25:00+00:00,complete,US Open Men Singles,"New York, NY",Grandstand,Lorenzo Musetti,121895,Arthur Fery,360289,match,winner,126,closing,JustBet,16,1275,Arthur Fery,360289,10970703,0,306,4.06,2026-08-28T17:07:16+00:00,5957.733,False,https://www.oddstrader.com/atp/?date=20260901&eid=4808926&g=match&m=winner,https://www.oddstrader.com/atp/?date=20260901&eid=4808926&g=match&m=merged
2026-09-01,4808926,2026-09-01T20:25:00+00:00,complete,US Open Men Singles,"New York, NY",Grandstand,Lorenzo Musetti,121895,Arthur Fery,360289,match,winner,126,opening,JustBet,16,1275,Arthur Fery,360289,10970703,0,306,4.06,2026-08-27T23:57:52+00:00,6987.133,False,https://www.oddstrader.com/atp/?date=20260901&eid=4808926&g=match&m=winner,https://www.oddstrader.com/atp/?date=20260901&eid=4808926&g=match&m=merged
2026-09-01,4808926,2026-09-01T20:25:00+00:00,complete,US Open Men Singles,"New York, NY",Grandstand,Lorenzo Musetti,121895,Arthur Fery,360289,match,winner,126,closing,JustBet,16,1275,Lorenzo Musetti,121895,10916608,0,-417,1.2398,2026-08-28T17:07:16+00:00,5957.733,False,https://www.oddstrader.com/atp/?date=20260901&eid=4808926&g=match&m=winner,https://www.oddstrader.com/atp/?date=20260901&eid=4808926&g=match&m=merged
2026-09-01,4808926,2026-09-01T20:25:00+00:00,complete,US Open Men Singles,"New York, NY",Grandstand,Lorenzo Musetti,121895,Arthur Fery,360289,match,winner,126,opening,JustBet,16,1275,Lorenzo Musetti,121895,10916608,0,-417,1.2398,2026-08-27T23:57:52+00:00,6987.133,False,https://www.oddstrader.com/atp/?date=20260901&eid=4808926&g=match&m=winner,https://www.oddstrader.com/atp/?date=20260901&eid=4808926&g=match&m=merged
2026-09-01,4808926,2026-09-01T20:25:00+00:00,complete,US Open Men Singles,"New York, NY",Grandstand,Lorenzo Musetti,121895,Arthur Fery,360289,match,winner,126,closing,MyBookie,82,1680,Arthur Fery,360289,10970703,0,310,4.1,2026-09-01T11:33:43+00:00,531.283,True,https://www.oddstrader.com/atp/?date=20260901&eid=4808926&g=match&m=winner,https://www.oddstrader.com/atp/?date=20260901&eid=4808926&g=match&m=merged
2026-09-01,4808926,2026-09-01T20:25:00+00:00,complete,US Open Men Singles,"New York, NY",Grandstand,Lorenzo Musetti,121895,Arthur Fery,360289,match,winner,126,opening,MyBookie,82,1680,Arthur Fery,360289,10970703,0,232,3.32,2026-08-27T19:52:04+00:00,7232.933,False,https://www.oddstrader.com/atp/?date=20260901&eid=4808926&g=match&m=winner,https://www.oddstrader.com/atp/?date=20260901&eid=4808926&g=match&m=merged
2026-09-01,4808926,2026-09-01T20:25:00+00:00,complete,US Open Men Singles,"New York, NY",Grandstand,Lorenzo Musetti,121895,Arthur Fery,360289,match,winner,126,closing,MyBookie,82,1680,Lorenzo Musetti,121895,10916608,0,-420,1.2381,2026-09-01T13:29:22+00:00,415.633,True,https://www.oddstrader.com/atp/?date=20260901&eid=4808926&g=match&m=winner,https://www.oddstrader.com/atp/?date=20260901&eid=4808926&g=match&m=merged
2026-09-01,4808926,2026-09-01T20:25:00+00:00,complete,US Open Men Singles,"New York, NY",Grandstand,Lorenzo Musetti,121895,Arthur Fery,360289,match,winner,126,opening,MyBookie,82,1680,Lorenzo Musetti,121895,10916608,0,-350,1.2857,2026-08-27T19:52:04+00:00,7232.933,False,https://www.oddstrader.com/atp/?date=20260901&eid=4808926&g=match&m=winner,https://www.oddstrader.com/atp/?date=20260901&eid=4808926&g=match&m=merged
2026-09-01,4808926,2026-09-01T20:25:00+00:00,complete,US Open Men Singles,"New York, NY",Grandstand,Lorenzo Musetti,121895,Arthur Fery,360289,match,winner,126,closing,SportsBetting,131,99,Arthur Fery,360289,10970703,0,285,3.85,2026-09-01T19:44:12+00:00,40.8,False,https://www.oddstrader.com/atp/?date=20260901&eid=4808926&g=match&m=winner,https://www.oddstrader.com/atp/?date=20260901&eid=4808926&g=match&m=merged
2026-09-01,4808926,2026-09-01T20:25:00+00:00,complete,US Open Men Singles,"New York, NY",Grandstand,Lorenzo Musetti,121895,Arthur Fery,360289,match,winner,126,opening,SportsBetting,131,99,Arthur Fery,360289,10970703,0,320,4.2,2026-08-28T10:36:21+00:00,6348.65,False,https://www.oddstrader.com/atp/?date=20260901&eid=4808926&g=match&m=winner,https://www.oddstrader.com/atp/?date=20260901&eid=4808926&g=match&m=merged
2026-09-01,4808926,2026-09-01T20:25:00+00:00,complete,US Open Men Singles,"New York, NY",Grandstand,Lorenzo Musetti,121895,Arthur Fery,360289,match,winner,126,closing,SportsBetting,131,99,Lorenzo Musetti,121895,10916608,0,-355,1.2817,2026-09-01T19:44:12+00:00,40.8,False,https://www.oddstrader.com/atp/?date=20260901&eid=4808926&g=match&m=winner,https://www.oddstrader.com/atp/?date=20260901&eid=4808926&g=match&m=merged
2026-09-01,4808926,2026-09-01T20:25:00+00:00,complete,US Open Men Singles,"New York, NY",Grandstand,Lorenzo Musetti,121895,Arthur Fery,360289,match,winner,126,opening,SportsBetting,131,99,Lorenzo Musetti,121895,10916608,0,-400,1.25,2026-08-28T10:36:21+00:00,6348.65,False,https://www.oddstrader.com/atp/?date=20260901&eid=4808926&g=match&m=winner,https://www.oddstrader.com/atp/?date=20260901&eid=4808926&g=match&m=merged
2026-09-01,4808962,2026-09-01T20:55:00+00:00,complete,US Open Men Singles,"New York, NY",Court 4,Francesco Passaro,188915,Jesper De Jong,72997,1st-set,winner,279,closing,BetOnline,8,1096,Francesco Passaro,188915,10923774,0,-105,1.9524,2026-08-29T19:23:43+00:00,4411.283,False,https://www.oddstrader.com/atp/?date=20260901&eid=4808962&g=1st-set&m=winner,https://www.oddstrader.com/atp/?date=20260901&eid=4808962&g=1st-set&m=merged
2026-09-01,4808962,2026-09-01T20:55:00+00:00,complete,US Open Men Singles,"New York, NY",Court 4,Francesco Passaro,188915,Jesper De Jong,72997,1st-set,winner,279,opening,BetOnline,8,1096,Francesco Passaro,188915,10923774,0,105,2.05,2026-08-29T09:30:20+00:00,5004.667,False,https://www.oddstrader.com/atp/?date=20260901&eid=4808962&g=1st-set&m=winner,https://www.oddstrader.com/atp/?date=20260901&eid=4808962&g=1st-set&m=merged
2026-09-01,4808962,2026-09-01T20:55:00+00:00,complete,US Open Men Singles,"New York, NY",Court 4,Francesco Passaro,188915,Jesper De Jong,72997,1st-set,winner,279,closing,BetOnline,8,1096,Jesper De Jong,72997,10920840,0,-115,1.8696,2026-08-29T19:23:43+00:00,4411.283,False,https://www.oddstrader.com/atp/?date=20260901&eid=4808962&g=1st-set&m=winner,https://www.oddstrader.com/atp/?date=20260901&eid=4808962&g=1st-set&m=merged
2026-09-01,4808962,2026-09-01T20:55:00+00:00,complete,US Open Men Singles,"New York, NY",Court 4,Francesco Passaro,188915,Jesper De Jong,72997,1st-set,winner,279,opening,BetOnline,8,1096,Jesper De Jong,72997,10920840,0,-125,1.8,2026-08-29T09:30:20+00:00,5004.667,False,https://www.oddstrader.com/atp/?date=20260901&eid=4808962&g=1st-set&m=winner,https://www.oddstrader.com/atp/?date=20260901&eid=4808962&g=1st-set&m=merged
2026-09-01,4808962,2026-09-01T20:55:00+00:00,complete,US Open Men Singles,"New York, NY",Court 4,Francesco Passaro,188915,Jesper De Jong,72997,1st-set,winner,279,closing,SportsBetting,131,99,Francesco Passaro,188915,10923774,0,-105,1.9524,2026-08-29T19:23:43+00:00,4411.283,False,https://www.oddstrader.com/atp/?date=20260901&eid=4808962&g=1st-set&m=winner,https://www.oddstrader.com/atp/?date=20260901&eid=4808962&g=1st-set&m=merged
2026-09-01,4808962,2026-09-01T20:55:00+00:00,complete,US Open Men Singles,"New York, NY",Court 4,Francesco Passaro,188915,Jesper De Jong,72997,1st-set,winner,279,opening,SportsBetting,131,99,Francesco Passaro,188915,10923774,0,105,2.05,2026-08-29T09:30:20+00:00,5004.667,False,https://www.oddstrader.com/atp/?date=20260901&eid=4808962&g=1st-set&m=winner,https://www.oddstrader.com/atp/?date=20260901&eid=4808962&g=1st-set&m=merged
2026-09-01,4808962,2026-09-01T20:55:00+00:00,complete,US Open Men Singles,"New York, NY",Court 4,Francesco Passaro,188915,Jesper De Jong,72997,1st-set,winner,279,closing,SportsBetting,131,99,Jesper De Jong,72997,10920840,0,-115,1.8696,2026-08-29T19:23:43+00:00,4411.283,False,https://www.oddstrader.com/atp/?date=20260901&eid=4808962&g=1st-set&m=winner,https://www.oddstrader.com/atp/?date=20260901&eid=4808962&g=1st-set&m=merged
2026-09-01,4808962,2026-09-01T20:55:00+00:00,complete,US Open Men Singles,"New York, NY",Court 4,Francesco Passaro,188915,Jesper De Jong,72997,1st-set,winner,279,opening,SportsBetting,131,99,Jesper De Jong,72997,10920840,0,-125,1.8,2026-08-29T09:30:20+00:00,5004.667,False,https://www.oddstrader.com/atp/?date=20260901&eid=4808962&g=1st-set&m=winner,https://www.oddstrader.com/atp/?date=20260901&eid=4808962&g=1st-set&m=merged
2026-09-01,4808962,2026-09-01T20:55:00+00:00,complete,US Open Men Singles,"New York, NY",Court 4,Francesco Passaro,188915,Jesper De Jong,72997,match,spread,395,opening,Bet105,130,3174,Francesco Passaro,188915,10950021,1.5,-106,1.943,2026-08-29T09:02:39+00:00,5032.35,False,https://www.oddstrader.com/atp/?date=20260901&eid=4808962&g=match&m=spread,https://www.oddstrader.com/atp/?date=20260901&eid=4808962&g=match&m=merged
2026-09-01,4808962,2026-09-01T20:55:00+00:00,complete,US Open Men Singles,"New York, NY",Court 4,Francesco Passaro,188915,Jesper De Jong,72997,match,spread,395,opening,Bet105,130,3174,Jesper De Jong,72997,10922141,-1.5,-112,1.893,2026-08-29T09:02:39+00:00,5032.35,False,https://www.oddstrader.com/atp/?date=20260901&eid=4808962&g=match&m=spread,https://www.oddstrader.com/atp/?date=20260901&eid=4808962&g=match&m=merged
2026-09-01,4808962,2026-09-01T20:55:00+00:00,complete,US Open Men Singles,"New York, NY",Court 4,Francesco Passaro,188915,Jesper De Jong,72997,match,spread,395,closing,BetAnything,123,1061,Francesco Passaro,188915,10950021,1.5,-110,1.9091,2026-08-29T19:28:57+00:00,4406.05,False,https://www.oddstrader.com/atp/?date=20260901&eid=4808962&g=match&m=spread,https://www.oddstrader.com/atp/?date=20260901&eid=4808962&g=match&m=merged
2026-09-01,4808962,2026-09-01T20:55:00+00:00,complete,US Open Men Singles,"New York, NY",Court 4,Francesco Passaro,188915,Jesper De Jong,72997,match,spread,395,opening,BetAnything,123,1061,Francesco Passaro,188915,10950022,2.5,-120,1.8333,2026-08-29T12:51:25+00:00,4803.583,False,https://www.oddstrader.com/atp/?date=20260901&eid=4808962&g=match&m=spread,https://www.oddstrader.com/atp/?date=20260901&eid=4808962&g=match&m=merged
2026-09-01,4808962,2026-09-01T20:55:00+00:00,complete,US Open Men Singles,"New York, NY",Court 4,Francesco Passaro,188915,Jesper De Jong,72997,match,spread,395,closing,BetAnything,123,1061,Jesper De Jong,72997,10922141,-1.5,-120,1.8333,2026-08-29T19:28:57+00:00,4406.05,False,https://www.oddstrader.com/atp/?date=20260901&eid=4808962&g=match&m=spread,https://www.oddstrader.com/atp/?date=20260901&eid=4808962&g=match&m=merged
2026-09-01,4808962,2026-09-01T20:55:00+00:00,complete,US Open Men Singles,"New York, NY",Court 4,Francesco Passaro,188915,Jesper De Jong,72997,match,spread,395,opening,BetAnything,123,1061,Jesper De Jong,72997,10923820,-2.5,-110,1.9091,2026-08-29T12:51:25+00:00,4803.583,False,https://www.oddstrader.com/atp/?date=20260901&eid=4808962&g=match&m=spread,https://www.oddstrader.com/atp/?date=20260901&eid=4808962&g=match&m=merged
2026-09-01,4808962,2026-09-01T20:55:00+00:00,complete,US Open Men Singles,"New York, NY",Court 4,Francesco Passaro,188915,Jesper De Jong,72997,match,spread,395,opening,BetOnline,8,1096,Francesco Passaro,188915,10950022,2.5,-110,1.9091,2026-08-29T09:30:20+00:00,5004.667,False,https://www.oddstrader.com/atp/?date=20260901&eid=4808962&g=match&m=spread,https://www.oddstrader.com/atp/?date=20260901&eid=4808962&g=match&m=merged
2026-09-01,4808962,2026-09-01T20:55:00+00:00,complete,US Open Men Singles,"New York, NY",Court 4,Francesco Passaro,188915,Jesper De Jong,72997,match,spread,395,opening,BetOnline,8,1096,Jesper De Jong,72997,10923820,-2.5,-110,1.9091,2026-08-29T09:30:20+00:00,5004.667,False,https://www.oddstrader.com/atp/?date=20260901&eid=4808962&g=match&m=spread,https://www.oddstrader.com/atp/?date=20260901&eid=4808962&g=match&m=merged
2026-09-01,4808962,2026-09-01T20:55:00+00:00,complete,US Open Men Singles,"New York, NY",Court 4,Francesco Passaro,188915,Jesper De Jong,72997,match,spread,395,opening,Bovada,9,1618,Francesco Passaro,188915,10950032,0.5,-120,1.8333,2026-08-28T22:06:54+00:00,5688.1,False,https://www.oddstrader.com/atp/?date=20260901&eid=4808962&g=match&m=spread,https://www.oddstrader.com/atp/?date=20260901&eid=4808962&g=match&m=merged
2026-09-01,4808962,2026-09-01T20:55:00+00:00,complete,US Open Men Singles,"New York, NY",Court 4,Francesco Passaro,188915,Jesper De Jong,72997,match,spread,395,opening,Bovada,9,1618,Jesper De Jong,72997,10922722,-0.5,-110,1.9091,2026-08-28T22:06:54+00:00,5688.1,False,https://www.oddstrader.com/atp/?date=20260901&eid=4808962&g=match&m=spread,https://www.oddstrader.com/atp/?date=20260901&eid=4808962&g=match&m=merged
2026-09-01,4808962,2026-09-01T20:55:00+00:00,complete,US Open Men Singles,"New York, NY",Court 4,Francesco Passaro,188915,Jesper De Jong,72997,match,spread,395,closing,Everygame,29,180,Francesco Passaro,188915,10950021,1.5,-111,1.9,2026-09-01T11:34:04+00:00,560.933,False,https://www.oddstrader.com/atp/?date=20260901&eid=4808962&g=match&m=spread,https://www.oddstrader.com/atp/?date=20260901&eid=4808962&g=match&m=merged
2026-09-01,4808962,2026-09-01T20:55:00+00:00,complete,US Open Men Singles,"New York, NY",Court 4,Francesco Passaro,188915,Jesper De Jong,72997,match,spread,395,opening,Everygame,29,180,Francesco Passaro,188915,10950022,2.5,-118,1.85,2026-08-29T09:24:56+00:00,5010.067,False,https://www.oddstrader.com/atp/?date=20260901&eid=4808962&g=match&m=spread,https://www.oddstrader.com/atp/?date=20260901&eid=4808962&g=match&m=merged
2026-09-01,4808962,2026-09-01T20:55:00+00:00,complete,US Open Men Singles,"New York, NY",Court 4,Francesco Passaro,188915,Jesper De Jong,72997,match,spread,395,closing,Everygame,29,180,Jesper De Jong,72997,10922141,-1.5,-125,1.8,2026-09-01T11:34:04+00:00,560.933,False,https://www.oddstrader.com/atp/?date=20260901&eid=4808962&g=match&m=spread,https://www.oddstrader.com/atp/?date=20260901&eid=4808962&g=match&m=merged
2026-09-01,4808962,2026-09-01T20:55:00+00:00,complete,US Open Men Singles,"New York, NY",Court 4,Francesco Passaro,188915,Jesper De Jong,72997,match,spread,395,opening,Everygame,29,180,Jesper De Jong,72997,10923820,-2.5,-118,1.85,2026-08-29T09:24:56+00:00,5010.067,False,https://www.oddstrader.com/atp/?date=20260901&eid=4808962&g=match&m=spread,https://www.oddstrader.com/atp/?date=20260901&eid=4808962&g=match&m=merged
2026-09-01,4808962,2026-09-01T20:55:00+00:00,complete,US Open Men Singles,"New York, NY",Court 4,Francesco Passaro,188915,Jesper De Jong,72997,match,spread,395,opening,Heritage,44,169,Francesco Passaro,188915,10950032,0.5,-124,1.806,2026-08-29T01:10:37+00:00,5504.383,False,https://www.oddstrader.com/atp/?date=20260901&eid=4808962&g=match&m=spread,https://www.oddstrader.com/atp/?date=20260901&eid=4808962&g=match&m=merged
2026-09-01,4808962,2026-09-01T20:55:00+00:00,complete,US Open Men Singles,"New York, NY",Court 4,Francesco Passaro,188915,Jesper De Jong,72997,match,spread,395,opening,Heritage,44,169,Jesper De Jong,72997,10922722,-0.5,-112,1.893,2026-08-29T01:10:37+00:00,5504.383,False,https://www.oddstrader.com/atp/?date=20260901&eid=4808962&g=match&m=spread,https://www.oddstrader.com/atp/?date=20260901&eid=4808962&g=match&m=merged
2026-09-01,4808962,2026-09-01T20:55:00+00:00,complete,US Open Men Singles,"New York, NY",Court 4,Francesco Passaro,188915,Jesper De Jong,72997,match,spread,395,closing,MyBookie,82,1680,Francesco Passaro,188915,10950021,1.5,-116,1.8621,2026-08-31T16:46:03+00:00,1688.95,False,https://www.oddstrader.com/atp/?date=20260901&eid=4808962&g=match&m=spread,https://www.oddstrader.com/atp/?date=20260901&eid=4808962&g=match&m=merged
2026-09-01,4808962,2026-09-01T20:55:00+00:00,complete,US Open Men Singles,"New York, NY",Court 4,Francesco Passaro,188915,Jesper De Jong,72997,match,spread,395,opening,MyBookie,82,1680,Francesco Passaro,188915,10950021,1.5,-111,1.9009,2026-08-29T15:04:11+00:00,4670.817,False,https://www.oddstrader.com/atp/?date=20260901&eid=4808962&g=match&m=spread,https://www.oddstrader.com/atp/?date=20260901&eid=4808962&g=match&m=merged
2026-09-01,4808962,2026-09-01T20:55:00+00:00,complete,US Open Men Singles,"New York, NY",Court 4,Francesco Passaro,188915,Jesper De Jong,72997,match,spread,395,closing,MyBookie,82,1680,Jesper De Jong,72997,10922141,-1.5,-119,1.8403,2026-08-31T16:46:03+00:00,1688.95,False,https://www.oddstrader.com/atp/?date=20260901&eid=4808962&g=match&m=spread,https://www.oddstrader.com/atp/?date=20260901&eid=4808962&g=match&m=merged
2026-09-01,4808962,2026-09-01T20:55:00+00:00,complete,US Open Men Singles,"New York, NY",Court 4,Francesco Passaro,188915,Jesper De Jong,72997,match,spread,395,opening,MyBookie,82,1680,Jesper De Jong,72997,10922141,-1.5,-130,1.7692,2026-08-29T15:04:11+00:00,4670.817,False,https://www.oddstrader.com/atp/?date=20260901&eid=4808962&g=match&m=spread,https://www.oddstrader.com/atp/?date=20260901&eid=4808962&g=match&m=merged
2026-09-01,4808962,2026-09-01T20:55:00+00:00,complete,US Open Men Singles,"New York, NY",Court 4,Francesco Passaro,188915,Jesper De Jong,72997,match,spread,395,opening,SportsBetting,131,99,Francesco Passaro,188915,10950022,2.5,-110,1.9091,2026-08-29T09:30:20+00:00,5004.667,False,https://www.oddstrader.com/atp/?date=20260901&eid=4808962&g=match&m=spread,https://www.oddstrader.com/atp/?date=20260901&eid=4808962&g=match&m=merged
2026-09-01,4808962,2026-09-01T20:55:00+00:00,complete,US Open Men Singles,"New York, NY",Court 4,Francesco Passaro,188915,Jesper De Jong,72997,match,spread,395,opening,SportsBetting,131,99,Jesper De Jong,72997,10923820,-2.5,-110,1.9091,2026-08-29T09:30:20+00:00,5004.667,False,https://www.oddstrader.com/atp/?date=20260901&eid=4808962&g=match&m=spread,https://www.oddstrader.com/atp/?date=20260901&eid=4808962&g=match&m=merged
2026-09-01,4808962,2026-09-01T20:55:00+00:00,complete,US Open Men Singles,"New York, NY",Court 4,Francesco Passaro,188915,Jesper De Jong,72997,match,total,396,opening,Bet105,130,3174,option_15143,15143,119617,39.5,-105,1.952,2026-08-29T09:02:39+00:00,5032.35,False,https://www.oddstrader.com/atp/?date=20260901&eid=4808962&g=match&m=total,https://www.oddstrader.com/atp/?date=20260901&eid=4808962&g=match&m=merged
2026-09-01,4808962,2026-09-01T20:55:00+00:00,complete,US Open Men Singles,"New York, NY",Court 4,Francesco Passaro,188915,Jesper De Jong,72997,match,total,396,opening,Bet105,130,3174,option_15144,15144,119687,39.5,-113,1.885,2026-08-29T09:02:39+00:00,5032.35,False,https://www.oddstrader.com/atp/?date=20260901&eid=4808962&g=match&m=total,https://www.oddstrader.com/atp/?date=20260901&eid=4808962&g=match&m=merged
2026-09-01,4808962,2026-09-01T20:55:00+00:00,complete,US Open Men Singles,"New York, NY",Court 4,Francesco Passaro,188915,Jesper De Jong,72997,match,total,396,closing,BetAnything,123,1061,option_15143,15143,119617,39.5,-115,1.8696,2026-09-01T18:50:43+00:00,124.283,False,https://www.oddstrader.com/atp/?date=20260901&eid=4808962&g=match&m=total,https://www.oddstrader.com/atp/?date=20260901&eid=4808962&g=match&m=merged
2026-09-01,4808962,2026-09-01T20:55:00+00:00,complete,US Open Men Singles,"New York, NY",Court 4,Francesco Passaro,188915,Jesper De Jong,72997,match,total,396,opening,BetAnything,123,1061,option_15143,15143,119616,39,-115,1.8696,2026-08-29T12:51:25+00:00,4803.583,False,https://www.oddstrader.com/atp/?date=20260901&eid=4808962&g=match&m=total,https://www.oddstrader.com/atp/?date=20260901&eid=4808962&g=match&m=merged
2026-09-01,4808962,2026-09-01T20:55:00+00:00,complete,US Open Men Singles,"New York, NY",Court 4,Francesco Passaro,188915,Jesper De Jong,72997,match,total,396,closing,BetAnything,123,1061,option_15144,15144,119687,39.5,-115,1.8696,2026-09-01T18:50:43+00:00,124.283,False,https://www.oddstrader.com/atp/?date=20260901&eid=4808962&g=match&m=total,https://www.oddstrader.com/atp/?date=20260901&eid=4808962&g=match&m=merged
2026-09-01,4808962,2026-09-01T20:55:00+00:00,complete,US Open Men Singles,"New York, NY",Court 4,Francesco Passaro,188915,Jesper De Jong,72997,match,total,396,opening,BetAnything,123,1061,option_15144,15144,119686,39,-115,1.8696,2026-08-29T12:51:25+00:00,4803.583,False,https://www.oddstrader.com/atp/?date=20260901&eid=4808962&g=match&m=total,https://www.oddstrader.com/atp/?date=20260901&eid=4808962&g=match&m=merged
2026-09-01,4808962,2026-09-01T20:55:00+00:00,complete,US Open Men Singles,"New York, NY",Court 4,Francesco Passaro,188915,Jesper De Jong,72997,match,total,396,closing,BetOnline,8,1096,option_15143,15143,119617,39.5,-110,1.9091,2026-09-01T18:53:04+00:00,121.933,False,https://www.oddstrader.com/atp/?date=20260901&eid=4808962&g=match&m=total,https://www.oddstrader.com/atp/?date=20260901&eid=4808962&g=match&m=merged
2026-09-01,4808962,2026-09-01T20:55:00+00:00,complete,US Open Men Singles,"New York, NY",Court 4,Francesco Passaro,188915,Jesper De Jong,72997,match,total,396,opening,BetOnline,8,1096,option_15143,15143,119615,38.5,-120,1.8333,2026-08-29T09:30:20+00:00,5004.667,False,https://www.oddstrader.com/atp/?date=20260901&eid=4808962&g=match&m=total,https://www.oddstrader.com/atp/?date=20260901&eid=4808962&g=match&m=merged
2026-09-01,4808962,2026-09-01T20:55:00+00:00,complete,US Open Men Singles,"New York, NY",Court 4,Francesco Passaro,188915,Jesper De Jong,72997,match,total,396,closing,BetOnline,8,1096,option_15144,15144,119687,39.5,-110,1.9091,2026-09-01T18:53:04+00:00,121.933,False,https://www.oddstrader.com/atp/?date=20260901&eid=4808962&g=match&m=total,https://www.oddstrader.com/atp/?date=20260901&eid=4808962&g=match&m=merged
2026-09-01,4808962,2026-09-01T20:55:00+00:00,complete,US Open Men Singles,"New York, NY",Court 4,Francesco Passaro,188915,Jesper De Jong,72997,match,total,396,opening,BetOnline,8,1096,option_15144,15144,119685,38.5,100,2,2026-08-29T09:30:20+00:00,5004.667,False,https://www.oddstrader.com/atp/?date=20260901&eid=4808962&g=match&m=total,https://www.oddstrader.com/atp/?date=20260901&eid=4808962&g=match&m=merged
2026-09-01,4808962,2026-09-01T20:55:00+00:00,complete,US Open Men Singles,"New York, NY",Court 4,Francesco Passaro,188915,Jesper De Jong,72997,match,total,396,closing,Bovada,9,1618,option_15143,15143,119617,39.5,-115,1.87,2026-09-01T06:48:52+00:00,846.133,False,https://www.oddstrader.com/atp/?date=20260901&eid=4808962&g=match&m=total,https://www.oddstrader.com/atp/?date=20260901&eid=4808962&g=match&m=merged
2026-09-01,4808962,2026-09-01T20:55:00+00:00,complete,US Open Men Singles,"New York, NY",Court 4,Francesco Passaro,188915,Jesper De Jong,72997,match,total,396,opening,Bovada,9,1618,option_15143,15143,119617,39.5,-115,1.87,2026-08-28T23:55:37+00:00,5579.383,False,https://www.oddstrader.com/atp/?date=20260901&eid=4808962&g=match&m=total,https://www.oddstrader.com/atp/?date=20260901&eid=4808962&g=match&m=merged
2026-09-01,4808962,2026-09-01T20:55:00+00:00,complete,US Open Men Singles,"New York, NY",Court 4,Francesco Passaro,188915,Jesper De Jong,72997,match,total,396,closing,Bovada,9,1618,option_15144,15144,119687,39.5,-115,1.87,2026-09-01T06:48:52+00:00,846.133,False,https://www.oddstrader.com/atp/?date=20260901&eid=4808962&g=match&m=total,https://www.oddstrader.com/atp/?date=20260901&eid=4808962&g=match&m=merged
2026-09-01,4808962,2026-09-01T20:55:00+00:00,complete,US Open Men Singles,"New York, NY",Court 4,Francesco Passaro,188915,Jesper De Jong,72997,match,total,396,opening,Bovada,9,1618,option_15144,15144,119687,39.5,-115,1.87,2026-08-28T23:55:37+00:00,5579.383,False,https://www.oddstrader.com/atp/?date=20260901&eid=4808962&g=match&m=total,https://www.oddstrader.com/atp/?date=20260901&eid=4808962&g=match&m=merged
2026-09-01,4808962,2026-09-01T20:55:00+00:00,complete,US Open Men Singles,"New York, NY",Court 4,Francesco Passaro,188915,Jesper De Jong,72997,match,total,396,closing,Everygame,29,180,option_15143,15143,119617,39.5,-118,1.85,2026-09-01T07:28:02+00:00,806.967,False,https://www.oddstrader.com/atp/?date=20260901&eid=4808962&g=match&m=total,https://www.oddstrader.com/atp/?date=20260901&eid=4808962&g=match&m=merged
2026-09-01,4808962,2026-09-01T20:55:00+00:00,complete,US Open Men Singles,"New York, NY",Court 4,Francesco Passaro,188915,Jesper De Jong,72997,match,total,396,opening,Everygame,29,180,option_15143,15143,119617,39.5,-111,1.9,2026-08-29T09:24:56+00:00,5010.067,False,https://www.oddstrader.com/atp/?date=20260901&eid=4808962&g=match&m=total,https://www.oddstrader.com/atp/?date=20260901&eid=4808962&g=match&m=merged
2026-09-01,4808962,2026-09-01T20:55:00+00:00,complete,US Open Men Singles,"New York, NY",Court 4,Francesco Passaro,188915,Jesper De Jong,72997,match,total,396,closing,Everygame,29,180,option_15144,15144,119687,39.5,-118,1.85,2026-09-01T07:28:02+00:00,806.967,False,https://www.oddstrader.com/atp/?date=20260901&eid=4808962&g=match&m=total,https://www.oddstrader.com/atp/?date=20260901&eid=4808962&g=match&m=merged
2026-09-01,4808962,2026-09-01T20:55:00+00:00,complete,US Open Men Singles,"New York, NY",Court 4,Francesco Passaro,188915,Jesper De Jong,72997,match,total,396,opening,Everygame,29,180,option_15144,15144,119687,39.5,-125,1.8,2026-08-29T09:24:56+00:00,5010.067,False,https://www.oddstrader.com/atp/?date=20260901&eid=4808962&g=match&m=total,https://www.oddstrader.com/atp/?date=20260901&eid=4808962&g=match&m=merged
2026-09-01,4808962,2026-09-01T20:55:00+00:00,complete,US Open Men Singles,"New York, NY",Court 4,Francesco Passaro,188915,Jesper De Jong,72997,match,total,396,closing,Heritage,44,169,option_15143,15143,119617,39.5,-119,1.84,2026-08-29T01:10:37+00:00,5504.383,False,https://www.oddstrader.com/atp/?date=20260901&eid=4808962&g=match&m=total,https://www.oddstrader.com/atp/?date=20260901&eid=4808962&g=match&m=merged
2026-09-01,4808962,2026-09-01T20:55:00+00:00,complete,US Open Men Singles,"New York, NY",Court 4,Francesco Passaro,188915,Jesper De Jong,72997,match,total,396,opening,Heritage,44,169,option_15143,15143,119617,39.5,-119,1.84,2026-08-29T01:10:37+00:00,5504.383,False,https://www.oddstrader.com/atp/?date=20260901&eid=4808962&g=match&m=total,https://www.oddstrader.com/atp/?date=20260901&eid=4808962&g=match&m=merged
2026-09-01,4808962,2026-09-01T20:55:00+00:00,complete,US Open Men Singles,"New York, NY",Court 4,Francesco Passaro,188915,Jesper De Jong,72997,match,total,396,closing,Heritage,44,169,option_15144,15144,119687,39.5,-119,1.84,2026-08-29T01:10:37+00:00,5504.383,False,https://www.oddstrader.com/atp/?date=20260901&eid=4808962&g=match&m=total,https://www.oddstrader.com/atp/?date=20260901&eid=4808962&g=match&m=merged
2026-09-01,4808962,2026-09-01T20:55:00+00:00,complete,US Open Men Singles,"New York, NY",Court 4,Francesco Passaro,188915,Jesper De Jong,72997,match,total,396,opening,Heritage,44,169,option_15144,15144,119687,39.5,-119,1.84,2026-08-29T01:10:37+00:00,5504.383,False,https://www.oddstrader.com/atp/?date=20260901&eid=4808962&g=match&m=total,https://www.oddstrader.com/atp/?date=20260901&eid=4808962&g=match&m=merged
2026-09-01,4808962,2026-09-01T20:55:00+00:00,complete,US Open Men Singles,"New York, NY",Court 4,Francesco Passaro,188915,Jesper De Jong,72997,match,total,396,closing,MyBookie,82,1680,option_15143,15143,119617,39.5,-111,1.9009,2026-09-01T16:24:06+00:00,270.9,False,https://www.oddstrader.com/atp/?date=20260901&eid=4808962&g=match&m=total,https://www.oddstrader.com/atp/?date=20260901&eid=4808962&g=match&m=merged
2026-09-01,4808962,2026-09-01T20:55:00+00:00,complete,US Open Men Singles,"New York, NY",Court 4,Francesco Passaro,188915,Jesper De Jong,72997,match,total,396,opening,MyBookie,82,1680,option_15143,15143,119617,39.5,-116,1.8621,2026-08-29T15:04:11+00:00,4670.817,False,https://www.oddstrader.com/atp/?date=20260901&eid=4808962&g=match&m=total,https://www.oddstrader.com/atp/?date=20260901&eid=4808962&g=match&m=merged
2026-09-01,4808962,2026-09-01T20:55:00+00:00,complete,US Open Men Singles,"New York, NY",Court 4,Francesco Passaro,188915,Jesper De Jong,72997,match,total,396,closing,MyBookie,82,1680,option_15144,15144,119687,39.5,-124,1.8065,2026-09-01T16:24:06+00:00,270.9,False,https://www.oddstrader.com/atp/?date=20260901&eid=4808962&g=match&m=total,https://www.oddstrader.com/atp/?date=20260901&eid=4808962&g=match&m=merged
2026-09-01,4808962,2026-09-01T20:55:00+00:00,complete,US Open Men Singles,"New York, NY",Court 4,Francesco Passaro,188915,Jesper De Jong,72997,match,total,396,opening,MyBookie,82,1680,option_15144,15144,119687,39.5,-124,1.8065,2026-08-29T15:04:11+00:00,4670.817,False,https://www.oddstrader.com/atp/?date=20260901&eid=4808962&g=match&m=total,https://www.oddstrader.com/atp/?date=20260901&eid=4808962&g=match&m=merged
2026-09-01,4808962,2026-09-01T20:55:00+00:00,complete,US Open Men Singles,"New York, NY",Court 4,Francesco Passaro,188915,Jesper De Jong,72997,match,total,396,closing,SportsBetting,131,99,option_15143,15143,119617,39.5,-110,1.9091,2026-09-01T18:53:04+00:00,121.933,False,https://www.oddstrader.com/atp/?date=20260901&eid=4808962&g=match&m=total,https://www.oddstrader.com/atp/?date=20260901&eid=4808962&g=match&m=merged
2026-09-01,4808962,2026-09-01T20:55:00+00:00,complete,US Open Men Singles,"New York, NY",Court 4,Francesco Passaro,188915,Jesper De Jong,72997,match,total,396,opening,SportsBetting,131,99,option_15143,15143,119615,38.5,-120,1.8333,2026-08-29T09:30:20+00:00,5004.667,False,https://www.oddstrader.com/atp/?date=20260901&eid=4808962&g=match&m=total,https://www.oddstrader.com/atp/?date=20260901&eid=4808962&g=match&m=merged
2026-09-01,4808962,2026-09-01T20:55:00+00:00,complete,US Open Men Singles,"New York, NY",Court 4,Francesco Passaro,188915,Jesper De Jong,72997,match,total,396,closing,SportsBetting,131,99,option_15144,15144,119687,39.5,-110,1.9091,2026-09-01T18:53:04+00:00,121.933,False,https://www.oddstrader.com/atp/?date=20260901&eid=4808962&g=match&m=total,https://www.oddstrader.com/atp/?date=20260901&eid=4808962&g=match&m=merged
2026-09-01,4808962,2026-09-01T20:55:00+00:00,complete,US Open Men Singles,"New York, NY",Court 4,Francesco Passaro,188915,Jesper De Jong,72997,match,total,396,opening,SportsBetting,131,99,option_15144,15144,119685,38.5,100,2,2026-08-29T09:30:20+00:00,5004.667,False,https://www.oddstrader.com/atp/?date=20260901&eid=4808962&g=match&m=total,https://www.oddstrader.com/atp/?date=20260901&eid=4808962&g=match&m=merged
2026-09-01,4808962,2026-09-01T20:55:00+00:00,complete,US Open Men Singles,"New York, NY",Court 4,Francesco Passaro,188915,Jesper De Jong,72997,match,winner,126,opening,Bet105,130,3174,Francesco Passaro,188915,10923774,0,116,2.16,2026-08-29T09:02:39+00:00,5032.35,False,https://www.oddstrader.com/atp/?date=20260901&eid=4808962&g=match&m=winner,https://www.oddstrader.com/atp/?date=20260901&eid=4808962&g=match&m=merged
2026-09-01,4808962,2026-09-01T20:55:00+00:00,complete,US Open Men Singles,"New York, NY",Court 4,Francesco Passaro,188915,Jesper De Jong,72997,match,winner,126,closing,Bet105,130,3174,Jesper De Jong,72997,10920840,0,-148,1.676,2026-09-01T19:54:02+00:00,60.967,False,https://www.oddstrader.com/atp/?date=20260901&eid=4808962&g=match&m=winner,https://www.oddstrader.com/atp/?date=20260901&eid=4808962&g=match&m=merged
2026-09-01,4808962,2026-09-01T20:55:00+00:00,complete,US Open Men Singles,"New York, NY",Court 4,Francesco Passaro,188915,Jesper De Jong,72997,match,winner,126,opening,Bet105,130,3174,Jesper De Jong,72997,10920840,0,-136,1.735,2026-08-29T09:02:39+00:00,5032.35,False,https://www.oddstrader.com/atp/?date=20260901&eid=4808962&g=match&m=winner,https://www.oddstrader.com/atp/?date=20260901&eid=4808962&g=match&m=merged
2026-09-01,4808962,2026-09-01T20:55:00+00:00,complete,US Open Men Singles,"New York, NY",Court 4,Francesco Passaro,188915,Jesper De Jong,72997,match,winner,126,closing,BetAnything,123,1061,Francesco Passaro,188915,10923774,0,120,2.2,2026-09-01T19:48:01+00:00,66.983,False,https://www.oddstrader.com/atp/?date=20260901&eid=4808962&g=match&m=winner,https://www.oddstrader.com/atp/?date=20260901&eid=4808962&g=match&m=merged
2026-09-01,4808962,2026-09-01T20:55:00+00:00,complete,US Open Men Singles,"New York, NY",Court 4,Francesco Passaro,188915,Jesper De Jong,72997,match,winner,126,opening,BetAnything,123,1061,Francesco Passaro,188915,10923774,0,120,2.2,2026-08-29T12:51:25+00:00,4803.583,False,https://www.oddstrader.com/atp/?date=20260901&eid=4808962&g=match&m=winner,https://www.oddstrader.com/atp/?date=20260901&eid=4808962&g=match&m=merged
2026-09-01,4808962,2026-09-01T20:55:00+00:00,complete,US Open Men Singles,"New York, NY",Court 4,Francesco Passaro,188915,Jesper De Jong,72997,match,winner,126,closing,BetAnything,123,1061,Jesper De Jong,72997,10920840,0,-150,1.6667,2026-09-01T19:48:01+00:00,66.983,False,https://www.oddstrader.com/atp/?date=20260901&eid=4808962&g=match&m=winner,https://www.oddstrader.com/atp/?date=20260901&eid=4808962&g=match&m=merged
2026-09-01,4808962,2026-09-01T20:55:00+00:00,complete,US Open Men Singles,"New York, NY",Court 4,Francesco Passaro,188915,Jesper De Jong,72997,match,winner,126,opening,BetAnything,123,1061,Jesper De Jong,72997,10920840,0,-150,1.6667,2026-08-29T12:51:25+00:00,4803.583,False,https://www.oddstrader.com/atp/?date=20260901&eid=4808962&g=match&m=winner,https://www.oddstrader.com/atp/?date=20260901&eid=4808962&g=match&m=merged
2026-09-01,4808962,2026-09-01T20:55:00+00:00,complete,US Open Men Singles,"New York, NY",Court 4,Francesco Passaro,188915,Jesper De Jong,72997,match,winner,126,opening,BetOnline,8,1096,Francesco Passaro,188915,10923774,0,123,2.23,2026-08-29T09:30:20+00:00,5004.667,False,https://www.oddstrader.com/atp/?date=20260901&eid=4808962&g=match&m=winner,https://www.oddstrader.com/atp/?date=20260901&eid=4808962&g=match&m=merged
2026-09-01,4808962,2026-09-01T20:55:00+00:00,complete,US Open Men Singles,"New York, NY",Court 4,Francesco Passaro,188915,Jesper De Jong,72997,match,winner,126,opening,BetOnline,8,1096,Jesper De Jong,72997,10920840,0,-145,1.6897,2026-08-29T09:30:20+00:00,5004.667,False,https://www.oddstrader.com/atp/?date=20260901&eid=4808962&g=match&m=winner,https://www.oddstrader.com/atp/?date=20260901&eid=4808962&g=match&m=merged
2026-09-01,4808962,2026-09-01T20:55:00+00:00,complete,US Open Men Singles,"New York, NY",Court 4,Francesco Passaro,188915,Jesper De Jong,72997,match,winner,126,opening,Bovada,9,1618,Francesco Passaro,188915,10923774,0,-105,1.9524,2026-08-28T22:06:54+00:00,5688.1,False,https://www.oddstrader.com/atp/?date=20260901&eid=4808962&g=match&m=winner,https://www.oddstrader.com/atp/?date=20260901&eid=4808962&g=match&m=merged
2026-09-01,4808962,2026-09-01T20:55:00+00:00,complete,US Open Men Singles,"New York, NY",Court 4,Francesco Passaro,188915,Jesper De Jong,72997,match,winner,126,opening,Bovada,9,1618,Jesper De Jong,72997,10920840,0,-115,1.87,2026-08-28T22:06:54+00:00,5688.1,False,https://www.oddstrader.com/atp/?date=20260901&eid=4808962&g=match&m=winner,https://www.oddstrader.com/atp/?date=20260901&eid=4808962&g=match&m=merged
2026-09-01,4808962,2026-09-01T20:55:00+00:00,complete,US Open Men Singles,"New York, NY",Court 4,Francesco Passaro,188915,Jesper De Jong,72997,match,winner,126,closing,Everygame,29,180,Francesco Passaro,188915,10923774,0,110,2.1,2026-09-01T07:28:02+00:00,806.967,False,https://www.oddstrader.com/atp/?date=20260901&eid=4808962&g=match&m=winner,https://www.oddstrader.com/atp/?date=20260901&eid=4808962&g=match&m=merged
2026-09-01,4808962,2026-09-01T20:55:00+00:00,complete,US Open Men Singles,"New York, NY",Court 4,Francesco Passaro,188915,Jesper De Jong,72997,match,winner,126,opening,Everygame,29,180,Francesco Passaro,188915,10923774,0,130,2.3,2026-08-29T09:24:56+00:00,5010.067,False,https://www.oddstrader.com/atp/?date=20260901&eid=4808962&g=match&m=winner,https://www.oddstrader.com/atp/?date=20260901&eid=4808962&g=match&m=merged
2026-09-01,4808962,2026-09-01T20:55:00+00:00,complete,US Open Men Singles,"New York, NY",Court 4,Francesco Passaro,188915,Jesper De Jong,72997,match,winner,126,closing,Everygame,29,180,Jesper De Jong,72997,10920840,0,-143,1.7,2026-09-01T07:28:02+00:00,806.967,False,https://www.oddstrader.com/atp/?date=20260901&eid=4808962&g=match&m=winner,https://www.oddstrader.com/atp/?date=20260901&eid=4808962&g=match&m=merged
2026-09-01,4808962,2026-09-01T20:55:00+00:00,complete,US Open Men Singles,"New York, NY",Court 4,Francesco Passaro,188915,Jesper De Jong,72997,match,winner,126,opening,Everygame,29,180,Jesper De Jong,72997,10920840,0,-167,1.6,2026-08-29T09:24:56+00:00,5010.067,False,https://www.oddstrader.com/atp/?date=20260901&eid=4808962&g=match&m=winner,https://www.oddstrader.com/atp/?date=20260901&eid=4808962&g=match&m=merged
2026-09-01,4808962,2026-09-01T20:55:00+00:00,complete,US Open Men Singles,"New York, NY",Court 4,Francesco Passaro,188915,Jesper De Jong,72997,match,winner,126,closing,Heritage,44,169,Francesco Passaro,188915,10923774,0,120,2.2,2026-09-01T19:52:29+00:00,62.517,False,https://www.oddstrader.com/atp/?date=20260901&eid=4808962&g=match&m=winner,https://www.oddstrader.com/atp/?date=20260901&eid=4808962&g=match&m=merged
2026-09-01,4808962,2026-09-01T20:55:00+00:00,complete,US Open Men Singles,"New York, NY",Court 4,Francesco Passaro,188915,Jesper De Jong,72997,match,winner,126,opening,Heritage,44,169,Francesco Passaro,188915,10923774,0,-110,1.909,2026-08-29T01:10:37+00:00,5504.383,False,https://www.oddstrader.com/atp/?date=20260901&eid=4808962&g=match&m=winner,https://www.oddstrader.com/atp/?date=20260901&eid=4808962&g=match&m=merged
2026-09-01,4808962,2026-09-01T20:55:00+00:00,complete,US Open Men Singles,"New York, NY",Court 4,Francesco Passaro,188915,Jesper De Jong,72997,match,winner,126,closing,Heritage,44,169,Jesper De Jong,72997,10920840,0,-148,1.676,2026-09-01T19:52:29+00:00,62.517,False,https://www.oddstrader.com/atp/?date=20260901&eid=4808962&g=match&m=winner,https://www.oddstrader.com/atp/?date=20260901&eid=4808962&g=match&m=merged
2026-09-01,4808962,2026-09-01T20:55:00+00:00,complete,US Open Men Singles,"New York, NY",Court 4,Francesco Passaro,188915,Jesper De Jong,72997,match,winner,126,opening,Heritage,44,169,Jesper De Jong,72997,10920840,0,-112,1.893,2026-08-29T01:10:37+00:00,5504.383,False,https://www.oddstrader.com/atp/?date=20260901&eid=4808962&g=match&m=winner,https://www.oddstrader.com/atp/?date=20260901&eid=4808962&g=match&m=merged
2026-09-01,4808962,2026-09-01T20:55:00+00:00,complete,US Open Men Singles,"New York, NY",Court 4,Francesco Passaro,188915,Jesper De Jong,72997,match,winner,126,closing,MyBookie,82,1680,Francesco Passaro,188915,10923774,0,112,2.12,2026-08-31T16:46:03+00:00,1688.95,False,https://www.oddstrader.com/atp/?date=20260901&eid=4808962&g=match&m=winner,https://www.oddstrader.com/atp/?date=20260901&eid=4808962&g=match&m=merged
2026-09-01,4808962,2026-09-01T20:55:00+00:00,complete,US Open Men Singles,"New York, NY",Court 4,Francesco Passaro,188915,Jesper De Jong,72997,match,winner,126,opening,MyBookie,82,1680,Francesco Passaro,188915,10923774,0,-114,1.8772,2026-08-28T22:19:03+00:00,5675.95,False,https://www.oddstrader.com/atp/?date=20260901&eid=4808962&g=match&m=winner,https://www.oddstrader.com/atp/?date=20260901&eid=4808962&g=match&m=merged
2026-09-01,4808962,2026-09-01T20:55:00+00:00,complete,US Open Men Singles,"New York, NY",Court 4,Francesco Passaro,188915,Jesper De Jong,72997,match,winner,126,closing,MyBookie,82,1680,Jesper De Jong,72997,10920840,0,-138,1.7246,2026-08-31T16:46:03+00:00,1688.95,False,https://www.oddstrader.com/atp/?date=20260901&eid=4808962&g=match&m=winner,https://www.oddstrader.com/atp/?date=20260901&eid=4808962&g=match&m=merged
2026-09-01,4808962,2026-09-01T20:55:00+00:00,complete,US Open Men Singles,"New York, NY",Court 4,Francesco Passaro,188915,Jesper De Jong,72997,match,winner,126,opening,MyBookie,82,1680,Jesper De Jong,72997,10920840,0,-121,1.8264,2026-08-28T22:19:03+00:00,5675.95,False,https://www.oddstrader.com/atp/?date=20260901&eid=4808962&g=match&m=winner,https://www.oddstrader.com/atp/?date=20260901&eid=4808962&g=match&m=merged
2026-09-01,4808962,2026-09-01T20:55:00+00:00,complete,US Open Men Singles,"New York, NY",Court 4,Francesco Passaro,188915,Jesper De Jong,72997,match,winner,126,opening,SportsBetting,131,99,Francesco Passaro,188915,10923774,0,123,2.23,2026-08-29T09:30:20+00:00,5004.667,False,https://www.oddstrader.com/atp/?date=20260901&eid=4808962&g=match&m=winner,https://www.oddstrader.com/atp/?date=20260901&eid=4808962&g=match&m=merged
2026-09-01,4808962,2026-09-01T20:55:00+00:00,complete,US Open Men Singles,"New York, NY",Court 4,Francesco Passaro,188915,Jesper De Jong,72997,match,winner,126,opening,SportsBetting,131,99,Jesper De Jong,72997,10920840,0,-145,1.6897,2026-08-29T09:30:20+00:00,5004.667,False,https://www.oddstrader.com/atp/?date=20260901&eid=4808962&g=match&m=winner,https://www.oddstrader.com/atp/?date=20260901&eid=4808962&g=match&m=merged
2026-09-01,4808917,2026-09-01T21:20:00+00:00,complete,US Open Men Singles,"New York, NY",Court 12,Carlos Taberner,48099,Zizou Bergs,69013,1st-set,winner,279,closing,BetOnline,8,1096,Carlos Taberner,48099,10948625,0,420,5.2,2026-08-31T00:37:03+00:00,2682.95,False,https://www.oddstrader.com/atp/?date=20260901&eid=4808917&g=1st-set&m=winner,https://www.oddstrader.com/atp/?date=20260901&eid=4808917&g=1st-set&m=merged
2026-09-01,4808917,2026-09-01T21:20:00+00:00,complete,US Open Men Singles,"New York, NY",Court 12,Carlos Taberner,48099,Zizou Bergs,69013,1st-set,winner,279,opening,BetOnline,8,1096,Carlos Taberner,48099,10948625,0,395,4.95,2026-08-28T13:29:57+00:00,6230.05,False,https://www.oddstrader.com/atp/?date=20260901&eid=4808917&g=1st-set&m=winner,https://www.oddstrader.com/atp/?date=20260901&eid=4808917&g=1st-set&m=merged
2026-09-01,4808917,2026-09-01T21:20:00+00:00,complete,US Open Men Singles,"New York, NY",Court 12,Carlos Taberner,48099,Zizou Bergs,69013,1st-set,winner,279,closing,BetOnline,8,1096,Zizou Bergs,69013,10923746,0,-525,1.1905,2026-08-31T00:37:03+00:00,2682.95,False,https://www.oddstrader.com/atp/?date=20260901&eid=4808917&g=1st-set&m=winner,https://www.oddstrader.com/atp/?date=20260901&eid=4808917&g=1st-set&m=merged
2026-09-01,4808917,2026-09-01T21:20:00+00:00,complete,US Open Men Singles,"New York, NY",Court 12,Carlos Taberner,48099,Zizou Bergs,69013,1st-set,winner,279,opening,BetOnline,8,1096,Zizou Bergs,69013,10923746,0,-500,1.2,2026-08-28T13:29:57+00:00,6230.05,False,https://www.oddstrader.com/atp/?date=20260901&eid=4808917&g=1st-set&m=winner,https://www.oddstrader.com/atp/?date=20260901&eid=4808917&g=1st-set&m=merged
2026-09-01,4808917,2026-09-01T21:20:00+00:00,complete,US Open Men Singles,"New York, NY",Court 12,Carlos Taberner,48099,Zizou Bergs,69013,1st-set,winner,279,closing,SportsBetting,131,99,Carlos Taberner,48099,10948625,0,420,5.2,2026-08-31T00:37:03+00:00,2682.95,False,https://www.oddstrader.com/atp/?date=20260901&eid=4808917&g=1st-set&m=winner,https://www.oddstrader.com/atp/?date=20260901&eid=4808917&g=1st-set&m=merged
2026-09-01,4808917,2026-09-01T21:20:00+00:00,complete,US Open Men Singles,"New York, NY",Court 12,Carlos Taberner,48099,Zizou Bergs,69013,1st-set,winner,279,opening,SportsBetting,131,99,Carlos Taberner,48099,10948625,0,395,4.95,2026-08-28T13:29:57+00:00,6230.05,False,https://www.oddstrader.com/atp/?date=20260901&eid=4808917&g=1st-set&m=winner,https://www.oddstrader.com/atp/?date=20260901&eid=4808917&g=1st-set&m=merged
2026-09-01,4808917,2026-09-01T21:20:00+00:00,complete,US Open Men Singles,"New York, NY",Court 12,Carlos Taberner,48099,Zizou Bergs,69013,1st-set,winner,279,closing,SportsBetting,131,99,Zizou Bergs,69013,10923746,0,-525,1.1905,2026-08-31T00:37:03+00:00,2682.95,False,https://www.oddstrader.com/atp/?date=20260901&eid=4808917&g=1st-set&m=winner,https://www.oddstrader.com/atp/?date=20260901&eid=4808917&g=1st-set&m=merged
2026-09-01,4808917,2026-09-01T21:20:00+00:00,complete,US Open Men Singles,"New York, NY",Court 12,Carlos Taberner,48099,Zizou Bergs,69013,1st-set,winner,279,opening,SportsBetting,131,99,Zizou Bergs,69013,10923746,0,-500,1.2,2026-08-28T13:29:57+00:00,6230.05,False,https://www.oddstrader.com/atp/?date=20260901&eid=4808917&g=1st-set&m=winner,https://www.oddstrader.com/atp/?date=20260901&eid=4808917&g=1st-set&m=merged
2026-09-01,4808917,2026-09-01T21:20:00+00:00,complete,US Open Men Singles,"New York, NY",Court 12,Carlos Taberner,48099,Zizou Bergs,69013,match,spread,395,closing,Bet105,130,3174,Carlos Taberner,48099,11269174,9,-124,1.806,2026-09-01T20:57:32+00:00,22.467,True,https://www.oddstrader.com/atp/?date=20260901&eid=4808917&g=match&m=spread,https://www.oddstrader.com/atp/?date=20260901&eid=4808917&g=match&m=merged
2026-09-01,4808917,2026-09-01T21:20:00+00:00,complete,US Open Men Singles,"New York, NY",Court 12,Carlos Taberner,48099,Zizou Bergs,69013,match,spread,395,opening,Bet105,130,3174,Carlos Taberner,48099,10957024,8.5,-113,1.885,2026-08-28T10:09:26+00:00,6430.567,False,https://www.oddstrader.com/atp/?date=20260901&eid=4808917&g=match&m=spread,https://www.oddstrader.com/atp/?date=20260901&eid=4808917&g=match&m=merged
2026-09-01,4808917,2026-09-01T21:20:00+00:00,complete,US Open Men Singles,"New York, NY",Court 12,Carlos Taberner,48099,Zizou Bergs,69013,match,spread,395,closing,Bet105,130,3174,Zizou Bergs,69013,11269173,-9,107,2.07,2026-09-01T20:57:32+00:00,22.467,True,https://www.oddstrader.com/atp/?date=20260901&eid=4808917&g=match&m=spread,https://www.oddstrader.com/atp/?date=20260901&eid=4808917&g=match&m=merged
2026-09-01,4808917,2026-09-01T21:20:00+00:00,complete,US Open Men Singles,"New York, NY",Court 12,Carlos Taberner,48099,Zizou Bergs,69013,match,spread,395,opening,Bet105,130,3174,Zizou Bergs,69013,10939783,-8.5,-105,1.952,2026-08-28T10:09:26+00:00,6430.567,False,https://www.oddstrader.com/atp/?date=20260901&eid=4808917&g=match&m=spread,https://www.oddstrader.com/atp/?date=20260901&eid=4808917&g=match&m=merged
2026-09-01,4808917,2026-09-01T21:20:00+00:00,complete,US Open Men Singles,"New York, NY",Court 12,Carlos Taberner,48099,Zizou Bergs,69013,match,spread,395,closing,BetAnything,123,1061,Carlos Taberner,48099,11269174,9,-130,1.7692,2026-09-01T20:45:27+00:00,34.55,False,https://www.oddstrader.com/atp/?date=20260901&eid=4808917&g=match&m=spread,https://www.oddstrader.com/atp/?date=20260901&eid=4808917&g=match&m=merged
2026-09-01,4808917,2026-09-01T21:20:00+00:00,complete,US Open Men Singles,"New York, NY",Court 12,Carlos Taberner,48099,Zizou Bergs,69013,match,spread,395,opening,BetAnything,123,1061,Carlos Taberner,48099,10957024,8.5,-125,1.8,2026-08-28T13:47:30+00:00,6212.5,False,https://www.oddstrader.com/atp/?date=20260901&eid=4808917&g=match&m=spread,https://www.oddstrader.com/atp/?date=20260901&eid=4808917&g=match&m=merged
2026-09-01,4808917,2026-09-01T21:20:00+00:00,complete,US Open Men Singles,"New York, NY",Court 12,Carlos Taberner,48099,Zizou Bergs,69013,match,spread,395,closing,BetAnything,123,1061,Zizou Bergs,69013,11269173,-9,100,2,2026-09-01T20:45:27+00:00,34.55,False,https://www.oddstrader.com/atp/?date=20260901&eid=4808917&g=match&m=spread,https://www.oddstrader.com/atp/?date=20260901&eid=4808917&g=match&m=merged
2026-09-01,4808917,2026-09-01T21:20:00+00:00,complete,US Open Men Singles,"New York, NY",Court 12,Carlos Taberner,48099,Zizou Bergs,69013,match,spread,395,opening,BetAnything,123,1061,Zizou Bergs,69013,10939783,-8.5,-105,1.9524,2026-08-28T13:47:30+00:00,6212.5,False,https://www.oddstrader.com/atp/?date=20260901&eid=4808917&g=match&m=spread,https://www.oddstrader.com/atp/?date=20260901&eid=4808917&g=match&m=merged
2026-09-01,4808917,2026-09-01T21:20:00+00:00,complete,US Open Men Singles,"New York, NY",Court 12,Carlos Taberner,48099,Zizou Bergs,69013,match,spread,395,closing,BetOnline,8,1096,Carlos Taberner,48099,10957024,8.5,114,2.14,2026-09-01T20:45:25+00:00,34.583,False,https://www.oddstrader.com/atp/?date=20260901&eid=4808917&g=match&m=spread,https://www.oddstrader.com/atp/?date=20260901&eid=4808917&g=match&m=merged
2026-09-01,4808917,2026-09-01T21:20:00+00:00,complete,US Open Men Singles,"New York, NY",Court 12,Carlos Taberner,48099,Zizou Bergs,69013,match,spread,395,opening,BetOnline,8,1096,Carlos Taberner,48099,10957024,8.5,-125,1.8,2026-08-28T11:17:04+00:00,6362.933,False,https://www.oddstrader.com/atp/?date=20260901&eid=4808917&g=match&m=spread,https://www.oddstrader.com/atp/?date=20260901&eid=4808917&g=match&m=merged
2026-09-01,4808917,2026-09-01T21:20:00+00:00,complete,US Open Men Singles,"New York, NY",Court 12,Carlos Taberner,48099,Zizou Bergs,69013,match,spread,395,closing,BetOnline,8,1096,Zizou Bergs,69013,10939783,-8.5,-134,1.7463,2026-09-01T20:45:25+00:00,34.583,False,https://www.oddstrader.com/atp/?date=20260901&eid=4808917&g=match&m=spread,https://www.oddstrader.com/atp/?date=20260901&eid=4808917&g=match&m=merged
2026-09-01,4808917,2026-09-01T21:20:00+00:00,complete,US Open Men Singles,"New York, NY",Court 12,Carlos Taberner,48099,Zizou Bergs,69013,match,spread,395,opening,BetOnline,8,1096,Zizou Bergs,69013,10939783,-8.5,105,2.05,2026-08-28T11:17:04+00:00,6362.933,False,https://www.oddstrader.com/atp/?date=20260901&eid=4808917&g=match&m=spread,https://www.oddstrader.com/atp/?date=20260901&eid=4808917&g=match&m=merged
2026-09-01,4808917,2026-09-01T21:20:00+00:00,complete,US Open Men Singles,"New York, NY",Court 12,Carlos Taberner,48099,Zizou Bergs,69013,match,spread,395,closing,Bookmaker,10,93,Carlos Taberner,48099,11269174,9,-116,1.8621,2026-08-30T10:26:33+00:00,3533.45,False,https://www.oddstrader.com/atp/?date=20260901&eid=4808917&g=match&m=spread,https://www.oddstrader.com/atp/?date=20260901&eid=4808917&g=match&m=merged
2026-09-01,4808917,2026-09-01T21:20:00+00:00,complete,US Open Men Singles,"New York, NY",Court 12,Carlos Taberner,48099,Zizou Bergs,69013,match,spread,395,opening,Bookmaker,10,93,Carlos Taberner,48099,10957024,8.5,-107,1.9346,2026-08-28T23:09:16+00:00,5650.733,False,https://www.oddstrader.com/atp/?date=20260901&eid=4808917&g=match&m=spread,https://www.oddstrader.com/atp/?date=20260901&eid=4808917&g=match&m=merged
2026-09-01,4808917,2026-09-01T21:20:00+00:00,complete,US Open Men Singles,"New York, NY",Court 12,Carlos Taberner,48099,Zizou Bergs,69013,match,spread,395,closing,Bookmaker,10,93,Zizou Bergs,69013,11269173,-9,-105,1.9524,2026-08-30T10:26:33+00:00,3533.45,False,https://www.oddstrader.com/atp/?date=20260901&eid=4808917&g=match&m=spread,https://www.oddstrader.com/atp/?date=20260901&eid=4808917&g=match&m=merged
2026-09-01,4808917,2026-09-01T21:20:00+00:00,complete,US Open Men Singles,"New York, NY",Court 12,Carlos Taberner,48099,Zizou Bergs,69013,match,spread,395,opening,Bookmaker,10,93,Zizou Bergs,69013,10939783,-8.5,-114,1.8772,2026-08-28T23:09:16+00:00,5650.733,False,https://www.oddstrader.com/atp/?date=20260901&eid=4808917&g=match&m=spread,https://www.oddstrader.com/atp/?date=20260901&eid=4808917&g=match&m=merged
2026-09-01,4808917,2026-09-01T21:20:00+00:00,complete,US Open Men Singles,"New York, NY",Court 12,Carlos Taberner,48099,Zizou Bergs,69013,match,spread,395,opening,Bovada,9,1618,Carlos Taberner,48099,10950788,7.5,110,2.1,2026-08-27T22:52:41+00:00,7107.317,False,https://www.oddstrader.com/atp/?date=20260901&eid=4808917&g=match&m=spread,https://www.oddstrader.com/atp/?date=20260901&eid=4808917&g=match&m=merged
2026-09-01,4808917,2026-09-01T21:20:00+00:00,complete,US Open Men Singles,"New York, NY",Court 12,Carlos Taberner,48099,Zizou Bergs,69013,match,spread,395,opening,Bovada,9,1618,Zizou Bergs,69013,10939368,-7.5,-145,1.69,2026-08-27T22:52:41+00:00,7107.317,False,https://www.oddstrader.com/atp/?date=20260901&eid=4808917&g=match&m=spread,https://www.oddstrader.com/atp/?date=20260901&eid=4808917&g=match&m=merged
2026-09-01,4808917,2026-09-01T21:20:00+00:00,complete,US Open Men Singles,"New York, NY",Court 12,Carlos Taberner,48099,Zizou Bergs,69013,match,spread,395,closing,Everygame,29,180,Carlos Taberner,48099,10957024,8.5,100,2,2026-09-01T14:25:20+00:00,414.667,False,https://www.oddstrader.com/atp/?date=20260901&eid=4808917&g=match&m=spread,https://www.oddstrader.com/atp/?date=20260901&eid=4808917&g=match&m=merged
2026-09-01,4808917,2026-09-01T21:20:00+00:00,complete,US Open Men Singles,"New York, NY",Court 12,Carlos Taberner,48099,Zizou Bergs,69013,match,spread,395,opening,Everygame,29,180,Carlos Taberner,48099,10957024,8.5,-133,1.75,2026-08-28T10:37:40+00:00,6402.333,False,https://www.oddstrader.com/atp/?date=20260901&eid=4808917&g=match&m=spread,https://www.oddstrader.com/atp/?date=20260901&eid=4808917&g=match&m=merged
2026-09-01,4808917,2026-09-01T21:20:00+00:00,complete,US Open Men Singles,"New York, NY",Court 12,Carlos Taberner,48099,Zizou Bergs,69013,match,spread,395,closing,Everygame,29,180,Zizou Bergs,69013,10939783,-8.5,-143,1.7,2026-09-01T14:25:20+00:00,414.667,False,https://www.oddstrader.com/atp/?date=20260901&eid=4808917&g=match&m=spread,https://www.oddstrader.com/atp/?date=20260901&eid=4808917&g=match&m=merged
2026-09-01,4808917,2026-09-01T21:20:00+00:00,complete,US Open Men Singles,"New York, NY",Court 12,Carlos Taberner,48099,Zizou Bergs,69013,match,spread,395,opening,Everygame,29,180,Zizou Bergs,69013,10939783,-8.5,-105,1.95,2026-08-28T10:37:40+00:00,6402.333,False,https://www.oddstrader.com/atp/?date=20260901&eid=4808917&g=match&m=spread,https://www.oddstrader.com/atp/?date=20260901&eid=4808917&g=match&m=merged
2026-09-01,4808917,2026-09-01T21:20:00+00:00,complete,US Open Men Singles,"New York, NY",Court 12,Carlos Taberner,48099,Zizou Bergs,69013,match,spread,395,closing,Heritage,44,169,Carlos Taberner,48099,10957024,8.5,-108,1.926,2026-09-01T20:19:27+00:00,60.55,False,https://www.oddstrader.com/atp/?date=20260901&eid=4808917&g=match&m=spread,https://www.oddstrader.com/atp/?date=20260901&eid=4808917&g=match&m=merged
2026-09-01,4808917,2026-09-01T21:20:00+00:00,complete,US Open Men Singles,"New York, NY",Court 12,Carlos Taberner,48099,Zizou Bergs,69013,match,spread,395,opening,Heritage,44,169,Carlos Taberner,48099,10950788,7.5,115,2.15,2026-08-27T21:55:57+00:00,7164.05,False,https://www.oddstrader.com/atp/?date=20260901&eid=4808917&g=match&m=spread,https://www.oddstrader.com/atp/?date=20260901&eid=4808917&g=match&m=merged
2026-09-01,4808917,2026-09-01T21:20:00+00:00,complete,US Open Men Singles,"New York, NY",Court 12,Carlos Taberner,48099,Zizou Bergs,69013,match,spread,395,closing,Heritage,44,169,Zizou Bergs,69013,10939783,-8.5,-134,1.746,2026-09-01T20:19:27+00:00,60.55,False,https://www.oddstrader.com/atp/?date=20260901&eid=4808917&g=match&m=spread,https://www.oddstrader.com/atp/?date=20260901&eid=4808917&g=match&m=merged
2026-09-01,4808917,2026-09-01T21:20:00+00:00,complete,US Open Men Singles,"New York, NY",Court 12,Carlos Taberner,48099,Zizou Bergs,69013,match,spread,395,opening,Heritage,44,169,Zizou Bergs,69013,10939368,-7.5,-157,1.637,2026-08-27T21:55:57+00:00,7164.05,False,https://www.oddstrader.com/atp/?date=20260901&eid=4808917&g=match&m=spread,https://www.oddstrader.com/atp/?date=20260901&eid=4808917&g=match&m=merged
2026-09-01,4808917,2026-09-01T21:20:00+00:00,complete,US Open Men Singles,"New York, NY",Court 12,Carlos Taberner,48099,Zizou Bergs,69013,match,spread,395,closing,JustBet,16,1275,Carlos Taberner,48099,11269174,9,-116,1.8621,2026-08-30T10:28:31+00:00,3531.483,False,https://www.oddstrader.com/atp/?date=20260901&eid=4808917&g=match&m=spread,https://www.oddstrader.com/atp/?date=20260901&eid=4808917&g=match&m=merged
2026-09-01,4808917,2026-09-01T21:20:00+00:00,complete,US Open Men Singles,"New York, NY",Court 12,Carlos Taberner,48099,Zizou Bergs,69013,match,spread,395,opening,JustBet,16,1275,Carlos Taberner,48099,10957024,8.5,-107,1.9346,2026-08-28T23:09:18+00:00,5650.7,False,https://www.oddstrader.com/atp/?date=20260901&eid=4808917&g=match&m=spread,https://www.oddstrader.com/atp/?date=20260901&eid=4808917&g=match&m=merged
2026-09-01,4808917,2026-09-01T21:20:00+00:00,complete,US Open Men Singles,"New York, NY",Court 12,Carlos Taberner,48099,Zizou Bergs,69013,match,spread,395,closing,JustBet,16,1275,Zizou Bergs,69013,11269173,-9,-105,1.9524,2026-08-30T10:28:31+00:00,3531.483,False,https://www.oddstrader.com/atp/?date=20260901&eid=4808917&g=match&m=spread,https://www.oddstrader.com/atp/?date=20260901&eid=4808917&g=match&m=merged
2026-09-01,4808917,2026-09-01T21:20:00+00:00,complete,US Open Men Singles,"New York, NY",Court 12,Carlos Taberner,48099,Zizou Bergs,69013,match,spread,395,opening,JustBet,16,1275,Zizou Bergs,69013,10939783,-8.5,-114,1.8772,2026-08-28T23:09:18+00:00,5650.7,False,https://www.oddstrader.com/atp/?date=20260901&eid=4808917&g=match&m=spread,https://www.oddstrader.com/atp/?date=20260901&eid=4808917&g=match&m=merged
2026-09-01,4808917,2026-09-01T21:20:00+00:00,complete,US Open Men Singles,"New York, NY",Court 12,Carlos Taberner,48099,Zizou Bergs,69013,match,spread,395,closing,MyBookie,82,1680,Carlos Taberner,48099,10957024,8.5,100,2,2026-09-01T17:53:44+00:00,206.267,True,https://www.oddstrader.com/atp/?date=20260901&eid=4808917&g=match&m=spread,https://www.oddstrader.com/atp/?date=20260901&eid=4808917&g=match&m=merged
2026-09-01,4808917,2026-09-01T21:20:00+00:00,complete,US Open Men Singles,"New York, NY",Court 12,Carlos Taberner,48099,Zizou Bergs,69013,match,spread,395,opening,MyBookie,82,1680,Carlos Taberner,48099,10957024,8.5,-102,1.9804,2026-08-29T15:10:43+00:00,4689.283,False,https://www.oddstrader.com/atp/?date=20260901&eid=4808917&g=match&m=spread,https://www.oddstrader.com/atp/?date=20260901&eid=4808917&g=match&m=merged
2026-09-01,4808917,2026-09-01T21:20:00+00:00,complete,US Open Men Singles,"New York, NY",Court 12,Carlos Taberner,48099,Zizou Bergs,69013,match,spread,395,closing,MyBookie,82,1680,Zizou Bergs,69013,10939783,-8.5,-139,1.7194,2026-09-01T17:50:01+00:00,209.983,True,https://www.oddstrader.com/atp/?date=20260901&eid=4808917&g=match&m=spread,https://www.oddstrader.com/atp/?date=20260901&eid=4808917&g=match&m=merged
2026-09-01,4808917,2026-09-01T21:20:00+00:00,complete,US Open Men Singles,"New York, NY",Court 12,Carlos Taberner,48099,Zizou Bergs,69013,match,spread,395,opening,MyBookie,82,1680,Zizou Bergs,69013,10939783,-8.5,-141,1.7092,2026-08-29T15:10:43+00:00,4689.283,False,https://www.oddstrader.com/atp/?date=20260901&eid=4808917&g=match&m=spread,https://www.oddstrader.com/atp/?date=20260901&eid=4808917&g=match&m=merged
2026-09-01,4808917,2026-09-01T21:20:00+00:00,complete,US Open Men Singles,"New York, NY",Court 12,Carlos Taberner,48099,Zizou Bergs,69013,match,spread,395,closing,SportsBetting,131,99,Carlos Taberner,48099,10957024,8.5,114,2.14,2026-09-01T20:45:25+00:00,34.583,False,https://www.oddstrader.com/atp/?date=20260901&eid=4808917&g=match&m=spread,https://www.oddstrader.com/atp/?date=20260901&eid=4808917&g=match&m=merged
2026-09-01,4808917,2026-09-01T21:20:00+00:00,complete,US Open Men Singles,"New York, NY",Court 12,Carlos Taberner,48099,Zizou Bergs,69013,match,spread,395,opening,SportsBetting,131,99,Carlos Taberner,48099,10957024,8.5,-125,1.8,2026-08-28T11:17:04+00:00,6362.933,False,https://www.oddstrader.com/atp/?date=20260901&eid=4808917&g=match&m=spread,https://www.oddstrader.com/atp/?date=20260901&eid=4808917&g=match&m=merged
2026-09-01,4808917,2026-09-01T21:20:00+00:00,complete,US Open Men Singles,"New York, NY",Court 12,Carlos Taberner,48099,Zizou Bergs,69013,match,spread,395,closing,SportsBetting,131,99,Zizou Bergs,69013,10939783,-8.5,-134,1.7463,2026-09-01T20:45:25+00:00,34.583,False,https://www.oddstrader.com/atp/?date=20260901&eid=4808917&g=match&m=spread,https://www.oddstrader.com/atp/?date=20260901&eid=4808917&g=match&m=merged
2026-09-01,4808917,2026-09-01T21:20:00+00:00,complete,US Open Men Singles,"New York, NY",Court 12,Carlos Taberner,48099,Zizou Bergs,69013,match,spread,395,opening,SportsBetting,131,99,Zizou Bergs,69013,10939783,-8.5,105,2.05,2026-08-28T11:17:04+00:00,6362.933,False,https://www.oddstrader.com/atp/?date=20260901&eid=4808917&g=match&m=spread,https://www.oddstrader.com/atp/?date=20260901&eid=4808917&g=match&m=merged
2026-09-01,4808917,2026-09-01T21:20:00+00:00,complete,US Open Men Singles,"New York, NY",Court 12,Carlos Taberner,48099,Zizou Bergs,69013,match,total,396,closing,Bet105,130,3174,option_15143,15143,119579,29,-112,1.893,2026-09-01T20:57:32+00:00,22.467,True,https://www.oddstrader.com/atp/?date=20260901&eid=4808917&g=match&m=total,https://www.oddstrader.com/atp/?date=20260901&eid=4808917&g=match&m=merged
2026-09-01,4808917,2026-09-01T21:20:00+00:00,complete,US Open Men Singles,"New York, NY",Court 12,Carlos Taberner,48099,Zizou Bergs,69013,match,total,396,opening,Bet105,130,3174,option_15143,15143,119600,30.5,-106,1.943,2026-08-28T10:09:26+00:00,6430.567,False,https://www.oddstrader.com/atp/?date=20260901&eid=4808917&g=match&m=total,https://www.oddstrader.com/atp/?date=20260901&eid=4808917&g=match&m=merged
2026-09-01,4808917,2026-09-01T21:20:00+00:00,complete,US Open Men Singles,"New York, NY",Court 12,Carlos Taberner,48099,Zizou Bergs,69013,match,total,396,closing,Bet105,130,3174,option_15144,15144,119597,29,-104,1.962,2026-09-01T20:57:32+00:00,22.467,True,https://www.oddstrader.com/atp/?date=20260901&eid=4808917&g=match&m=total,https://www.oddstrader.com/atp/?date=20260901&eid=4808917&g=match&m=merged
2026-09-01,4808917,2026-09-01T21:20:00+00:00,complete,US Open Men Singles,"New York, NY",Court 12,Carlos Taberner,48099,Zizou Bergs,69013,match,total,396,opening,Bet105,130,3174,option_15144,15144,119670,30.5,-112,1.893,2026-08-28T10:09:26+00:00,6430.567,False,https://www.oddstrader.com/atp/?date=20260901&eid=4808917&g=match&m=total,https://www.oddstrader.com/atp/?date=20260901&eid=4808917&g=match&m=merged
2026-09-01,4808917,2026-09-01T21:20:00+00:00,complete,US Open Men Singles,"New York, NY",Court 12,Carlos Taberner,48099,Zizou Bergs,69013,match,total,396,closing,BetAnything,123,1061,option_15143,15143,119578,28.5,-122,1.8197,2026-09-01T15:47:02+00:00,332.967,False,https://www.oddstrader.com/atp/?date=20260901&eid=4808917&g=match&m=total,https://www.oddstrader.com/atp/?date=20260901&eid=4808917&g=match&m=merged
2026-09-01,4808917,2026-09-01T21:20:00+00:00,complete,US Open Men Singles,"New York, NY",Court 12,Carlos Taberner,48099,Zizou Bergs,69013,match,total,396,opening,BetAnything,123,1061,option_15143,15143,119600,30.5,-112,1.8929,2026-08-28T13:47:30+00:00,6212.5,False,https://www.oddstrader.com/atp/?date=20260901&eid=4808917&g=match&m=total,https://www.oddstrader.com/atp/?date=20260901&eid=4808917&g=match&m=merged
2026-09-01,4808917,2026-09-01T21:20:00+00:00,complete,US Open Men Singles,"New York, NY",Court 12,Carlos Taberner,48099,Zizou Bergs,69013,match,total,396,closing,BetAnything,123,1061,option_15144,15144,119596,28.5,-108,1.9259,2026-09-01T15:47:02+00:00,332.967,False,https://www.oddstrader.com/atp/?date=20260901&eid=4808917&g=match&m=total,https://www.oddstrader.com/atp/?date=20260901&eid=4808917&g=match&m=merged
2026-09-01,4808917,2026-09-01T21:20:00+00:00,complete,US Open Men Singles,"New York, NY",Court 12,Carlos Taberner,48099,Zizou Bergs,69013,match,total,396,opening,BetAnything,123,1061,option_15144,15144,119670,30.5,-118,1.8475,2026-08-28T13:47:30+00:00,6212.5,False,https://www.oddstrader.com/atp/?date=20260901&eid=4808917&g=match&m=total,https://www.oddstrader.com/atp/?date=20260901&eid=4808917&g=match&m=merged
2026-09-01,4808917,2026-09-01T21:20:00+00:00,complete,US Open Men Singles,"New York, NY",Court 12,Carlos Taberner,48099,Zizou Bergs,69013,match,total,396,closing,BetOnline,8,1096,option_15143,15143,119578,28.5,-122,1.8197,2026-09-01T12:24:41+00:00,535.317,False,https://www.oddstrader.com/atp/?date=20260901&eid=4808917&g=match&m=total,https://www.oddstrader.com/atp/?date=20260901&eid=4808917&g=match&m=merged
2026-09-01,4808917,2026-09-01T21:20:00+00:00,complete,US Open Men Singles,"New York, NY",Court 12,Carlos Taberner,48099,Zizou Bergs,69013,match,total,396,opening,BetOnline,8,1096,option_15143,15143,119600,30.5,100,2,2026-08-28T11:17:04+00:00,6362.933,False,https://www.oddstrader.com/atp/?date=20260901&eid=4808917&g=match&m=total,https://www.oddstrader.com/atp/?date=20260901&eid=4808917&g=match&m=merged
2026-09-01,4808917,2026-09-01T21:20:00+00:00,complete,US Open Men Singles,"New York, NY",Court 12,Carlos Taberner,48099,Zizou Bergs,69013,match,total,396,closing,BetOnline,8,1096,option_15144,15144,119596,28.5,102,2.02,2026-09-01T12:24:41+00:00,535.317,False,https://www.oddstrader.com/atp/?date=20260901&eid=4808917&g=match&m=total,https://www.oddstrader.com/atp/?date=20260901&eid=4808917&g=match&m=merged
2026-09-01,4808917,2026-09-01T21:20:00+00:00,complete,US Open Men Singles,"New York, NY",Court 12,Carlos Taberner,48099,Zizou Bergs,69013,match,total,396,opening,BetOnline,8,1096,option_15144,15144,119670,30.5,-120,1.8333,2026-08-28T11:17:04+00:00,6362.933,False,https://www.oddstrader.com/atp/?date=20260901&eid=4808917&g=match&m=total,https://www.oddstrader.com/atp/?date=20260901&eid=4808917&g=match&m=merged
2026-09-01,4808917,2026-09-01T21:20:00+00:00,complete,US Open Men Singles,"New York, NY",Court 12,Carlos Taberner,48099,Zizou Bergs,69013,match,total,396,closing,Bookmaker,10,93,option_15143,15143,119579,29,-111,1.9009,2026-08-30T10:26:33+00:00,3533.45,False,https://www.oddstrader.com/atp/?date=20260901&eid=4808917&g=match&m=total,https://www.oddstrader.com/atp/?date=20260901&eid=4808917&g=match&m=merged
2026-09-01,4808917,2026-09-01T21:20:00+00:00,complete,US Open Men Singles,"New York, NY",Court 12,Carlos Taberner,48099,Zizou Bergs,69013,match,total,396,opening,Bookmaker,10,93,option_15143,15143,119580,29.5,-112,1.8929,2026-08-28T23:09:16+00:00,5650.733,False,https://www.oddstrader.com/atp/?date=20260901&eid=4808917&g=match&m=total,https://www.oddstrader.com/atp/?date=20260901&eid=4808917&g=match&m=merged
2026-09-01,4808917,2026-09-01T21:20:00+00:00,complete,US Open Men Singles,"New York, NY",Court 12,Carlos Taberner,48099,Zizou Bergs,69013,match,total,396,closing,Bookmaker,10,93,option_15144,15144,119597,29,-110,1.9091,2026-08-30T10:26:33+00:00,3533.45,False,https://www.oddstrader.com/atp/?date=20260901&eid=4808917&g=match&m=total,https://www.oddstrader.com/atp/?date=20260901&eid=4808917&g=match&m=merged
2026-09-01,4808917,2026-09-01T21:20:00+00:00,complete,US Open Men Singles,"New York, NY",Court 12,Carlos Taberner,48099,Zizou Bergs,69013,match,total,396,opening,Bookmaker,10,93,option_15144,15144,119598,29.5,-109,1.9174,2026-08-28T23:09:16+00:00,5650.733,False,https://www.oddstrader.com/atp/?date=20260901&eid=4808917&g=match&m=total,https://www.oddstrader.com/atp/?date=20260901&eid=4808917&g=match&m=merged
2026-09-01,4808917,2026-09-01T21:20:00+00:00,complete,US Open Men Singles,"New York, NY",Court 12,Carlos Taberner,48099,Zizou Bergs,69013,match,total,396,opening,Bovada,9,1618,option_15143,15143,119600,30.5,-115,1.87,2026-08-27T22:52:41+00:00,7107.317,False,https://www.oddstrader.com/atp/?date=20260901&eid=4808917&g=match&m=total,https://www.oddstrader.com/atp/?date=20260901&eid=4808917&g=match&m=merged
2026-09-01,4808917,2026-09-01T21:20:00+00:00,complete,US Open Men Singles,"New York, NY",Court 12,Carlos Taberner,48099,Zizou Bergs,69013,match,total,396,opening,Bovada,9,1618,option_15144,15144,119670,30.5,-115,1.87,2026-08-27T22:52:41+00:00,7107.317,False,https://www.oddstrader.com/atp/?date=20260901&eid=4808917&g=match&m=total,https://www.oddstrader.com/atp/?date=20260901&eid=4808917&g=match&m=merged
2026-09-01,4808917,2026-09-01T21:20:00+00:00,complete,US Open Men Singles,"New York, NY",Court 12,Carlos Taberner,48099,Zizou Bergs,69013,match,total,396,closing,Everygame,29,180,option_15143,15143,119580,29.5,-105,1.95,2026-08-28T17:25:29+00:00,5994.517,False,https://www.oddstrader.com/atp/?date=20260901&eid=4808917&g=match&m=total,https://www.oddstrader.com/atp/?date=20260901&eid=4808917&g=match&m=merged
2026-09-01,4808917,2026-09-01T21:20:00+00:00,complete,US Open Men Singles,"New York, NY",Court 12,Carlos Taberner,48099,Zizou Bergs,69013,match,total,396,opening,Everygame,29,180,option_15143,15143,119600,30.5,-105,1.95,2026-08-28T10:37:40+00:00,6402.333,False,https://www.oddstrader.com/atp/?date=20260901&eid=4808917&g=match&m=total,https://www.oddstrader.com/atp/?date=20260901&eid=4808917&g=match&m=merged
2026-09-01,4808917,2026-09-01T21:20:00+00:00,complete,US Open Men Singles,"New York, NY",Court 12,Carlos Taberner,48099,Zizou Bergs,69013,match,total,396,closing,Everygame,29,180,option_15144,15144,119598,29.5,-133,1.75,2026-08-28T17:25:29+00:00,5994.517,False,https://www.oddstrader.com/atp/?date=20260901&eid=4808917&g=match&m=total,https://www.oddstrader.com/atp/?date=20260901&eid=4808917&g=match&m=merged
2026-09-01,4808917,2026-09-01T21:20:00+00:00,complete,US Open Men Singles,"New York, NY",Court 12,Carlos Taberner,48099,Zizou Bergs,69013,match,total,396,opening,Everygame,29,180,option_15144,15144,119670,30.5,-133,1.75,2026-08-28T10:37:40+00:00,6402.333,False,https://www.oddstrader.com/atp/?date=20260901&eid=4808917&g=match&m=total,https://www.oddstrader.com/atp/?date=20260901&eid=4808917&g=match&m=merged
2026-09-01,4808917,2026-09-01T21:20:00+00:00,complete,US Open Men Singles,"New York, NY",Court 12,Carlos Taberner,48099,Zizou Bergs,69013,match,total,396,opening,Heritage,44,169,option_15143,15143,119600,30.5,-114,1.877,2026-08-27T21:55:57+00:00,7164.05,False,https://www.oddstrader.com/atp/?date=20260901&eid=4808917&g=match&m=total,https://www.oddstrader.com/atp/?date=20260901&eid=4808917&g=match&m=merged
2026-09-01,4808917,2026-09-01T21:20:00+00:00,complete,US Open Men Singles,"New York, NY",Court 12,Carlos Taberner,48099,Zizou Bergs,69013,match,total,396,opening,Heritage,44,169,option_15144,15144,119670,30.5,-122,1.82,2026-08-27T21:55:57+00:00,7164.05,False,https://www.oddstrader.com/atp/?date=20260901&eid=4808917&g=match&m=total,https://www.oddstrader.com/atp/?date=20260901&eid=4808917&g=match&m=merged
2026-09-01,4808917,2026-09-01T21:20:00+00:00,complete,US Open Men Singles,"New York, NY",Court 12,Carlos Taberner,48099,Zizou Bergs,69013,match,total,396,closing,JustBet,16,1275,option_15143,15143,119579,29,-111,1.9009,2026-08-30T10:28:31+00:00,3531.483,False,https://www.oddstrader.com/atp/?date=20260901&eid=4808917&g=match&m=total,https://www.oddstrader.com/atp/?date=20260901&eid=4808917&g=match&m=merged
2026-09-01,4808917,2026-09-01T21:20:00+00:00,complete,US Open Men Singles,"New York, NY",Court 12,Carlos Taberner,48099,Zizou Bergs,69013,match,total,396,opening,JustBet,16,1275,option_15143,15143,119580,29.5,-112,1.8929,2026-08-28T23:09:18+00:00,5650.7,False,https://www.oddstrader.com/atp/?date=20260901&eid=4808917&g=match&m=total,https://www.oddstrader.com/atp/?date=20260901&eid=4808917&g=match&m=merged
2026-09-01,4808917,2026-09-01T21:20:00+00:00,complete,US Open Men Singles,"New York, NY",Court 12,Carlos Taberner,48099,Zizou Bergs,69013,match,total,396,closing,JustBet,16,1275,option_15144,15144,119597,29,-110,1.9091,2026-08-30T10:28:31+00:00,3531.483,False,https://www.oddstrader.com/atp/?date=20260901&eid=4808917&g=match&m=total,https://www.oddstrader.com/atp/?date=20260901&eid=4808917&g=match&m=merged
2026-09-01,4808917,2026-09-01T21:20:00+00:00,complete,US Open Men Singles,"New York, NY",Court 12,Carlos Taberner,48099,Zizou Bergs,69013,match,total,396,opening,JustBet,16,1275,option_15144,15144,119598,29.5,-109,1.9174,2026-08-28T23:09:18+00:00,5650.7,False,https://www.oddstrader.com/atp/?date=20260901&eid=4808917&g=match&m=total,https://www.oddstrader.com/atp/?date=20260901&eid=4808917&g=match&m=merged
2026-09-01,4808917,2026-09-01T21:20:00+00:00,complete,US Open Men Singles,"New York, NY",Court 12,Carlos Taberner,48099,Zizou Bergs,69013,match,total,396,closing,MyBookie,82,1680,option_15143,15143,119580,29.5,-109,1.9174,2026-09-01T17:50:01+00:00,209.983,True,https://www.oddstrader.com/atp/?date=20260901&eid=4808917&g=match&m=total,https://www.oddstrader.com/atp/?date=20260901&eid=4808917&g=match&m=merged
2026-09-01,4808917,2026-09-01T21:20:00+00:00,complete,US Open Men Singles,"New York, NY",Court 12,Carlos Taberner,48099,Zizou Bergs,69013,match,total,396,opening,MyBookie,82,1680,option_15143,15143,119580,29.5,-109,1.9174,2026-08-29T15:10:43+00:00,4689.283,False,https://www.oddstrader.com/atp/?date=20260901&eid=4808917&g=match&m=total,https://www.oddstrader.com/atp/?date=20260901&eid=4808917&g=match&m=merged
2026-09-01,4808917,2026-09-01T21:20:00+00:00,complete,US Open Men Singles,"New York, NY",Court 12,Carlos Taberner,48099,Zizou Bergs,69013,match,total,396,closing,MyBookie,82,1680,option_15144,15144,119598,29.5,-127,1.7874,2026-09-01T17:50:01+00:00,209.983,True,https://www.oddstrader.com/atp/?date=20260901&eid=4808917&g=match&m=total,https://www.oddstrader.com/atp/?date=20260901&eid=4808917&g=match&m=merged
2026-09-01,4808917,2026-09-01T21:20:00+00:00,complete,US Open Men Singles,"New York, NY",Court 12,Carlos Taberner,48099,Zizou Bergs,69013,match,total,396,opening,MyBookie,82,1680,option_15144,15144,119598,29.5,-132,1.7576,2026-08-29T15:10:43+00:00,4689.283,False,https://www.oddstrader.com/atp/?date=20260901&eid=4808917&g=match&m=total,https://www.oddstrader.com/atp/?date=20260901&eid=4808917&g=match&m=merged
2026-09-01,4808917,2026-09-01T21:20:00+00:00,complete,US Open Men Singles,"New York, NY",Court 12,Carlos Taberner,48099,Zizou Bergs,69013,match,total,396,closing,SportsBetting,131,99,option_15143,15143,119578,28.5,-122,1.8197,2026-09-01T12:24:41+00:00,535.317,False,https://www.oddstrader.com/atp/?date=20260901&eid=4808917&g=match&m=total,https://www.oddstrader.com/atp/?date=20260901&eid=4808917&g=match&m=merged
2026-09-01,4808917,2026-09-01T21:20:00+00:00,complete,US Open Men Singles,"New York, NY",Court 12,Carlos Taberner,48099,Zizou Bergs,69013,match,total,396,opening,SportsBetting,131,99,option_15143,15143,119600,30.5,100,2,2026-08-28T11:17:04+00:00,6362.933,False,https://www.oddstrader.com/atp/?date=20260901&eid=4808917&g=match&m=total,https://www.oddstrader.com/atp/?date=20260901&eid=4808917&g=match&m=merged
2026-09-01,4808917,2026-09-01T21:20:00+00:00,complete,US Open Men Singles,"New York, NY",Court 12,Carlos Taberner,48099,Zizou Bergs,69013,match,total,396,closing,SportsBetting,131,99,option_15144,15144,119596,28.5,102,2.02,2026-09-01T12:24:41+00:00,535.317,False,https://www.oddstrader.com/atp/?date=20260901&eid=4808917&g=match&m=total,https://www.oddstrader.com/atp/?date=20260901&eid=4808917&g=match&m=merged
2026-09-01,4808917,2026-09-01T21:20:00+00:00,complete,US Open Men Singles,"New York, NY",Court 12,Carlos Taberner,48099,Zizou Bergs,69013,match,total,396,opening,SportsBetting,131,99,option_15144,15144,119670,30.5,-120,1.8333,2026-08-28T11:17:04+00:00,6362.933,False,https://www.oddstrader.com/atp/?date=20260901&eid=4808917&g=match&m=total,https://www.oddstrader.com/atp/?date=20260901&eid=4808917&g=match&m=merged
2026-09-01,4808917,2026-09-01T21:20:00+00:00,complete,US Open Men Singles,"New York, NY",Court 12,Carlos Taberner,48099,Zizou Bergs,69013,match,winner,126,closing,Bet105,130,3174,Carlos Taberner,48099,10948625,0,1069,11.69,2026-09-01T20:57:32+00:00,22.467,True,https://www.oddstrader.com/atp/?date=20260901&eid=4808917&g=match&m=winner,https://www.oddstrader.com/atp/?date=20260901&eid=4808917&g=match&m=merged
2026-09-01,4808917,2026-09-01T21:20:00+00:00,complete,US Open Men Singles,"New York, NY",Court 12,Carlos Taberner,48099,Zizou Bergs,69013,match,winner,126,opening,Bet105,130,3174,Carlos Taberner,48099,10948625,0,926,10.26,2026-08-28T10:09:26+00:00,6430.567,False,https://www.oddstrader.com/atp/?date=20260901&eid=4808917&g=match&m=winner,https://www.oddstrader.com/atp/?date=20260901&eid=4808917&g=match&m=merged
2026-09-01,4808917,2026-09-01T21:20:00+00:00,complete,US Open Men Singles,"New York, NY",Court 12,Carlos Taberner,48099,Zizou Bergs,69013,match,winner,126,closing,Bet105,130,3174,Zizou Bergs,69013,10923746,0,-2041,1.049,2026-09-01T20:57:32+00:00,22.467,True,https://www.oddstrader.com/atp/?date=20260901&eid=4808917&g=match&m=winner,https://www.oddstrader.com/atp/?date=20260901&eid=4808917&g=match&m=merged
2026-09-01,4808917,2026-09-01T21:20:00+00:00,complete,US Open Men Singles,"New York, NY",Court 12,Carlos Taberner,48099,Zizou Bergs,69013,match,winner,126,opening,Bet105,130,3174,Zizou Bergs,69013,10923746,0,-1776,1.056,2026-08-28T10:09:26+00:00,6430.567,False,https://www.oddstrader.com/atp/?date=20260901&eid=4808917&g=match&m=winner,https://www.oddstrader.com/atp/?date=20260901&eid=4808917&g=match&m=merged
2026-09-01,4808917,2026-09-01T21:20:00+00:00,complete,US Open Men Singles,"New York, NY",Court 12,Carlos Taberner,48099,Zizou Bergs,69013,match,winner,126,closing,BetAnything,123,1061,Carlos Taberner,48099,10948625,0,645,7.45,2026-09-01T21:11:43+00:00,8.283,False,https://www.oddstrader.com/atp/?date=20260901&eid=4808917&g=match&m=winner,https://www.oddstrader.com/atp/?date=20260901&eid=4808917&g=match&m=merged
2026-09-01,4808917,2026-09-01T21:20:00+00:00,complete,US Open Men Singles,"New York, NY",Court 12,Carlos Taberner,48099,Zizou Bergs,69013,match,winner,126,opening,BetAnything,123,1061,Carlos Taberner,48099,10948625,0,895,9.95,2026-08-28T13:47:30+00:00,6212.5,False,https://www.oddstrader.com/atp/?date=20260901&eid=4808917&g=match&m=winner,https://www.oddstrader.com/atp/?date=20260901&eid=4808917&g=match&m=merged
2026-09-01,4808917,2026-09-01T21:20:00+00:00,complete,US Open Men Singles,"New York, NY",Court 12,Carlos Taberner,48099,Zizou Bergs,69013,match,winner,126,closing,BetAnything,123,1061,Zizou Bergs,69013,10923746,0,-2125,1.0471,2026-09-01T21:11:43+00:00,8.283,False,https://www.oddstrader.com/atp/?date=20260901&eid=4808917&g=match&m=winner,https://www.oddstrader.com/atp/?date=20260901&eid=4808917&g=match&m=merged
2026-09-01,4808917,2026-09-01T21:20:00+00:00,complete,US Open Men Singles,"New York, NY",Court 12,Carlos Taberner,48099,Zizou Bergs,69013,match,winner,126,opening,BetAnything,123,1061,Zizou Bergs,69013,10923746,0,-2000,1.05,2026-08-28T13:47:30+00:00,6212.5,False,https://www.oddstrader.com/atp/?date=20260901&eid=4808917&g=match&m=winner,https://www.oddstrader.com/atp/?date=20260901&eid=4808917&g=match&m=merged
2026-09-01,4808917,2026-09-01T21:20:00+00:00,complete,US Open Men Singles,"New York, NY",Court 12,Carlos Taberner,48099,Zizou Bergs,69013,match,winner,126,closing,BetOnline,8,1096,Carlos Taberner,48099,10948625,0,875,9.75,2026-09-01T21:16:23+00:00,3.617,True,https://www.oddstrader.com/atp/?date=20260901&eid=4808917&g=match&m=winner,https://www.oddstrader.com/atp/?date=20260901&eid=4808917&g=match&m=merged
2026-09-01,4808917,2026-09-01T21:20:00+00:00,complete,US Open Men Singles,"New York, NY",Court 12,Carlos Taberner,48099,Zizou Bergs,69013,match,winner,126,opening,BetOnline,8,1096,Carlos Taberner,48099,10948625,0,975,10.75,2026-08-28T11:17:04+00:00,6362.933,False,https://www.oddstrader.com/atp/?date=20260901&eid=4808917&g=match&m=winner,https://www.oddstrader.com/atp/?date=20260901&eid=4808917&g=match&m=merged
2026-09-01,4808917,2026-09-01T21:20:00+00:00,complete,US Open Men Singles,"New York, NY",Court 12,Carlos Taberner,48099,Zizou Bergs,69013,match,winner,126,closing,BetOnline,8,1096,Zizou Bergs,69013,10923746,0,-2125,1.0471,2026-09-01T21:16:23+00:00,3.617,True,https://www.oddstrader.com/atp/?date=20260901&eid=4808917&g=match&m=winner,https://www.oddstrader.com/atp/?date=20260901&eid=4808917&g=match&m=merged
2026-09-01,4808917,2026-09-01T21:20:00+00:00,complete,US Open Men Singles,"New York, NY",Court 12,Carlos Taberner,48099,Zizou Bergs,69013,match,winner,126,opening,BetOnline,8,1096,Zizou Bergs,69013,10923746,0,-2325,1.043,2026-08-28T11:17:04+00:00,6362.933,False,https://www.oddstrader.com/atp/?date=20260901&eid=4808917&g=match&m=winner,https://www.oddstrader.com/atp/?date=20260901&eid=4808917&g=match&m=merged
2026-09-01,4808917,2026-09-01T21:20:00+00:00,complete,US Open Men Singles,"New York, NY",Court 12,Carlos Taberner,48099,Zizou Bergs,69013,match,winner,126,closing,Bookmaker,10,93,Carlos Taberner,48099,10948625,0,1130,12.3,2026-08-30T09:34:14+00:00,3585.767,False,https://www.oddstrader.com/atp/?date=20260901&eid=4808917&g=match&m=winner,https://www.oddstrader.com/atp/?date=20260901&eid=4808917&g=match&m=merged
2026-09-01,4808917,2026-09-01T21:20:00+00:00,complete,US Open Men Singles,"New York, NY",Court 12,Carlos Taberner,48099,Zizou Bergs,69013,match,winner,126,opening,Bookmaker,10,93,Carlos Taberner,48099,10948625,0,924,10.24,2026-08-27T23:57:18+00:00,7042.7,False,https://www.oddstrader.com/atp/?date=20260901&eid=4808917&g=match&m=winner,https://www.oddstrader.com/atp/?date=20260901&eid=4808917&g=match&m=merged
2026-09-01,4808917,2026-09-01T21:20:00+00:00,complete,US Open Men Singles,"New York, NY",Court 12,Carlos Taberner,48099,Zizou Bergs,69013,match,winner,126,closing,Bookmaker,10,93,Zizou Bergs,69013,10923746,0,-3333,1.03,2026-08-30T00:17:52+00:00,4142.133,False,https://www.oddstrader.com/atp/?date=20260901&eid=4808917&g=match&m=winner,https://www.oddstrader.com/atp/?date=20260901&eid=4808917&g=match&m=merged
2026-09-01,4808917,2026-09-01T21:20:00+00:00,complete,US Open Men Singles,"New York, NY",Court 12,Carlos Taberner,48099,Zizou Bergs,69013,match,winner,126,opening,Bookmaker,10,93,Zizou Bergs,69013,10923746,0,-2000,1.05,2026-08-27T23:57:18+00:00,7042.7,False,https://www.oddstrader.com/atp/?date=20260901&eid=4808917&g=match&m=winner,https://www.oddstrader.com/atp/?date=20260901&eid=4808917&g=match&m=merged
2026-09-01,4808917,2026-09-01T21:20:00+00:00,complete,US Open Men Singles,"New York, NY",Court 12,Carlos Taberner,48099,Zizou Bergs,69013,match,winner,126,opening,Bovada,9,1618,Carlos Taberner,48099,10948625,0,1200,13,2026-08-27T22:52:41+00:00,7107.317,False,https://www.oddstrader.com/atp/?date=20260901&eid=4808917&g=match&m=winner,https://www.oddstrader.com/atp/?date=20260901&eid=4808917&g=match&m=merged
2026-09-01,4808917,2026-09-01T21:20:00+00:00,complete,US Open Men Singles,"New York, NY",Court 12,Carlos Taberner,48099,Zizou Bergs,69013,match,winner,126,opening,Bovada,9,1618,Zizou Bergs,69013,10923746,0,-3300,1.03,2026-08-27T22:52:41+00:00,7107.317,False,https://www.oddstrader.com/atp/?date=20260901&eid=4808917&g=match&m=winner,https://www.oddstrader.com/atp/?date=20260901&eid=4808917&g=match&m=merged
2026-09-01,4808917,2026-09-01T21:20:00+00:00,complete,US Open Men Singles,"New York, NY",Court 12,Carlos Taberner,48099,Zizou Bergs,69013,match,winner,126,closing,Everygame,29,180,Carlos Taberner,48099,10948625,0,900,10,2026-08-28T17:25:29+00:00,5994.517,False,https://www.oddstrader.com/atp/?date=20260901&eid=4808917&g=match&m=winner,https://www.oddstrader.com/atp/?date=20260901&eid=4808917&g=match&m=merged
2026-09-01,4808917,2026-09-01T21:20:00+00:00,complete,US Open Men Singles,"New York, NY",Court 12,Carlos Taberner,48099,Zizou Bergs,69013,match,winner,126,opening,Everygame,29,180,Carlos Taberner,48099,10948625,0,800,9,2026-08-28T10:37:40+00:00,6402.333,False,https://www.oddstrader.com/atp/?date=20260901&eid=4808917&g=match&m=winner,https://www.oddstrader.com/atp/?date=20260901&eid=4808917&g=match&m=merged
2026-09-01,4808917,2026-09-01T21:20:00+00:00,complete,US Open Men Singles,"New York, NY",Court 12,Carlos Taberner,48099,Zizou Bergs,69013,match,winner,126,closing,Everygame,29,180,Zizou Bergs,69013,10923746,0,-2500,1.04,2026-08-28T17:25:29+00:00,5994.517,False,https://www.oddstrader.com/atp/?date=20260901&eid=4808917&g=match&m=winner,https://www.oddstrader.com/atp/?date=20260901&eid=4808917&g=match&m=merged
2026-09-01,4808917,2026-09-01T21:20:00+00:00,complete,US Open Men Singles,"New York, NY",Court 12,Carlos Taberner,48099,Zizou Bergs,69013,match,winner,126,opening,Everygame,29,180,Zizou Bergs,69013,10923746,0,-2000,1.05,2026-08-28T10:37:40+00:00,6402.333,False,https://www.oddstrader.com/atp/?date=20260901&eid=4808917&g=match&m=winner,https://www.oddstrader.com/atp/?date=20260901&eid=4808917&g=match&m=merged
2026-09-01,4808917,2026-09-01T21:20:00+00:00,complete,US Open Men Singles,"New York, NY",Court 12,Carlos Taberner,48099,Zizou Bergs,69013,match,winner,126,opening,Heritage,44,169,Carlos Taberner,48099,10948625,0,1408,15.08,2026-08-27T20:13:22+00:00,7266.633,False,https://www.oddstrader.com/atp/?date=20260901&eid=4808917&g=match&m=winner,https://www.oddstrader.com/atp/?date=20260901&eid=4808917&g=match&m=merged
2026-09-01,4808917,2026-09-01T21:20:00+00:00,complete,US Open Men Singles,"New York, NY",Court 12,Carlos Taberner,48099,Zizou Bergs,69013,match,winner,126,opening,Heritage,44,169,Zizou Bergs,69013,10923746,0,-4545,1.022,2026-08-27T20:13:22+00:00,7266.633,False,https://www.oddstrader.com/atp/?date=20260901&eid=4808917&g=match&m=winner,https://www.oddstrader.com/atp/?date=20260901&eid=4808917&g=match&m=merged
2026-09-01,4808917,2026-09-01T21:20:00+00:00,complete,US Open Men Singles,"New York, NY",Court 12,Carlos Taberner,48099,Zizou Bergs,69013,match,winner,126,closing,JustBet,16,1275,Carlos Taberner,48099,10948625,0,1130,12.3,2026-08-30T09:30:43+00:00,3589.283,False,https://www.oddstrader.com/atp/?date=20260901&eid=4808917&g=match&m=winner,https://www.oddstrader.com/atp/?date=20260901&eid=4808917&g=match&m=merged
2026-09-01,4808917,2026-09-01T21:20:00+00:00,complete,US Open Men Singles,"New York, NY",Court 12,Carlos Taberner,48099,Zizou Bergs,69013,match,winner,126,opening,JustBet,16,1275,Carlos Taberner,48099,10948625,0,924,10.24,2026-08-27T23:57:52+00:00,7042.133,False,https://www.oddstrader.com/atp/?date=20260901&eid=4808917&g=match&m=winner,https://www.oddstrader.com/atp/?date=20260901&eid=4808917&g=match&m=merged
2026-09-01,4808917,2026-09-01T21:20:00+00:00,complete,US Open Men Singles,"New York, NY",Court 12,Carlos Taberner,48099,Zizou Bergs,69013,match,winner,126,closing,JustBet,16,1275,Zizou Bergs,69013,10923746,0,-3333,1.03,2026-08-30T00:18:03+00:00,4141.95,False,https://www.oddstrader.com/atp/?date=20260901&eid=4808917&g=match&m=winner,https://www.oddstrader.com/atp/?date=20260901&eid=4808917&g=match&m=merged
2026-09-01,4808917,2026-09-01T21:20:00+00:00,complete,US Open Men Singles,"New York, NY",Court 12,Carlos Taberner,48099,Zizou Bergs,69013,match,winner,126,opening,JustBet,16,1275,Zizou Bergs,69013,10923746,0,-2000,1.05,2026-08-27T23:57:52+00:00,7042.133,False,https://www.oddstrader.com/atp/?date=20260901&eid=4808917&g=match&m=winner,https://www.oddstrader.com/atp/?date=20260901&eid=4808917&g=match&m=merged
2026-09-01,4808917,2026-09-01T21:20:00+00:00,complete,US Open Men Singles,"New York, NY",Court 12,Carlos Taberner,48099,Zizou Bergs,69013,match,winner,126,closing,MyBookie,82,1680,Carlos Taberner,48099,10948625,0,740,8.4,2026-08-27T21:12:21+00:00,7207.65,True,https://www.oddstrader.com/atp/?date=20260901&eid=4808917&g=match&m=winner,https://www.oddstrader.com/atp/?date=20260901&eid=4808917&g=match&m=merged
2026-09-01,4808917,2026-09-01T21:20:00+00:00,complete,US Open Men Singles,"New York, NY",Court 12,Carlos Taberner,48099,Zizou Bergs,69013,match,winner,126,opening,MyBookie,82,1680,Carlos Taberner,48099,10948625,0,740,8.4,2026-08-27T21:12:21+00:00,7207.65,False,https://www.oddstrader.com/atp/?date=20260901&eid=4808917&g=match&m=winner,https://www.oddstrader.com/atp/?date=20260901&eid=4808917&g=match&m=merged
2026-09-01,4808917,2026-09-01T21:20:00+00:00,complete,US Open Men Singles,"New York, NY",Court 12,Carlos Taberner,48099,Zizou Bergs,69013,match,winner,126,closing,MyBookie,82,1680,Zizou Bergs,69013,10923746,0,-2500,1.04,2026-08-27T21:12:21+00:00,7207.65,True,https://www.oddstrader.com/atp/?date=20260901&eid=4808917&g=match&m=winner,https://www.oddstrader.com/atp/?date=20260901&eid=4808917&g=match&m=merged
2026-09-01,4808917,2026-09-01T21:20:00+00:00,complete,US Open Men Singles,"New York, NY",Court 12,Carlos Taberner,48099,Zizou Bergs,69013,match,winner,126,opening,MyBookie,82,1680,Zizou Bergs,69013,10923746,0,-2500,1.04,2026-08-27T21:12:21+00:00,7207.65,False,https://www.oddstrader.com/atp/?date=20260901&eid=4808917&g=match&m=winner,https://www.oddstrader.com/atp/?date=20260901&eid=4808917&g=match&m=merged
2026-09-01,4808917,2026-09-01T21:20:00+00:00,complete,US Open Men Singles,"New York, NY",Court 12,Carlos Taberner,48099,Zizou Bergs,69013,match,winner,126,closing,SportsBetting,131,99,Carlos Taberner,48099,10948625,0,875,9.75,2026-09-01T21:16:23+00:00,3.617,False,https://www.oddstrader.com/atp/?date=20260901&eid=4808917&g=match&m=winner,https://www.oddstrader.com/atp/?date=20260901&eid=4808917&g=match&m=merged
2026-09-01,4808917,2026-09-01T21:20:00+00:00,complete,US Open Men Singles,"New York, NY",Court 12,Carlos Taberner,48099,Zizou Bergs,69013,match,winner,126,opening,SportsBetting,131,99,Carlos Taberner,48099,10948625,0,975,10.75,2026-08-28T11:17:04+00:00,6362.933,False,https://www.oddstrader.com/atp/?date=20260901&eid=4808917&g=match&m=winner,https://www.oddstrader.com/atp/?date=20260901&eid=4808917&g=match&m=merged
2026-09-01,4808917,2026-09-01T21:20:00+00:00,complete,US Open Men Singles,"New York, NY",Court 12,Carlos Taberner,48099,Zizou Bergs,69013,match,winner,126,closing,SportsBetting,131,99,Zizou Bergs,69013,10923746,0,-2125,1.0471,2026-09-01T21:16:23+00:00,3.617,False,https://www.oddstrader.com/atp/?date=20260901&eid=4808917&g=match&m=winner,https://www.oddstrader.com/atp/?date=20260901&eid=4808917&g=match&m=merged
2026-09-01,4808917,2026-09-01T21:20:00+00:00,complete,US Open Men Singles,"New York, NY",Court 12,Carlos Taberner,48099,Zizou Bergs,69013,match,winner,126,opening,SportsBetting,131,99,Zizou Bergs,69013,10923746,0,-2325,1.043,2026-08-28T11:17:04+00:00,6362.933,False,https://www.oddstrader.com/atp/?date=20260901&eid=4808917&g=match&m=winner,https://www.oddstrader.com/atp/?date=20260901&eid=4808917&g=match&m=merged
2026-09-01,4808909,2026-09-01T22:30:00+00:00,complete,US Open Men Singles,"New York, NY",Court 13,Benjamin Bonzi,63104,Alex Molcan,46284,1st-set,winner,279,closing,BetOnline,8,1096,Alex Molcan,46284,10923745,0,140,2.4,2026-09-01T17:51:49+00:00,278.183,False,https://www.oddstrader.com/atp/?date=20260901&eid=4808909&g=1st-set&m=winner,https://www.oddstrader.com/atp/?date=20260901&eid=4808909&g=1st-set&m=merged
2026-09-01,4808909,2026-09-01T22:30:00+00:00,complete,US Open Men Singles,"New York, NY",Court 13,Benjamin Bonzi,63104,Alex Molcan,46284,1st-set,winner,279,opening,BetOnline,8,1096,Alex Molcan,46284,10923745,0,145,2.45,2026-08-28T13:19:43+00:00,6310.283,False,https://www.oddstrader.com/atp/?date=20260901&eid=4808909&g=1st-set&m=winner,https://www.oddstrader.com/atp/?date=20260901&eid=4808909&g=1st-set&m=merged
2026-09-01,4808909,2026-09-01T22:30:00+00:00,complete,US Open Men Singles,"New York, NY",Court 13,Benjamin Bonzi,63104,Alex Molcan,46284,1st-set,winner,279,closing,BetOnline,8,1096,Benjamin Bonzi,63104,10923716,0,-160,1.625,2026-09-01T07:37:41+00:00,892.317,False,https://www.oddstrader.com/atp/?date=20260901&eid=4808909&g=1st-set&m=winner,https://www.oddstrader.com/atp/?date=20260901&eid=4808909&g=1st-set&m=merged
2026-09-01,4808909,2026-09-01T22:30:00+00:00,complete,US Open Men Singles,"New York, NY",Court 13,Benjamin Bonzi,63104,Alex Molcan,46284,1st-set,winner,279,opening,BetOnline,8,1096,Benjamin Bonzi,63104,10923716,0,-165,1.6061,2026-08-28T13:19:43+00:00,6310.283,False,https://www.oddstrader.com/atp/?date=20260901&eid=4808909&g=1st-set&m=winner,https://www.oddstrader.com/atp/?date=20260901&eid=4808909&g=1st-set&m=merged
2026-09-01,4808909,2026-09-01T22:30:00+00:00,complete,US Open Men Singles,"New York, NY",Court 13,Benjamin Bonzi,63104,Alex Molcan,46284,1st-set,winner,279,closing,SportsBetting,131,99,Alex Molcan,46284,10923745,0,140,2.4,2026-09-01T17:51:49+00:00,278.183,False,https://www.oddstrader.com/atp/?date=20260901&eid=4808909&g=1st-set&m=winner,https://www.oddstrader.com/atp/?date=20260901&eid=4808909&g=1st-set&m=merged
2026-09-01,4808909,2026-09-01T22:30:00+00:00,complete,US Open Men Singles,"New York, NY",Court 13,Benjamin Bonzi,63104,Alex Molcan,46284,1st-set,winner,279,opening,SportsBetting,131,99,Alex Molcan,46284,10923745,0,145,2.45,2026-08-28T13:19:43+00:00,6310.283,False,https://www.oddstrader.com/atp/?date=20260901&eid=4808909&g=1st-set&m=winner,https://www.oddstrader.com/atp/?date=20260901&eid=4808909&g=1st-set&m=merged
2026-09-01,4808909,2026-09-01T22:30:00+00:00,complete,US Open Men Singles,"New York, NY",Court 13,Benjamin Bonzi,63104,Alex Molcan,46284,1st-set,winner,279,closing,SportsBetting,131,99,Benjamin Bonzi,63104,10923716,0,-160,1.625,2026-09-01T07:37:41+00:00,892.317,False,https://www.oddstrader.com/atp/?date=20260901&eid=4808909&g=1st-set&m=winner,https://www.oddstrader.com/atp/?date=20260901&eid=4808909&g=1st-set&m=merged
2026-09-01,4808909,2026-09-01T22:30:00+00:00,complete,US Open Men Singles,"New York, NY",Court 13,Benjamin Bonzi,63104,Alex Molcan,46284,1st-set,winner,279,opening,SportsBetting,131,99,Benjamin Bonzi,63104,10923716,0,-165,1.6061,2026-08-28T13:19:43+00:00,6310.283,False,https://www.oddstrader.com/atp/?date=20260901&eid=4808909&g=1st-set&m=winner,https://www.oddstrader.com/atp/?date=20260901&eid=4808909&g=1st-set&m=merged
2026-09-01,4808909,2026-09-01T22:30:00+00:00,complete,US Open Men Singles,"New York, NY",Court 13,Benjamin Bonzi,63104,Alex Molcan,46284,match,spread,395,closing,Bet105,130,3174,Alex Molcan,46284,11090429,4.5,-106,1.943,2026-09-01T22:10:44+00:00,19.267,True,https://www.oddstrader.com/atp/?date=20260901&eid=4808909&g=match&m=spread,https://www.oddstrader.com/atp/?date=20260901&eid=4808909&g=match&m=merged
2026-09-01,4808909,2026-09-01T22:30:00+00:00,complete,US Open Men Singles,"New York, NY",Court 13,Benjamin Bonzi,63104,Alex Molcan,46284,match,spread,395,opening,Bet105,130,3174,Alex Molcan,46284,11269137,5,-110,1.909,2026-08-28T09:43:06+00:00,6526.9,False,https://www.oddstrader.com/atp/?date=20260901&eid=4808909&g=match&m=spread,https://www.oddstrader.com/atp/?date=20260901&eid=4808909&g=match&m=merged
2026-09-01,4808909,2026-09-01T22:30:00+00:00,complete,US Open Men Singles,"New York, NY",Court 13,Benjamin Bonzi,63104,Alex Molcan,46284,match,spread,395,closing,Bet105,130,3174,Benjamin Bonzi,63104,10927392,-4.5,-110,1.909,2026-09-01T22:10:44+00:00,19.267,True,https://www.oddstrader.com/atp/?date=20260901&eid=4808909&g=match&m=spread,https://www.oddstrader.com/atp/?date=20260901&eid=4808909&g=match&m=merged
2026-09-01,4808909,2026-09-01T22:30:00+00:00,complete,US Open Men Singles,"New York, NY",Court 13,Benjamin Bonzi,63104,Alex Molcan,46284,match,spread,395,opening,Bet105,130,3174,Benjamin Bonzi,63104,11269138,-5,-108,1.926,2026-08-28T09:43:06+00:00,6526.9,False,https://www.oddstrader.com/atp/?date=20260901&eid=4808909&g=match&m=spread,https://www.oddstrader.com/atp/?date=20260901&eid=4808909&g=match&m=merged
2026-09-01,4808909,2026-09-01T22:30:00+00:00,complete,US Open Men Singles,"New York, NY",Court 13,Benjamin Bonzi,63104,Alex Molcan,46284,match,spread,395,closing,BetAnything,123,1061,Alex Molcan,46284,11090429,4.5,-115,1.8696,2026-09-01T21:16:54+00:00,73.1,False,https://www.oddstrader.com/atp/?date=20260901&eid=4808909&g=match&m=spread,https://www.oddstrader.com/atp/?date=20260901&eid=4808909&g=match&m=merged
2026-09-01,4808909,2026-09-01T22:30:00+00:00,complete,US Open Men Singles,"New York, NY",Court 13,Benjamin Bonzi,63104,Alex Molcan,46284,match,spread,395,opening,BetAnything,123,1061,Alex Molcan,46284,11090429,4.5,-115,1.8696,2026-08-28T13:52:36+00:00,6277.4,False,https://www.oddstrader.com/atp/?date=20260901&eid=4808909&g=match&m=spread,https://www.oddstrader.com/atp/?date=20260901&eid=4808909&g=match&m=merged
2026-09-01,4808909,2026-09-01T22:30:00+00:00,complete,US Open Men Singles,"New York, NY",Court 13,Benjamin Bonzi,63104,Alex Molcan,46284,match,spread,395,closing,BetAnything,123,1061,Benjamin Bonzi,63104,10927392,-4.5,-115,1.8696,2026-09-01T21:16:54+00:00,73.1,False,https://www.oddstrader.com/atp/?date=20260901&eid=4808909&g=match&m=spread,https://www.oddstrader.com/atp/?date=20260901&eid=4808909&g=match&m=merged
2026-09-01,4808909,2026-09-01T22:30:00+00:00,complete,US Open Men Singles,"New York, NY",Court 13,Benjamin Bonzi,63104,Alex Molcan,46284,match,spread,395,opening,BetAnything,123,1061,Benjamin Bonzi,63104,10927392,-4.5,-115,1.8696,2026-08-28T13:52:36+00:00,6277.4,False,https://www.oddstrader.com/atp/?date=20260901&eid=4808909&g=match&m=spread,https://www.oddstrader.com/atp/?date=20260901&eid=4808909&g=match&m=merged
2026-09-01,4808909,2026-09-01T22:30:00+00:00,complete,US Open Men Singles,"New York, NY",Court 13,Benjamin Bonzi,63104,Alex Molcan,46284,match,spread,395,closing,BetOnline,8,1096,Alex Molcan,46284,11090429,4.5,-110,1.9091,2026-09-01T21:16:23+00:00,73.617,False,https://www.oddstrader.com/atp/?date=20260901&eid=4808909&g=match&m=spread,https://www.oddstrader.com/atp/?date=20260901&eid=4808909&g=match&m=merged
2026-09-01,4808909,2026-09-01T22:30:00+00:00,complete,US Open Men Singles,"New York, NY",Court 13,Benjamin Bonzi,63104,Alex Molcan,46284,match,spread,395,opening,BetOnline,8,1096,Alex Molcan,46284,11090429,4.5,-110,1.9091,2026-08-28T10:36:21+00:00,6473.65,False,https://www.oddstrader.com/atp/?date=20260901&eid=4808909&g=match&m=spread,https://www.oddstrader.com/atp/?date=20260901&eid=4808909&g=match&m=merged
2026-09-01,4808909,2026-09-01T22:30:00+00:00,complete,US Open Men Singles,"New York, NY",Court 13,Benjamin Bonzi,63104,Alex Molcan,46284,match,spread,395,closing,BetOnline,8,1096,Benjamin Bonzi,63104,10927392,-4.5,-110,1.9091,2026-09-01T21:16:23+00:00,73.617,False,https://www.oddstrader.com/atp/?date=20260901&eid=4808909&g=match&m=spread,https://www.oddstrader.com/atp/?date=20260901&eid=4808909&g=match&m=merged
2026-09-01,4808909,2026-09-01T22:30:00+00:00,complete,US Open Men Singles,"New York, NY",Court 13,Benjamin Bonzi,63104,Alex Molcan,46284,match,spread,395,opening,BetOnline,8,1096,Benjamin Bonzi,63104,10927392,-4.5,-110,1.9091,2026-08-28T10:36:21+00:00,6473.65,False,https://www.oddstrader.com/atp/?date=20260901&eid=4808909&g=match&m=spread,https://www.oddstrader.com/atp/?date=20260901&eid=4808909&g=match&m=merged
2026-09-01,4808909,2026-09-01T22:30:00+00:00,complete,US Open Men Singles,"New York, NY",Court 13,Benjamin Bonzi,63104,Alex Molcan,46284,match,spread,395,closing,Bookmaker,10,93,Alex Molcan,46284,11090429,4.5,-110,1.9091,2026-08-30T10:42:25+00:00,3587.583,False,https://www.oddstrader.com/atp/?date=20260901&eid=4808909&g=match&m=spread,https://www.oddstrader.com/atp/?date=20260901&eid=4808909&g=match&m=merged
2026-09-01,4808909,2026-09-01T22:30:00+00:00,complete,US Open Men Singles,"New York, NY",Court 13,Benjamin Bonzi,63104,Alex Molcan,46284,match,spread,395,opening,Bookmaker,10,93,Alex Molcan,46284,11269137,5,-105,1.9524,2026-08-28T09:45:49+00:00,6524.183,False,https://www.oddstrader.com/atp/?date=20260901&eid=4808909&g=match&m=spread,https://www.oddstrader.com/atp/?date=20260901&eid=4808909&g=match&m=merged
2026-09-01,4808909,2026-09-01T22:30:00+00:00,complete,US Open Men Singles,"New York, NY",Court 13,Benjamin Bonzi,63104,Alex Molcan,46284,match,spread,395,closing,Bookmaker,10,93,Benjamin Bonzi,63104,10927392,-4.5,-111,1.9009,2026-08-30T10:42:25+00:00,3587.583,False,https://www.oddstrader.com/atp/?date=20260901&eid=4808909&g=match&m=spread,https://www.oddstrader.com/atp/?date=20260901&eid=4808909&g=match&m=merged
2026-09-01,4808909,2026-09-01T22:30:00+00:00,complete,US Open Men Singles,"New York, NY",Court 13,Benjamin Bonzi,63104,Alex Molcan,46284,match,spread,395,opening,Bookmaker,10,93,Benjamin Bonzi,63104,11269138,-5,-116,1.8621,2026-08-28T09:45:49+00:00,6524.183,False,https://www.oddstrader.com/atp/?date=20260901&eid=4808909&g=match&m=spread,https://www.oddstrader.com/atp/?date=20260901&eid=4808909&g=match&m=merged
2026-09-01,4808909,2026-09-01T22:30:00+00:00,complete,US Open Men Singles,"New York, NY",Court 13,Benjamin Bonzi,63104,Alex Molcan,46284,match,spread,395,opening,Bovada,9,1618,Alex Molcan,46284,11090676,5.5,-120,1.8333,2026-08-27T22:40:02+00:00,7189.967,False,https://www.oddstrader.com/atp/?date=20260901&eid=4808909&g=match&m=spread,https://www.oddstrader.com/atp/?date=20260901&eid=4808909&g=match&m=merged
2026-09-01,4808909,2026-09-01T22:30:00+00:00,complete,US Open Men Singles,"New York, NY",Court 13,Benjamin Bonzi,63104,Alex Molcan,46284,match,spread,395,opening,Bovada,9,1618,Benjamin Bonzi,63104,10927396,-5.5,-110,1.9091,2026-08-27T22:40:02+00:00,7189.967,False,https://www.oddstrader.com/atp/?date=20260901&eid=4808909&g=match&m=spread,https://www.oddstrader.com/atp/?date=20260901&eid=4808909&g=match&m=merged
2026-09-01,4808909,2026-09-01T22:30:00+00:00,complete,US Open Men Singles,"New York, NY",Court 13,Benjamin Bonzi,63104,Alex Molcan,46284,match,spread,395,closing,Everygame,29,180,Alex Molcan,46284,11090429,4.5,-118,1.85,2026-09-01T12:17:34+00:00,612.433,False,https://www.oddstrader.com/atp/?date=20260901&eid=4808909&g=match&m=spread,https://www.oddstrader.com/atp/?date=20260901&eid=4808909&g=match&m=merged
2026-09-01,4808909,2026-09-01T22:30:00+00:00,complete,US Open Men Singles,"New York, NY",Court 13,Benjamin Bonzi,63104,Alex Molcan,46284,match,spread,395,opening,Everygame,29,180,Alex Molcan,46284,11090429,4.5,-118,1.85,2026-08-28T10:37:40+00:00,6472.333,False,https://www.oddstrader.com/atp/?date=20260901&eid=4808909&g=match&m=spread,https://www.oddstrader.com/atp/?date=20260901&eid=4808909&g=match&m=merged
2026-09-01,4808909,2026-09-01T22:30:00+00:00,complete,US Open Men Singles,"New York, NY",Court 13,Benjamin Bonzi,63104,Alex Molcan,46284,match,spread,395,closing,Everygame,29,180,Benjamin Bonzi,63104,10927392,-4.5,-118,1.85,2026-09-01T12:17:34+00:00,612.433,False,https://www.oddstrader.com/atp/?date=20260901&eid=4808909&g=match&m=spread,https://www.oddstrader.com/atp/?date=20260901&eid=4808909&g=match&m=merged
2026-09-01,4808909,2026-09-01T22:30:00+00:00,complete,US Open Men Singles,"New York, NY",Court 13,Benjamin Bonzi,63104,Alex Molcan,46284,match,spread,395,opening,Everygame,29,180,Benjamin Bonzi,63104,10927392,-4.5,-118,1.85,2026-08-28T10:37:40+00:00,6472.333,False,https://www.oddstrader.com/atp/?date=20260901&eid=4808909&g=match&m=spread,https://www.oddstrader.com/atp/?date=20260901&eid=4808909&g=match&m=merged
2026-09-01,4808909,2026-09-01T22:30:00+00:00,complete,US Open Men Singles,"New York, NY",Court 13,Benjamin Bonzi,63104,Alex Molcan,46284,match,spread,395,closing,Heritage,44,169,Alex Molcan,46284,11090429,4.5,-116,1.862,2026-09-01T18:10:48+00:00,259.2,False,https://www.oddstrader.com/atp/?date=20260901&eid=4808909&g=match&m=spread,https://www.oddstrader.com/atp/?date=20260901&eid=4808909&g=match&m=merged
2026-09-01,4808909,2026-09-01T22:30:00+00:00,complete,US Open Men Singles,"New York, NY",Court 13,Benjamin Bonzi,63104,Alex Molcan,46284,match,spread,395,opening,Heritage,44,169,Alex Molcan,46284,11090429,4.5,-118,1.847,2026-08-27T21:12:31+00:00,7277.483,False,https://www.oddstrader.com/atp/?date=20260901&eid=4808909&g=match&m=spread,https://www.oddstrader.com/atp/?date=20260901&eid=4808909&g=match&m=merged
2026-09-01,4808909,2026-09-01T22:30:00+00:00,complete,US Open Men Singles,"New York, NY",Court 13,Benjamin Bonzi,63104,Alex Molcan,46284,match,spread,395,closing,Heritage,44,169,Benjamin Bonzi,63104,10927392,-4.5,-116,1.862,2026-09-01T18:10:48+00:00,259.2,False,https://www.oddstrader.com/atp/?date=20260901&eid=4808909&g=match&m=spread,https://www.oddstrader.com/atp/?date=20260901&eid=4808909&g=match&m=merged
2026-09-01,4808909,2026-09-01T22:30:00+00:00,complete,US Open Men Singles,"New York, NY",Court 13,Benjamin Bonzi,63104,Alex Molcan,46284,match,spread,395,opening,Heritage,44,169,Benjamin Bonzi,63104,10927392,-4.5,-120,1.833,2026-08-27T21:12:31+00:00,7277.483,False,https://www.oddstrader.com/atp/?date=20260901&eid=4808909&g=match&m=spread,https://www.oddstrader.com/atp/?date=20260901&eid=4808909&g=match&m=merged
2026-09-01,4808909,2026-09-01T22:30:00+00:00,complete,US Open Men Singles,"New York, NY",Court 13,Benjamin Bonzi,63104,Alex Molcan,46284,match,spread,395,closing,JustBet,16,1275,Alex Molcan,46284,11090429,4.5,-110,1.9091,2026-08-30T10:44:11+00:00,3585.817,False,https://www.oddstrader.com/atp/?date=20260901&eid=4808909&g=match&m=spread,https://www.oddstrader.com/atp/?date=20260901&eid=4808909&g=match&m=merged
2026-09-01,4808909,2026-09-01T22:30:00+00:00,complete,US Open Men Singles,"New York, NY",Court 13,Benjamin Bonzi,63104,Alex Molcan,46284,match,spread,395,opening,JustBet,16,1275,Alex Molcan,46284,11269137,5,-105,1.9524,2026-08-28T09:46:10+00:00,6523.833,False,https://www.oddstrader.com/atp/?date=20260901&eid=4808909&g=match&m=spread,https://www.oddstrader.com/atp/?date=20260901&eid=4808909&g=match&m=merged
2026-09-01,4808909,2026-09-01T22:30:00+00:00,complete,US Open Men Singles,"New York, NY",Court 13,Benjamin Bonzi,63104,Alex Molcan,46284,match,spread,395,closing,JustBet,16,1275,Benjamin Bonzi,63104,10927392,-4.5,-111,1.9009,2026-08-30T10:44:11+00:00,3585.817,False,https://www.oddstrader.com/atp/?date=20260901&eid=4808909&g=match&m=spread,https://www.oddstrader.com/atp/?date=20260901&eid=4808909&g=match&m=merged
2026-09-01,4808909,2026-09-01T22:30:00+00:00,complete,US Open Men Singles,"New York, NY",Court 13,Benjamin Bonzi,63104,Alex Molcan,46284,match,spread,395,opening,JustBet,16,1275,Benjamin Bonzi,63104,11269138,-5,-116,1.8621,2026-08-28T09:46:10+00:00,6523.833,False,https://www.oddstrader.com/atp/?date=20260901&eid=4808909&g=match&m=spread,https://www.oddstrader.com/atp/?date=20260901&eid=4808909&g=match&m=merged
2026-09-01,4808909,2026-09-01T22:30:00+00:00,complete,US Open Men Singles,"New York, NY",Court 13,Benjamin Bonzi,63104,Alex Molcan,46284,match,spread,395,closing,MyBookie,82,1680,Alex Molcan,46284,11090429,4.5,-126,1.7937,2026-09-01T17:53:44+00:00,276.267,False,https://www.oddstrader.com/atp/?date=20260901&eid=4808909&g=match&m=spread,https://www.oddstrader.com/atp/?date=20260901&eid=4808909&g=match&m=merged
2026-09-01,4808909,2026-09-01T22:30:00+00:00,complete,US Open Men Singles,"New York, NY",Court 13,Benjamin Bonzi,63104,Alex Molcan,46284,match,spread,395,opening,MyBookie,82,1680,Alex Molcan,46284,11090429,4.5,-125,1.8,2026-08-28T15:10:28+00:00,6199.533,False,https://www.oddstrader.com/atp/?date=20260901&eid=4808909&g=match&m=spread,https://www.oddstrader.com/atp/?date=20260901&eid=4808909&g=match&m=merged
2026-09-01,4808909,2026-09-01T22:30:00+00:00,complete,US Open Men Singles,"New York, NY",Court 13,Benjamin Bonzi,63104,Alex Molcan,46284,match,spread,395,closing,MyBookie,82,1680,Benjamin Bonzi,63104,10927392,-4.5,-109,1.9174,2026-09-01T17:53:44+00:00,276.267,False,https://www.oddstrader.com/atp/?date=20260901&eid=4808909&g=match&m=spread,https://www.oddstrader.com/atp/?date=20260901&eid=4808909&g=match&m=merged
2026-09-01,4808909,2026-09-01T22:30:00+00:00,complete,US Open Men Singles,"New York, NY",Court 13,Benjamin Bonzi,63104,Alex Molcan,46284,match,spread,395,opening,MyBookie,82,1680,Benjamin Bonzi,63104,10927392,-4.5,-115,1.8696,2026-08-28T15:10:28+00:00,6199.533,False,https://www.oddstrader.com/atp/?date=20260901&eid=4808909&g=match&m=spread,https://www.oddstrader.com/atp/?date=20260901&eid=4808909&g=match&m=merged
2026-09-01,4808909,2026-09-01T22:30:00+00:00,complete,US Open Men Singles,"New York, NY",Court 13,Benjamin Bonzi,63104,Alex Molcan,46284,match,spread,395,closing,SportsBetting,131,99,Alex Molcan,46284,11090429,4.5,-110,1.9091,2026-09-01T21:16:23+00:00,73.617,False,https://www.oddstrader.com/atp/?date=20260901&eid=4808909&g=match&m=spread,https://www.oddstrader.com/atp/?date=20260901&eid=4808909&g=match&m=merged
2026-09-01,4808909,2026-09-01T22:30:00+00:00,complete,US Open Men Singles,"New York, NY",Court 13,Benjamin Bonzi,63104,Alex Molcan,46284,match,spread,395,opening,SportsBetting,131,99,Alex Molcan,46284,11090429,4.5,-110,1.9091,2026-08-28T10:36:21+00:00,6473.65,False,https://www.oddstrader.com/atp/?date=20260901&eid=4808909&g=match&m=spread,https://www.oddstrader.com/atp/?date=20260901&eid=4808909&g=match&m=merged
2026-09-01,4808909,2026-09-01T22:30:00+00:00,complete,US Open Men Singles,"New York, NY",Court 13,Benjamin Bonzi,63104,Alex Molcan,46284,match,spread,395,closing,SportsBetting,131,99,Benjamin Bonzi,63104,10927392,-4.5,-110,1.9091,2026-09-01T21:16:23+00:00,73.617,False,https://www.oddstrader.com/atp/?date=20260901&eid=4808909&g=match&m=spread,https://www.oddstrader.com/atp/?date=20260901&eid=4808909&g=match&m=merged
2026-09-01,4808909,2026-09-01T22:30:00+00:00,complete,US Open Men Singles,"New York, NY",Court 13,Benjamin Bonzi,63104,Alex Molcan,46284,match,spread,395,opening,SportsBetting,131,99,Benjamin Bonzi,63104,10927392,-4.5,-110,1.9091,2026-08-28T10:36:21+00:00,6473.65,False,https://www.oddstrader.com/atp/?date=20260901&eid=4808909&g=match&m=spread,https://www.oddstrader.com/atp/?date=20260901&eid=4808909&g=match&m=merged
2026-09-01,4808909,2026-09-01T22:30:00+00:00,complete,US Open Men Singles,"New York, NY",Court 13,Benjamin Bonzi,63104,Alex Molcan,46284,match,total,396,closing,Bet105,130,3174,option_15143,15143,119611,36.5,-112,1.893,2026-09-01T22:10:44+00:00,19.267,True,https://www.oddstrader.com/atp/?date=20260901&eid=4808909&g=match&m=total,https://www.oddstrader.com/atp/?date=20260901&eid=4808909&g=match&m=merged
2026-09-01,4808909,2026-09-01T22:30:00+00:00,complete,US Open Men Singles,"New York, NY",Court 13,Benjamin Bonzi,63104,Alex Molcan,46284,match,total,396,opening,Bet105,130,3174,option_15143,15143,119613,37.5,-105,1.952,2026-08-28T09:43:06+00:00,6526.9,False,https://www.oddstrader.com/atp/?date=20260901&eid=4808909&g=match&m=total,https://www.oddstrader.com/atp/?date=20260901&eid=4808909&g=match&m=merged
2026-09-01,4808909,2026-09-01T22:30:00+00:00,complete,US Open Men Singles,"New York, NY",Court 13,Benjamin Bonzi,63104,Alex Molcan,46284,match,total,396,closing,Bet105,130,3174,option_15144,15144,119681,36.5,-104,1.962,2026-09-01T22:10:44+00:00,19.267,True,https://www.oddstrader.com/atp/?date=20260901&eid=4808909&g=match&m=total,https://www.oddstrader.com/atp/?date=20260901&eid=4808909&g=match&m=merged
2026-09-01,4808909,2026-09-01T22:30:00+00:00,complete,US Open Men Singles,"New York, NY",Court 13,Benjamin Bonzi,63104,Alex Molcan,46284,match,total,396,opening,Bet105,130,3174,option_15144,15144,119683,37.5,-113,1.885,2026-08-28T09:43:06+00:00,6526.9,False,https://www.oddstrader.com/atp/?date=20260901&eid=4808909&g=match&m=total,https://www.oddstrader.com/atp/?date=20260901&eid=4808909&g=match&m=merged
2026-09-01,4808909,2026-09-01T22:30:00+00:00,complete,US Open Men Singles,"New York, NY",Court 13,Benjamin Bonzi,63104,Alex Molcan,46284,match,total,396,closing,BetAnything,123,1061,option_15143,15143,119611,36.5,-115,1.8696,2026-09-01T15:47:02+00:00,402.967,False,https://www.oddstrader.com/atp/?date=20260901&eid=4808909&g=match&m=total,https://www.oddstrader.com/atp/?date=20260901&eid=4808909&g=match&m=merged
2026-09-01,4808909,2026-09-01T22:30:00+00:00,complete,US Open Men Singles,"New York, NY",Court 13,Benjamin Bonzi,63104,Alex Molcan,46284,match,total,396,opening,BetAnything,123,1061,option_15143,15143,119613,37.5,-120,1.8333,2026-08-28T13:52:36+00:00,6277.4,False,https://www.oddstrader.com/atp/?date=20260901&eid=4808909&g=match&m=total,https://www.oddstrader.com/atp/?date=20260901&eid=4808909&g=match&m=merged
2026-09-01,4808909,2026-09-01T22:30:00+00:00,complete,US Open Men Singles,"New York, NY",Court 13,Benjamin Bonzi,63104,Alex Molcan,46284,match,total,396,closing,BetAnything,123,1061,option_15144,15144,119681,36.5,-115,1.8696,2026-09-01T15:47:02+00:00,402.967,False,https://www.oddstrader.com/atp/?date=20260901&eid=4808909&g=match&m=total,https://www.oddstrader.com/atp/?date=20260901&eid=4808909&g=match&m=merged
2026-09-01,4808909,2026-09-01T22:30:00+00:00,complete,US Open Men Singles,"New York, NY",Court 13,Benjamin Bonzi,63104,Alex Molcan,46284,match,total,396,opening,BetAnything,123,1061,option_15144,15144,119683,37.5,-110,1.9091,2026-08-28T13:52:36+00:00,6277.4,False,https://www.oddstrader.com/atp/?date=20260901&eid=4808909&g=match&m=total,https://www.oddstrader.com/atp/?date=20260901&eid=4808909&g=match&m=merged
2026-09-01,4808909,2026-09-01T22:30:00+00:00,complete,US Open Men Singles,"New York, NY",Court 13,Benjamin Bonzi,63104,Alex Molcan,46284,match,total,396,closing,BetOnline,8,1096,option_15143,15143,119611,36.5,-105,1.9524,2026-09-01T11:33:35+00:00,656.417,False,https://www.oddstrader.com/atp/?date=20260901&eid=4808909&g=match&m=total,https://www.oddstrader.com/atp/?date=20260901&eid=4808909&g=match&m=merged
2026-09-01,4808909,2026-09-01T22:30:00+00:00,complete,US Open Men Singles,"New York, NY",Court 13,Benjamin Bonzi,63104,Alex Molcan,46284,match,total,396,opening,BetOnline,8,1096,option_15143,15143,119613,37.5,-115,1.8696,2026-08-28T10:36:21+00:00,6473.65,False,https://www.oddstrader.com/atp/?date=20260901&eid=4808909&g=match&m=total,https://www.oddstrader.com/atp/?date=20260901&eid=4808909&g=match&m=merged
2026-09-01,4808909,2026-09-01T22:30:00+00:00,complete,US Open Men Singles,"New York, NY",Court 13,Benjamin Bonzi,63104,Alex Molcan,46284,match,total,396,closing,BetOnline,8,1096,option_15144,15144,119681,36.5,-115,1.8696,2026-09-01T11:33:35+00:00,656.417,False,https://www.oddstrader.com/atp/?date=20260901&eid=4808909&g=match&m=total,https://www.oddstrader.com/atp/?date=20260901&eid=4808909&g=match&m=merged
2026-09-01,4808909,2026-09-01T22:30:00+00:00,complete,US Open Men Singles,"New York, NY",Court 13,Benjamin Bonzi,63104,Alex Molcan,46284,match,total,396,opening,BetOnline,8,1096,option_15144,15144,119683,37.5,-105,1.9524,2026-08-28T10:36:21+00:00,6473.65,False,https://www.oddstrader.com/atp/?date=20260901&eid=4808909&g=match&m=total,https://www.oddstrader.com/atp/?date=20260901&eid=4808909&g=match&m=merged
2026-09-01,4808909,2026-09-01T22:30:00+00:00,complete,US Open Men Singles,"New York, NY",Court 13,Benjamin Bonzi,63104,Alex Molcan,46284,match,total,396,closing,Bookmaker,10,93,option_15143,15143,119614,38,-112,1.8929,2026-08-30T10:31:49+00:00,3598.183,False,https://www.oddstrader.com/atp/?date=20260901&eid=4808909&g=match&m=total,https://www.oddstrader.com/atp/?date=20260901&eid=4808909&g=match&m=merged
2026-09-01,4808909,2026-09-01T22:30:00+00:00,complete,US Open Men Singles,"New York, NY",Court 13,Benjamin Bonzi,63104,Alex Molcan,46284,match,total,396,opening,Bookmaker,10,93,option_15143,15143,119612,37,-109,1.9174,2026-08-28T09:45:49+00:00,6524.183,False,https://www.oddstrader.com/atp/?date=20260901&eid=4808909&g=match&m=total,https://www.oddstrader.com/atp/?date=20260901&eid=4808909&g=match&m=merged
2026-09-01,4808909,2026-09-01T22:30:00+00:00,complete,US Open Men Singles,"New York, NY",Court 13,Benjamin Bonzi,63104,Alex Molcan,46284,match,total,396,closing,Bookmaker,10,93,option_15144,15144,119684,38,-109,1.9174,2026-08-30T10:31:49+00:00,3598.183,False,https://www.oddstrader.com/atp/?date=20260901&eid=4808909&g=match&m=total,https://www.oddstrader.com/atp/?date=20260901&eid=4808909&g=match&m=merged
2026-09-01,4808909,2026-09-01T22:30:00+00:00,complete,US Open Men Singles,"New York, NY",Court 13,Benjamin Bonzi,63104,Alex Molcan,46284,match,total,396,opening,Bookmaker,10,93,option_15144,15144,119682,37,-112,1.8929,2026-08-28T09:45:49+00:00,6524.183,False,https://www.oddstrader.com/atp/?date=20260901&eid=4808909&g=match&m=total,https://www.oddstrader.com/atp/?date=20260901&eid=4808909&g=match&m=merged
2026-09-01,4808909,2026-09-01T22:30:00+00:00,complete,US Open Men Singles,"New York, NY",Court 13,Benjamin Bonzi,63104,Alex Molcan,46284,match,total,396,opening,Bovada,9,1618,option_15143,15143,119611,36.5,-120,1.8333,2026-08-27T22:40:02+00:00,7189.967,False,https://www.oddstrader.com/atp/?date=20260901&eid=4808909&g=match&m=total,https://www.oddstrader.com/atp/?date=20260901&eid=4808909&g=match&m=merged
2026-09-01,4808909,2026-09-01T22:30:00+00:00,complete,US Open Men Singles,"New York, NY",Court 13,Benjamin Bonzi,63104,Alex Molcan,46284,match,total,396,opening,Bovada,9,1618,option_15144,15144,119681,36.5,-110,1.9091,2026-08-27T22:40:02+00:00,7189.967,False,https://www.oddstrader.com/atp/?date=20260901&eid=4808909&g=match&m=total,https://www.oddstrader.com/atp/?date=20260901&eid=4808909&g=match&m=merged
2026-09-01,4808909,2026-09-01T22:30:00+00:00,complete,US Open Men Singles,"New York, NY",Court 13,Benjamin Bonzi,63104,Alex Molcan,46284,match,total,396,closing,Everygame,29,180,option_15143,15143,119611,36.5,-118,1.85,2026-09-01T11:34:04+00:00,655.933,False,https://www.oddstrader.com/atp/?date=20260901&eid=4808909&g=match&m=total,https://www.oddstrader.com/atp/?date=20260901&eid=4808909&g=match&m=merged
2026-09-01,4808909,2026-09-01T22:30:00+00:00,complete,US Open Men Singles,"New York, NY",Court 13,Benjamin Bonzi,63104,Alex Molcan,46284,match,total,396,opening,Everygame,29,180,option_15143,15143,119613,37.5,-125,1.8,2026-08-28T10:37:40+00:00,6472.333,False,https://www.oddstrader.com/atp/?date=20260901&eid=4808909&g=match&m=total,https://www.oddstrader.com/atp/?date=20260901&eid=4808909&g=match&m=merged
2026-09-01,4808909,2026-09-01T22:30:00+00:00,complete,US Open Men Singles,"New York, NY",Court 13,Benjamin Bonzi,63104,Alex Molcan,46284,match,total,396,closing,Everygame,29,180,option_15144,15144,119681,36.5,-118,1.85,2026-09-01T11:34:04+00:00,655.933,False,https://www.oddstrader.com/atp/?date=20260901&eid=4808909&g=match&m=total,https://www.oddstrader.com/atp/?date=20260901&eid=4808909&g=match&m=merged
2026-09-01,4808909,2026-09-01T22:30:00+00:00,complete,US Open Men Singles,"New York, NY",Court 13,Benjamin Bonzi,63104,Alex Molcan,46284,match,total,396,opening,Everygame,29,180,option_15144,15144,119683,37.5,-111,1.9,2026-08-28T10:37:40+00:00,6472.333,False,https://www.oddstrader.com/atp/?date=20260901&eid=4808909&g=match&m=total,https://www.oddstrader.com/atp/?date=20260901&eid=4808909&g=match&m=merged
2026-09-01,4808909,2026-09-01T22:30:00+00:00,complete,US Open Men Singles,"New York, NY",Court 13,Benjamin Bonzi,63104,Alex Molcan,46284,match,total,396,closing,Heritage,44,169,option_15143,15143,119613,37.5,-124,1.806,2026-09-01T18:21:30+00:00,248.5,False,https://www.oddstrader.com/atp/?date=20260901&eid=4808909&g=match&m=total,https://www.oddstrader.com/atp/?date=20260901&eid=4808909&g=match&m=merged
2026-09-01,4808909,2026-09-01T22:30:00+00:00,complete,US Open Men Singles,"New York, NY",Court 13,Benjamin Bonzi,63104,Alex Molcan,46284,match,total,396,opening,Heritage,44,169,option_15143,15143,119608,34.5,-193,1.518,2026-08-27T21:12:31+00:00,7277.483,False,https://www.oddstrader.com/atp/?date=20260901&eid=4808909&g=match&m=total,https://www.oddstrader.com/atp/?date=20260901&eid=4808909&g=match&m=merged
2026-09-01,4808909,2026-09-01T22:30:00+00:00,complete,US Open Men Singles,"New York, NY",Court 13,Benjamin Bonzi,63104,Alex Molcan,46284,match,total,396,closing,Heritage,44,169,option_15144,15144,119683,37.5,-114,1.877,2026-09-01T18:21:30+00:00,248.5,False,https://www.oddstrader.com/atp/?date=20260901&eid=4808909&g=match&m=total,https://www.oddstrader.com/atp/?date=20260901&eid=4808909&g=match&m=merged
2026-09-01,4808909,2026-09-01T22:30:00+00:00,complete,US Open Men Singles,"New York, NY",Court 13,Benjamin Bonzi,63104,Alex Molcan,46284,match,total,396,opening,Heritage,44,169,option_15144,15144,119678,34.5,133,2.33,2026-08-27T21:12:31+00:00,7277.483,False,https://www.oddstrader.com/atp/?date=20260901&eid=4808909&g=match&m=total,https://www.oddstrader.com/atp/?date=20260901&eid=4808909&g=match&m=merged
2026-09-01,4808909,2026-09-01T22:30:00+00:00,complete,US Open Men Singles,"New York, NY",Court 13,Benjamin Bonzi,63104,Alex Molcan,46284,match,total,396,closing,JustBet,16,1275,option_15143,15143,119614,38,-112,1.8929,2026-08-30T10:28:31+00:00,3601.483,False,https://www.oddstrader.com/atp/?date=20260901&eid=4808909&g=match&m=total,https://www.oddstrader.com/atp/?date=20260901&eid=4808909&g=match&m=merged
2026-09-01,4808909,2026-09-01T22:30:00+00:00,complete,US Open Men Singles,"New York, NY",Court 13,Benjamin Bonzi,63104,Alex Molcan,46284,match,total,396,opening,JustBet,16,1275,option_15143,15143,119612,37,-109,1.9174,2026-08-28T09:46:10+00:00,6523.833,False,https://www.oddstrader.com/atp/?date=20260901&eid=4808909&g=match&m=total,https://www.oddstrader.com/atp/?date=20260901&eid=4808909&g=match&m=merged
2026-09-01,4808909,2026-09-01T22:30:00+00:00,complete,US Open Men Singles,"New York, NY",Court 13,Benjamin Bonzi,63104,Alex Molcan,46284,match,total,396,closing,JustBet,16,1275,option_15144,15144,119684,38,-109,1.9174,2026-08-30T10:28:31+00:00,3601.483,False,https://www.oddstrader.com/atp/?date=20260901&eid=4808909&g=match&m=total,https://www.oddstrader.com/atp/?date=20260901&eid=4808909&g=match&m=merged
2026-09-01,4808909,2026-09-01T22:30:00+00:00,complete,US Open Men Singles,"New York, NY",Court 13,Benjamin Bonzi,63104,Alex Molcan,46284,match,total,396,opening,JustBet,16,1275,option_15144,15144,119682,37,-112,1.8929,2026-08-28T09:46:10+00:00,6523.833,False,https://www.oddstrader.com/atp/?date=20260901&eid=4808909&g=match&m=total,https://www.oddstrader.com/atp/?date=20260901&eid=4808909&g=match&m=merged
2026-09-01,4808909,2026-09-01T22:30:00+00:00,complete,US Open Men Singles,"New York, NY",Court 13,Benjamin Bonzi,63104,Alex Molcan,46284,match,total,396,closing,MyBookie,82,1680,option_15143,15143,119613,37.5,-112,1.8929,2026-09-01T17:53:44+00:00,276.267,False,https://www.oddstrader.com/atp/?date=20260901&eid=4808909&g=match&m=total,https://www.oddstrader.com/atp/?date=20260901&eid=4808909&g=match&m=merged
2026-09-01,4808909,2026-09-01T22:30:00+00:00,complete,US Open Men Singles,"New York, NY",Court 13,Benjamin Bonzi,63104,Alex Molcan,46284,match,total,396,opening,MyBookie,82,1680,option_15143,15143,119613,37.5,-128,1.7813,2026-08-28T15:10:28+00:00,6199.533,False,https://www.oddstrader.com/atp/?date=20260901&eid=4808909&g=match&m=total,https://www.oddstrader.com/atp/?date=20260901&eid=4808909&g=match&m=merged
2026-09-01,4808909,2026-09-01T22:30:00+00:00,complete,US Open Men Singles,"New York, NY",Court 13,Benjamin Bonzi,63104,Alex Molcan,46284,match,total,396,closing,MyBookie,82,1680,option_15144,15144,119683,37.5,-123,1.813,2026-09-01T17:53:44+00:00,276.267,False,https://www.oddstrader.com/atp/?date=20260901&eid=4808909&g=match&m=total,https://www.oddstrader.com/atp/?date=20260901&eid=4808909&g=match&m=merged
2026-09-01,4808909,2026-09-01T22:30:00+00:00,complete,US Open Men Singles,"New York, NY",Court 13,Benjamin Bonzi,63104,Alex Molcan,46284,match,total,396,opening,MyBookie,82,1680,option_15144,15144,119683,37.5,-112,1.8929,2026-08-28T15:10:28+00:00,6199.533,False,https://www.oddstrader.com/atp/?date=20260901&eid=4808909&g=match&m=total,https://www.oddstrader.com/atp/?date=20260901&eid=4808909&g=match&m=merged
2026-09-01,4808909,2026-09-01T22:30:00+00:00,complete,US Open Men Singles,"New York, NY",Court 13,Benjamin Bonzi,63104,Alex Molcan,46284,match,total,396,closing,SportsBetting,131,99,option_15143,15143,119611,36.5,-105,1.9524,2026-09-01T11:33:35+00:00,656.417,False,https://www.oddstrader.com/atp/?date=20260901&eid=4808909&g=match&m=total,https://www.oddstrader.com/atp/?date=20260901&eid=4808909&g=match&m=merged
2026-09-01,4808909,2026-09-01T22:30:00+00:00,complete,US Open Men Singles,"New York, NY",Court 13,Benjamin Bonzi,63104,Alex Molcan,46284,match,total,396,opening,SportsBetting,131,99,option_15143,15143,119613,37.5,-115,1.8696,2026-08-28T10:36:21+00:00,6473.65,False,https://www.oddstrader.com/atp/?date=20260901&eid=4808909&g=match&m=total,https://www.oddstrader.com/atp/?date=20260901&eid=4808909&g=match&m=merged
2026-09-01,4808909,2026-09-01T22:30:00+00:00,complete,US Open Men Singles,"New York, NY",Court 13,Benjamin Bonzi,63104,Alex Molcan,46284,match,total,396,closing,SportsBetting,131,99,option_15144,15144,119681,36.5,-115,1.8696,2026-09-01T11:33:35+00:00,656.417,False,https://www.oddstrader.com/atp/?date=20260901&eid=4808909&g=match&m=total,https://www.oddstrader.com/atp/?date=20260901&eid=4808909&g=match&m=merged
2026-09-01,4808909,2026-09-01T22:30:00+00:00,complete,US Open Men Singles,"New York, NY",Court 13,Benjamin Bonzi,63104,Alex Molcan,46284,match,total,396,opening,SportsBetting,131,99,option_15144,15144,119683,37.5,-105,1.9524,2026-08-28T10:36:21+00:00,6473.65,False,https://www.oddstrader.com/atp/?date=20260901&eid=4808909&g=match&m=total,https://www.oddstrader.com/atp/?date=20260901&eid=4808909&g=match&m=merged
2026-09-01,4808909,2026-09-01T22:30:00+00:00,complete,US Open Men Singles,"New York, NY",Court 13,Benjamin Bonzi,63104,Alex Molcan,46284,match,winner,126,closing,Bet105,130,3174,Alex Molcan,46284,10923745,0,178,2.78,2026-09-01T22:10:44+00:00,19.267,True,https://www.oddstrader.com/atp/?date=20260901&eid=4808909&g=match&m=winner,https://www.oddstrader.com/atp/?date=20260901&eid=4808909&g=match&m=merged
2026-09-01,4808909,2026-09-01T22:30:00+00:00,complete,US Open Men Singles,"New York, NY",Court 13,Benjamin Bonzi,63104,Alex Molcan,46284,match,winner,126,opening,Bet105,130,3174,Alex Molcan,46284,10923745,0,219,3.19,2026-08-28T09:43:06+00:00,6526.9,False,https://www.oddstrader.com/atp/?date=20260901&eid=4808909&g=match&m=winner,https://www.oddstrader.com/atp/?date=20260901&eid=4808909&g=match&m=merged
2026-09-01,4808909,2026-09-01T22:30:00+00:00,complete,US Open Men Singles,"New York, NY",Court 13,Benjamin Bonzi,63104,Alex Molcan,46284,match,winner,126,closing,Bet105,130,3174,Benjamin Bonzi,63104,10923716,0,-207,1.483,2026-09-01T22:10:44+00:00,19.267,True,https://www.oddstrader.com/atp/?date=20260901&eid=4808909&g=match&m=winner,https://www.oddstrader.com/atp/?date=20260901&eid=4808909&g=match&m=merged
2026-09-01,4808909,2026-09-01T22:30:00+00:00,complete,US Open Men Singles,"New York, NY",Court 13,Benjamin Bonzi,63104,Alex Molcan,46284,match,winner,126,opening,Bet105,130,3174,Benjamin Bonzi,63104,10923716,0,-265,1.377,2026-08-28T09:43:06+00:00,6526.9,False,https://www.oddstrader.com/atp/?date=20260901&eid=4808909&g=match&m=winner,https://www.oddstrader.com/atp/?date=20260901&eid=4808909&g=match&m=merged
2026-09-01,4808909,2026-09-01T22:30:00+00:00,complete,US Open Men Singles,"New York, NY",Court 13,Benjamin Bonzi,63104,Alex Molcan,46284,match,winner,126,closing,BetAnything,123,1061,Alex Molcan,46284,10923745,0,175,2.75,2026-09-01T22:19:57+00:00,10.05,False,https://www.oddstrader.com/atp/?date=20260901&eid=4808909&g=match&m=winner,https://www.oddstrader.com/atp/?date=20260901&eid=4808909&g=match&m=merged
2026-09-01,4808909,2026-09-01T22:30:00+00:00,complete,US Open Men Singles,"New York, NY",Court 13,Benjamin Bonzi,63104,Alex Molcan,46284,match,winner,126,opening,BetAnything,123,1061,Alex Molcan,46284,10923745,0,180,2.8,2026-08-28T13:52:36+00:00,6277.4,False,https://www.oddstrader.com/atp/?date=20260901&eid=4808909&g=match&m=winner,https://www.oddstrader.com/atp/?date=20260901&eid=4808909&g=match&m=merged
2026-09-01,4808909,2026-09-01T22:30:00+00:00,complete,US Open Men Singles,"New York, NY",Court 13,Benjamin Bonzi,63104,Alex Molcan,46284,match,winner,126,closing,BetAnything,123,1061,Benjamin Bonzi,63104,10923716,0,-215,1.4651,2026-09-01T22:19:57+00:00,10.05,False,https://www.oddstrader.com/atp/?date=20260901&eid=4808909&g=match&m=winner,https://www.oddstrader.com/atp/?date=20260901&eid=4808909&g=match&m=merged
2026-09-01,4808909,2026-09-01T22:30:00+00:00,complete,US Open Men Singles,"New York, NY",Court 13,Benjamin Bonzi,63104,Alex Molcan,46284,match,winner,126,opening,BetAnything,123,1061,Benjamin Bonzi,63104,10923716,0,-220,1.4545,2026-08-28T13:52:36+00:00,6277.4,False,https://www.oddstrader.com/atp/?date=20260901&eid=4808909&g=match&m=winner,https://www.oddstrader.com/atp/?date=20260901&eid=4808909&g=match&m=merged
2026-09-01,4808909,2026-09-01T22:30:00+00:00,complete,US Open Men Singles,"New York, NY",Court 13,Benjamin Bonzi,63104,Alex Molcan,46284,match,winner,126,closing,BetOnline,8,1096,Alex Molcan,46284,10923745,0,186,2.86,2026-09-01T22:27:48+00:00,2.2,True,https://www.oddstrader.com/atp/?date=20260901&eid=4808909&g=match&m=winner,https://www.oddstrader.com/atp/?date=20260901&eid=4808909&g=match&m=merged
2026-09-01,4808909,2026-09-01T22:30:00+00:00,complete,US Open Men Singles,"New York, NY",Court 13,Benjamin Bonzi,63104,Alex Molcan,46284,match,winner,126,opening,BetOnline,8,1096,Alex Molcan,46284,10923745,0,190,2.9,2026-08-28T10:36:21+00:00,6473.65,False,https://www.oddstrader.com/atp/?date=20260901&eid=4808909&g=match&m=winner,https://www.oddstrader.com/atp/?date=20260901&eid=4808909&g=match&m=merged
2026-09-01,4808909,2026-09-01T22:30:00+00:00,complete,US Open Men Singles,"New York, NY",Court 13,Benjamin Bonzi,63104,Alex Molcan,46284,match,winner,126,closing,BetOnline,8,1096,Benjamin Bonzi,63104,10923716,0,-216,1.463,2026-09-01T22:27:48+00:00,2.2,True,https://www.oddstrader.com/atp/?date=20260901&eid=4808909&g=match&m=winner,https://www.oddstrader.com/atp/?date=20260901&eid=4808909&g=match&m=merged
2026-09-01,4808909,2026-09-01T22:30:00+00:00,complete,US Open Men Singles,"New York, NY",Court 13,Benjamin Bonzi,63104,Alex Molcan,46284,match,winner,126,opening,BetOnline,8,1096,Benjamin Bonzi,63104,10923716,0,-220,1.4545,2026-08-28T10:36:21+00:00,6473.65,False,https://www.oddstrader.com/atp/?date=20260901&eid=4808909&g=match&m=winner,https://www.oddstrader.com/atp/?date=20260901&eid=4808909&g=match&m=merged
2026-09-01,4808909,2026-09-01T22:30:00+00:00,complete,US Open Men Singles,"New York, NY",Court 13,Benjamin Bonzi,63104,Alex Molcan,46284,match,winner,126,closing,Bookmaker,10,93,Alex Molcan,46284,10923745,0,184,2.84,2026-08-30T09:29:09+00:00,3660.85,False,https://www.oddstrader.com/atp/?date=20260901&eid=4808909&g=match&m=winner,https://www.oddstrader.com/atp/?date=20260901&eid=4808909&g=match&m=merged
2026-09-01,4808909,2026-09-01T22:30:00+00:00,complete,US Open Men Singles,"New York, NY",Court 13,Benjamin Bonzi,63104,Alex Molcan,46284,match,winner,126,opening,Bookmaker,10,93,Alex Molcan,46284,10923745,0,239,3.39,2026-08-27T23:57:18+00:00,7112.7,False,https://www.oddstrader.com/atp/?date=20260901&eid=4808909&g=match&m=winner,https://www.oddstrader.com/atp/?date=20260901&eid=4808909&g=match&m=merged
2026-09-01,4808909,2026-09-01T22:30:00+00:00,complete,US Open Men Singles,"New York, NY",Court 13,Benjamin Bonzi,63104,Alex Molcan,46284,match,winner,126,closing,Bookmaker,10,93,Benjamin Bonzi,63104,10923716,0,-233,1.4292,2026-08-28T13:31:48+00:00,6298.2,False,https://www.oddstrader.com/atp/?date=20260901&eid=4808909&g=match&m=winner,https://www.oddstrader.com/atp/?date=20260901&eid=4808909&g=match&m=merged
2026-09-01,4808909,2026-09-01T22:30:00+00:00,complete,US Open Men Singles,"New York, NY",Court 13,Benjamin Bonzi,63104,Alex Molcan,46284,match,winner,126,opening,Bookmaker,10,93,Benjamin Bonzi,63104,10923716,0,-312,1.3205,2026-08-27T23:57:18+00:00,7112.7,False,https://www.oddstrader.com/atp/?date=20260901&eid=4808909&g=match&m=winner,https://www.oddstrader.com/atp/?date=20260901&eid=4808909&g=match&m=merged
2026-09-01,4808909,2026-09-01T22:30:00+00:00,complete,US Open Men Singles,"New York, NY",Court 13,Benjamin Bonzi,63104,Alex Molcan,46284,match,winner,126,opening,Bovada,9,1618,Alex Molcan,46284,10923745,0,240,3.4,2026-08-27T22:40:02+00:00,7189.967,False,https://www.oddstrader.com/atp/?date=20260901&eid=4808909&g=match&m=winner,https://www.oddstrader.com/atp/?date=20260901&eid=4808909&g=match&m=merged
2026-09-01,4808909,2026-09-01T22:30:00+00:00,complete,US Open Men Singles,"New York, NY",Court 13,Benjamin Bonzi,63104,Alex Molcan,46284,match,winner,126,opening,Bovada,9,1618,Benjamin Bonzi,63104,10923716,0,-300,1.3333,2026-08-27T22:40:02+00:00,7189.967,False,https://www.oddstrader.com/atp/?date=20260901&eid=4808909&g=match&m=winner,https://www.oddstrader.com/atp/?date=20260901&eid=4808909&g=match&m=merged
2026-09-01,4808909,2026-09-01T22:30:00+00:00,complete,US Open Men Singles,"New York, NY",Court 13,Benjamin Bonzi,63104,Alex Molcan,46284,match,winner,126,closing,Everygame,29,180,Alex Molcan,46284,10923745,0,145,2.45,2026-09-01T11:34:04+00:00,655.933,False,https://www.oddstrader.com/atp/?date=20260901&eid=4808909&g=match&m=winner,https://www.oddstrader.com/atp/?date=20260901&eid=4808909&g=match&m=merged
2026-09-01,4808909,2026-09-01T22:30:00+00:00,complete,US Open Men Singles,"New York, NY",Court 13,Benjamin Bonzi,63104,Alex Molcan,46284,match,winner,126,opening,Everygame,29,180,Alex Molcan,46284,10923745,0,175,2.75,2026-08-28T10:37:40+00:00,6472.333,False,https://www.oddstrader.com/atp/?date=20260901&eid=4808909&g=match&m=winner,https://www.oddstrader.com/atp/?date=20260901&eid=4808909&g=match&m=merged
2026-09-01,4808909,2026-09-01T22:30:00+00:00,complete,US Open Men Singles,"New York, NY",Court 13,Benjamin Bonzi,63104,Alex Molcan,46284,match,winner,126,closing,Everygame,29,180,Benjamin Bonzi,63104,10923716,0,-189,1.53,2026-09-01T11:34:04+00:00,655.933,False,https://www.oddstrader.com/atp/?date=20260901&eid=4808909&g=match&m=winner,https://www.oddstrader.com/atp/?date=20260901&eid=4808909&g=match&m=merged
2026-09-01,4808909,2026-09-01T22:30:00+00:00,complete,US Open Men Singles,"New York, NY",Court 13,Benjamin Bonzi,63104,Alex Molcan,46284,match,winner,126,opening,Everygame,29,180,Benjamin Bonzi,63104,10923716,0,-227,1.44,2026-08-28T10:37:40+00:00,6472.333,False,https://www.oddstrader.com/atp/?date=20260901&eid=4808909&g=match&m=winner,https://www.oddstrader.com/atp/?date=20260901&eid=4808909&g=match&m=merged
2026-09-01,4808909,2026-09-01T22:30:00+00:00,complete,US Open Men Singles,"New York, NY",Court 13,Benjamin Bonzi,63104,Alex Molcan,46284,match,winner,126,closing,Heritage,44,169,Alex Molcan,46284,10923745,0,179,2.79,2026-09-01T22:11:06+00:00,18.9,True,https://www.oddstrader.com/atp/?date=20260901&eid=4808909&g=match&m=winner,https://www.oddstrader.com/atp/?date=20260901&eid=4808909&g=match&m=merged
2026-09-01,4808909,2026-09-01T22:30:00+00:00,complete,US Open Men Singles,"New York, NY",Court 13,Benjamin Bonzi,63104,Alex Molcan,46284,match,winner,126,opening,Heritage,44,169,Alex Molcan,46284,10923745,0,180,2.8,2026-08-27T20:40:29+00:00,7309.517,False,https://www.oddstrader.com/atp/?date=20260901&eid=4808909&g=match&m=winner,https://www.oddstrader.com/atp/?date=20260901&eid=4808909&g=match&m=merged
2026-09-01,4808909,2026-09-01T22:30:00+00:00,complete,US Open Men Singles,"New York, NY",Court 13,Benjamin Bonzi,63104,Alex Molcan,46284,match,winner,126,closing,Heritage,44,169,Benjamin Bonzi,63104,10923716,0,-223,1.448,2026-09-01T22:11:06+00:00,18.9,True,https://www.oddstrader.com/atp/?date=20260901&eid=4808909&g=match&m=winner,https://www.oddstrader.com/atp/?date=20260901&eid=4808909&g=match&m=merged
2026-09-01,4808909,2026-09-01T22:30:00+00:00,complete,US Open Men Singles,"New York, NY",Court 13,Benjamin Bonzi,63104,Alex Molcan,46284,match,winner,126,opening,Heritage,44,169,Benjamin Bonzi,63104,10923716,0,-228,1.439,2026-08-27T20:40:29+00:00,7309.517,False,https://www.oddstrader.com/atp/?date=20260901&eid=4808909&g=match&m=winner,https://www.oddstrader.com/atp/?date=20260901&eid=4808909&g=match&m=merged
2026-09-01,4808909,2026-09-01T22:30:00+00:00,complete,US Open Men Singles,"New York, NY",Court 13,Benjamin Bonzi,63104,Alex Molcan,46284,match,winner,126,closing,JustBet,16,1275,Alex Molcan,46284,10923745,0,184,2.84,2026-08-30T09:30:43+00:00,3659.283,False,https://www.oddstrader.com/atp/?date=20260901&eid=4808909&g=match&m=winner,https://www.oddstrader.com/atp/?date=20260901&eid=4808909&g=match&m=merged
2026-09-01,4808909,2026-09-01T22:30:00+00:00,complete,US Open Men Singles,"New York, NY",Court 13,Benjamin Bonzi,63104,Alex Molcan,46284,match,winner,126,opening,JustBet,16,1275,Alex Molcan,46284,10923745,0,239,3.39,2026-08-27T23:57:52+00:00,7112.133,False,https://www.oddstrader.com/atp/?date=20260901&eid=4808909&g=match&m=winner,https://www.oddstrader.com/atp/?date=20260901&eid=4808909&g=match&m=merged
2026-09-01,4808909,2026-09-01T22:30:00+00:00,complete,US Open Men Singles,"New York, NY",Court 13,Benjamin Bonzi,63104,Alex Molcan,46284,match,winner,126,closing,JustBet,16,1275,Benjamin Bonzi,63104,10923716,0,-233,1.4292,2026-08-28T13:31:47+00:00,6298.217,False,https://www.oddstrader.com/atp/?date=20260901&eid=4808909&g=match&m=winner,https://www.oddstrader.com/atp/?date=20260901&eid=4808909&g=match&m=merged
2026-09-01,4808909,2026-09-01T22:30:00+00:00,complete,US Open Men Singles,"New York, NY",Court 13,Benjamin Bonzi,63104,Alex Molcan,46284,match,winner,126,opening,JustBet,16,1275,Benjamin Bonzi,63104,10923716,0,-312,1.3205,2026-08-27T23:57:52+00:00,7112.133,False,https://www.oddstrader.com/atp/?date=20260901&eid=4808909&g=match&m=winner,https://www.oddstrader.com/atp/?date=20260901&eid=4808909&g=match&m=merged
2026-09-01,4808909,2026-09-01T22:30:00+00:00,complete,US Open Men Singles,"New York, NY",Court 13,Benjamin Bonzi,63104,Alex Molcan,46284,match,winner,126,closing,MyBookie,82,1680,Alex Molcan,46284,10923745,0,177,2.77,2026-09-01T16:52:58+00:00,337.033,False,https://www.oddstrader.com/atp/?date=20260901&eid=4808909&g=match&m=winner,https://www.oddstrader.com/atp/?date=20260901&eid=4808909&g=match&m=merged
2026-09-01,4808909,2026-09-01T22:30:00+00:00,complete,US Open Men Singles,"New York, NY",Court 13,Benjamin Bonzi,63104,Alex Molcan,46284,match,winner,126,opening,MyBookie,82,1680,Alex Molcan,46284,10923745,0,156,2.56,2026-08-27T19:52:04+00:00,7357.933,False,https://www.oddstrader.com/atp/?date=20260901&eid=4808909&g=match&m=winner,https://www.oddstrader.com/atp/?date=20260901&eid=4808909&g=match&m=merged
2026-09-01,4808909,2026-09-01T22:30:00+00:00,complete,US Open Men Singles,"New York, NY",Court 13,Benjamin Bonzi,63104,Alex Molcan,46284,match,winner,126,closing,MyBookie,82,1680,Benjamin Bonzi,63104,10923716,0,-222,1.4505,2026-09-01T16:52:58+00:00,337.033,False,https://www.oddstrader.com/atp/?date=20260901&eid=4808909&g=match&m=winner,https://www.oddstrader.com/atp/?date=20260901&eid=4808909&g=match&m=merged
2026-09-01,4808909,2026-09-01T22:30:00+00:00,complete,US Open Men Singles,"New York, NY",Court 13,Benjamin Bonzi,63104,Alex Molcan,46284,match,winner,126,opening,MyBookie,82,1680,Benjamin Bonzi,63104,10923716,0,-222,1.4505,2026-08-27T19:52:04+00:00,7357.933,False,https://www.oddstrader.com/atp/?date=20260901&eid=4808909&g=match&m=winner,https://www.oddstrader.com/atp/?date=20260901&eid=4808909&g=match&m=merged
2026-09-01,4808909,2026-09-01T22:30:00+00:00,complete,US Open Men Singles,"New York, NY",Court 13,Benjamin Bonzi,63104,Alex Molcan,46284,match,winner,126,closing,SportsBetting,131,99,Alex Molcan,46284,10923745,0,186,2.86,2026-09-01T22:27:48+00:00,2.2,False,https://www.oddstrader.com/atp/?date=20260901&eid=4808909&g=match&m=winner,https://www.oddstrader.com/atp/?date=20260901&eid=4808909&g=match&m=merged
2026-09-01,4808909,2026-09-01T22:30:00+00:00,complete,US Open Men Singles,"New York, NY",Court 13,Benjamin Bonzi,63104,Alex Molcan,46284,match,winner,126,opening,SportsBetting,131,99,Alex Molcan,46284,10923745,0,190,2.9,2026-08-28T10:36:21+00:00,6473.65,False,https://www.oddstrader.com/atp/?date=20260901&eid=4808909&g=match&m=winner,https://www.oddstrader.com/atp/?date=20260901&eid=4808909&g=match&m=merged
2026-09-01,4808909,2026-09-01T22:30:00+00:00,complete,US Open Men Singles,"New York, NY",Court 13,Benjamin Bonzi,63104,Alex Molcan,46284,match,winner,126,closing,SportsBetting,131,99,Benjamin Bonzi,63104,10923716,0,-216,1.463,2026-09-01T22:27:48+00:00,2.2,False,https://www.oddstrader.com/atp/?date=20260901&eid=4808909&g=match&m=winner,https://www.oddstrader.com/atp/?date=20260901&eid=4808909&g=match&m=merged
2026-09-01,4808909,2026-09-01T22:30:00+00:00,complete,US Open Men Singles,"New York, NY",Court 13,Benjamin Bonzi,63104,Alex Molcan,46284,match,winner,126,opening,SportsBetting,131,99,Benjamin Bonzi,63104,10923716,0,-220,1.4545,2026-08-28T10:36:21+00:00,6473.65,False,https://www.oddstrader.com/atp/?date=20260901&eid=4808909&g=match&m=winner,https://www.oddstrader.com/atp/?date=20260901&eid=4808909&g=match&m=merged
2026-09-01,4808904,2026-09-01T23:05:00+00:00,complete,US Open Men Singles,"New York, NY",Louis Armstrong Stadium,Gael Monfils,35558,Adolfo Daniel Vallejo,437679,1st-set,winner,279,opening,BetOnline,8,1096,Adolfo Daniel Vallejo,437679,11221073,0,-120,1.8333,2026-08-28T13:19:43+00:00,6345.283,False,https://www.oddstrader.com/atp/?date=20260901&eid=4808904&g=1st-set&m=winner,https://www.oddstrader.com/atp/?date=20260901&eid=4808904&g=1st-set&m=merged
2026-09-01,4808904,2026-09-01T23:05:00+00:00,complete,US Open Men Singles,"New York, NY",Louis Armstrong Stadium,Gael Monfils,35558,Adolfo Daniel Vallejo,437679,1st-set,winner,279,opening,BetOnline,8,1096,Gael Monfils,35558,10916639,0,100,2,2026-08-28T13:19:43+00:00,6345.283,False,https://www.oddstrader.com/atp/?date=20260901&eid=4808904&g=1st-set&m=winner,https://www.oddstrader.com/atp/?date=20260901&eid=4808904&g=1st-set&m=merged
2026-09-01,4808904,2026-09-01T23:05:00+00:00,complete,US Open Men Singles,"New York, NY",Louis Armstrong Stadium,Gael Monfils,35558,Adolfo Daniel Vallejo,437679,1st-set,winner,279,opening,SportsBetting,131,99,Adolfo Daniel Vallejo,437679,11221073,0,-120,1.8333,2026-08-28T13:19:43+00:00,6345.283,False,https://www.oddstrader.com/atp/?date=20260901&eid=4808904&g=1st-set&m=winner,https://www.oddstrader.com/atp/?date=20260901&eid=4808904&g=1st-set&m=merged
2026-09-01,4808904,2026-09-01T23:05:00+00:00,complete,US Open Men Singles,"New York, NY",Louis Armstrong Stadium,Gael Monfils,35558,Adolfo Daniel Vallejo,437679,1st-set,winner,279,opening,SportsBetting,131,99,Gael Monfils,35558,10916639,0,100,2,2026-08-28T13:19:43+00:00,6345.283,False,https://www.oddstrader.com/atp/?date=20260901&eid=4808904&g=1st-set&m=winner,https://www.oddstrader.com/atp/?date=20260901&eid=4808904&g=1st-set&m=merged
2026-09-01,4808904,2026-09-01T23:05:00+00:00,complete,US Open Men Singles,"New York, NY",Louis Armstrong Stadium,Gael Monfils,35558,Adolfo Daniel Vallejo,437679,match,spread,395,closing,Bet105,130,3174,Adolfo Daniel Vallejo,437679,11221196,-1.5,-109,1.917,2026-09-01T22:47:32+00:00,17.467,True,https://www.oddstrader.com/atp/?date=20260901&eid=4808904&g=match&m=spread,https://www.oddstrader.com/atp/?date=20260901&eid=4808904&g=match&m=merged
2026-09-01,4808904,2026-09-01T23:05:00+00:00,complete,US Open Men Singles,"New York, NY",Louis Armstrong Stadium,Gael Monfils,35558,Adolfo Daniel Vallejo,437679,match,spread,395,opening,Bet105,130,3174,Adolfo Daniel Vallejo,437679,11221268,-2.5,-106,1.943,2026-08-28T09:43:06+00:00,6561.9,False,https://www.oddstrader.com/atp/?date=20260901&eid=4808904&g=match&m=spread,https://www.oddstrader.com/atp/?date=20260901&eid=4808904&g=match&m=merged
2026-09-01,4808904,2026-09-01T23:05:00+00:00,complete,US Open Men Singles,"New York, NY",Louis Armstrong Stadium,Gael Monfils,35558,Adolfo Daniel Vallejo,437679,match,spread,395,closing,Bet105,130,3174,Gael Monfils,35558,10929068,1.5,-107,1.935,2026-09-01T22:47:32+00:00,17.467,True,https://www.oddstrader.com/atp/?date=20260901&eid=4808904&g=match&m=spread,https://www.oddstrader.com/atp/?date=20260901&eid=4808904&g=match&m=merged
2026-09-01,4808904,2026-09-01T23:05:00+00:00,complete,US Open Men Singles,"New York, NY",Louis Armstrong Stadium,Gael Monfils,35558,Adolfo Daniel Vallejo,437679,match,spread,395,opening,Bet105,130,3174,Gael Monfils,35558,10929409,2.5,-112,1.893,2026-08-28T09:43:06+00:00,6561.9,False,https://www.oddstrader.com/atp/?date=20260901&eid=4808904&g=match&m=spread,https://www.oddstrader.com/atp/?date=20260901&eid=4808904&g=match&m=merged
2026-09-01,4808904,2026-09-01T23:05:00+00:00,complete,US Open Men Singles,"New York, NY",Louis Armstrong Stadium,Gael Monfils,35558,Adolfo Daniel Vallejo,437679,match,spread,395,closing,BetOnline,8,1096,Adolfo Daniel Vallejo,437679,11221196,-1.5,-111,1.9009,2026-09-01T19:03:23+00:00,241.617,False,https://www.oddstrader.com/atp/?date=20260901&eid=4808904&g=match&m=spread,https://www.oddstrader.com/atp/?date=20260901&eid=4808904&g=match&m=merged
2026-09-01,4808904,2026-09-01T23:05:00+00:00,complete,US Open Men Singles,"New York, NY",Louis Armstrong Stadium,Gael Monfils,35558,Adolfo Daniel Vallejo,437679,match,spread,395,opening,BetOnline,8,1096,Adolfo Daniel Vallejo,437679,11221267,-0.5,-106,1.9434,2026-08-28T10:36:21+00:00,6508.65,False,https://www.oddstrader.com/atp/?date=20260901&eid=4808904&g=match&m=spread,https://www.oddstrader.com/atp/?date=20260901&eid=4808904&g=match&m=merged
2026-09-01,4808904,2026-09-01T23:05:00+00:00,complete,US Open Men Singles,"New York, NY",Louis Armstrong Stadium,Gael Monfils,35558,Adolfo Daniel Vallejo,437679,match,spread,395,closing,BetOnline,8,1096,Gael Monfils,35558,10929068,1.5,-109,1.9174,2026-09-01T19:03:23+00:00,241.617,False,https://www.oddstrader.com/atp/?date=20260901&eid=4808904&g=match&m=spread,https://www.oddstrader.com/atp/?date=20260901&eid=4808904&g=match&m=merged
2026-09-01,4808904,2026-09-01T23:05:00+00:00,complete,US Open Men Singles,"New York, NY",Louis Armstrong Stadium,Gael Monfils,35558,Adolfo Daniel Vallejo,437679,match,spread,395,opening,BetOnline,8,1096,Gael Monfils,35558,10929069,0.5,-114,1.8772,2026-08-28T10:36:21+00:00,6508.65,False,https://www.oddstrader.com/atp/?date=20260901&eid=4808904&g=match&m=spread,https://www.oddstrader.com/atp/?date=20260901&eid=4808904&g=match&m=merged
2026-09-01,4808904,2026-09-01T23:05:00+00:00,complete,US Open Men Singles,"New York, NY",Louis Armstrong Stadium,Gael Monfils,35558,Adolfo Daniel Vallejo,437679,match,spread,395,closing,Bookmaker,10,93,Adolfo Daniel Vallejo,437679,11221456,-1,-111,1.9009,2026-08-29T02:00:17+00:00,5584.717,False,https://www.oddstrader.com/atp/?date=20260901&eid=4808904&g=match&m=spread,https://www.oddstrader.com/atp/?date=20260901&eid=4808904&g=match&m=merged
2026-09-01,4808904,2026-09-01T23:05:00+00:00,complete,US Open Men Singles,"New York, NY",Louis Armstrong Stadium,Gael Monfils,35558,Adolfo Daniel Vallejo,437679,match,spread,395,opening,Bookmaker,10,93,Adolfo Daniel Vallejo,437679,11221268,-2.5,-112,1.8929,2026-08-28T09:45:49+00:00,6559.183,False,https://www.oddstrader.com/atp/?date=20260901&eid=4808904&g=match&m=spread,https://www.oddstrader.com/atp/?date=20260901&eid=4808904&g=match&m=merged
2026-09-01,4808904,2026-09-01T23:05:00+00:00,complete,US Open Men Singles,"New York, NY",Louis Armstrong Stadium,Gael Monfils,35558,Adolfo Daniel Vallejo,437679,match,spread,395,closing,Bookmaker,10,93,Gael Monfils,35558,10929423,1,-110,1.9091,2026-08-29T02:00:17+00:00,5584.717,False,https://www.oddstrader.com/atp/?date=20260901&eid=4808904&g=match&m=spread,https://www.oddstrader.com/atp/?date=20260901&eid=4808904&g=match&m=merged
2026-09-01,4808904,2026-09-01T23:05:00+00:00,complete,US Open Men Singles,"New York, NY",Louis Armstrong Stadium,Gael Monfils,35558,Adolfo Daniel Vallejo,437679,match,spread,395,opening,Bookmaker,10,93,Gael Monfils,35558,10929409,2.5,-109,1.9174,2026-08-28T09:45:49+00:00,6559.183,False,https://www.oddstrader.com/atp/?date=20260901&eid=4808904&g=match&m=spread,https://www.oddstrader.com/atp/?date=20260901&eid=4808904&g=match&m=merged
2026-09-01,4808904,2026-09-01T23:05:00+00:00,complete,US Open Men Singles,"New York, NY",Louis Armstrong Stadium,Gael Monfils,35558,Adolfo Daniel Vallejo,437679,match,spread,395,closing,Bovada,9,1618,Adolfo Daniel Vallejo,437679,11221196,-1.5,-115,1.87,2026-09-01T22:41:54+00:00,23.1,True,https://www.oddstrader.com/atp/?date=20260901&eid=4808904&g=match&m=spread,https://www.oddstrader.com/atp/?date=20260901&eid=4808904&g=match&m=merged
2026-09-01,4808904,2026-09-01T23:05:00+00:00,complete,US Open Men Singles,"New York, NY",Louis Armstrong Stadium,Gael Monfils,35558,Adolfo Daniel Vallejo,437679,match,spread,395,opening,Bovada,9,1618,Adolfo Daniel Vallejo,437679,11221269,-3.5,-110,1.9091,2026-08-27T22:40:02+00:00,7224.967,False,https://www.oddstrader.com/atp/?date=20260901&eid=4808904&g=match&m=spread,https://www.oddstrader.com/atp/?date=20260901&eid=4808904&g=match&m=merged
2026-09-01,4808904,2026-09-01T23:05:00+00:00,complete,US Open Men Singles,"New York, NY",Louis Armstrong Stadium,Gael Monfils,35558,Adolfo Daniel Vallejo,437679,match,spread,395,closing,Bovada,9,1618,Gael Monfils,35558,10929068,1.5,-115,1.87,2026-09-01T22:41:54+00:00,23.1,True,https://www.oddstrader.com/atp/?date=20260901&eid=4808904&g=match&m=spread,https://www.oddstrader.com/atp/?date=20260901&eid=4808904&g=match&m=merged
2026-09-01,4808904,2026-09-01T23:05:00+00:00,complete,US Open Men Singles,"New York, NY",Louis Armstrong Stadium,Gael Monfils,35558,Adolfo Daniel Vallejo,437679,match,spread,395,opening,Bovada,9,1618,Gael Monfils,35558,10929826,3.5,-120,1.8333,2026-08-27T22:40:02+00:00,7224.967,False,https://www.oddstrader.com/atp/?date=20260901&eid=4808904&g=match&m=spread,https://www.oddstrader.com/atp/?date=20260901&eid=4808904&g=match&m=merged
2026-09-01,4808904,2026-09-01T23:05:00+00:00,complete,US Open Men Singles,"New York, NY",Louis Armstrong Stadium,Gael Monfils,35558,Adolfo Daniel Vallejo,437679,match,spread,395,closing,Everygame,29,180,Adolfo Daniel Vallejo,437679,11221196,-1.5,-125,1.8,2026-09-01T20:56:44+00:00,128.267,False,https://www.oddstrader.com/atp/?date=20260901&eid=4808904&g=match&m=spread,https://www.oddstrader.com/atp/?date=20260901&eid=4808904&g=match&m=merged
2026-09-01,4808904,2026-09-01T23:05:00+00:00,complete,US Open Men Singles,"New York, NY",Louis Armstrong Stadium,Gael Monfils,35558,Adolfo Daniel Vallejo,437679,match,spread,395,opening,Everygame,29,180,Adolfo Daniel Vallejo,437679,11221267,-0.5,-118,1.85,2026-08-28T10:37:40+00:00,6507.333,False,https://www.oddstrader.com/atp/?date=20260901&eid=4808904&g=match&m=spread,https://www.oddstrader.com/atp/?date=20260901&eid=4808904&g=match&m=merged
2026-09-01,4808904,2026-09-01T23:05:00+00:00,complete,US Open Men Singles,"New York, NY",Louis Armstrong Stadium,Gael Monfils,35558,Adolfo Daniel Vallejo,437679,match,spread,395,closing,Everygame,29,180,Gael Monfils,35558,10929068,1.5,-111,1.9,2026-09-01T20:56:44+00:00,128.267,False,https://www.oddstrader.com/atp/?date=20260901&eid=4808904&g=match&m=spread,https://www.oddstrader.com/atp/?date=20260901&eid=4808904&g=match&m=merged
2026-09-01,4808904,2026-09-01T23:05:00+00:00,complete,US Open Men Singles,"New York, NY",Louis Armstrong Stadium,Gael Monfils,35558,Adolfo Daniel Vallejo,437679,match,spread,395,opening,Everygame,29,180,Gael Monfils,35558,10929069,0.5,-118,1.85,2026-08-28T10:37:40+00:00,6507.333,False,https://www.oddstrader.com/atp/?date=20260901&eid=4808904&g=match&m=spread,https://www.oddstrader.com/atp/?date=20260901&eid=4808904&g=match&m=merged
2026-09-01,4808904,2026-09-01T23:05:00+00:00,complete,US Open Men Singles,"New York, NY",Louis Armstrong Stadium,Gael Monfils,35558,Adolfo Daniel Vallejo,437679,match,spread,395,closing,Heritage,44,169,Adolfo Daniel Vallejo,437679,11221196,-1.5,-124,1.806,2026-09-01T22:37:50+00:00,27.167,False,https://www.oddstrader.com/atp/?date=20260901&eid=4808904&g=match&m=spread,https://www.oddstrader.com/atp/?date=20260901&eid=4808904&g=match&m=merged
2026-09-01,4808904,2026-09-01T23:05:00+00:00,complete,US Open Men Singles,"New York, NY",Louis Armstrong Stadium,Gael Monfils,35558,Adolfo Daniel Vallejo,437679,match,spread,395,opening,Heritage,44,169,Adolfo Daniel Vallejo,437679,11221196,-1.5,-153,1.654,2026-08-27T20:02:29+00:00,7382.517,False,https://www.oddstrader.com/atp/?date=20260901&eid=4808904&g=match&m=spread,https://www.oddstrader.com/atp/?date=20260901&eid=4808904&g=match&m=merged
2026-09-01,4808904,2026-09-01T23:05:00+00:00,complete,US Open Men Singles,"New York, NY",Louis Armstrong Stadium,Gael Monfils,35558,Adolfo Daniel Vallejo,437679,match,spread,395,closing,Heritage,44,169,Gael Monfils,35558,10929068,1.5,-114,1.877,2026-09-01T22:37:50+00:00,27.167,False,https://www.oddstrader.com/atp/?date=20260901&eid=4808904&g=match&m=spread,https://www.oddstrader.com/atp/?date=20260901&eid=4808904&g=match&m=merged
2026-09-01,4808904,2026-09-01T23:05:00+00:00,complete,US Open Men Singles,"New York, NY",Louis Armstrong Stadium,Gael Monfils,35558,Adolfo Daniel Vallejo,437679,match,spread,395,opening,Heritage,44,169,Gael Monfils,35558,10929068,1.5,109,2.09,2026-08-27T20:02:29+00:00,7382.517,False,https://www.oddstrader.com/atp/?date=20260901&eid=4808904&g=match&m=spread,https://www.oddstrader.com/atp/?date=20260901&eid=4808904&g=match&m=merged
2026-09-01,4808904,2026-09-01T23:05:00+00:00,complete,US Open Men Singles,"New York, NY",Louis Armstrong Stadium,Gael Monfils,35558,Adolfo Daniel Vallejo,437679,match,spread,395,closing,JustBet,16,1275,Adolfo Daniel Vallejo,437679,11221456,-1,-111,1.9009,2026-08-29T02:00:17+00:00,5584.717,False,https://www.oddstrader.com/atp/?date=20260901&eid=4808904&g=match&m=spread,https://www.oddstrader.com/atp/?date=20260901&eid=4808904&g=match&m=merged
2026-09-01,4808904,2026-09-01T23:05:00+00:00,complete,US Open Men Singles,"New York, NY",Louis Armstrong Stadium,Gael Monfils,35558,Adolfo Daniel Vallejo,437679,match,spread,395,opening,JustBet,16,1275,Adolfo Daniel Vallejo,437679,11221268,-2.5,-112,1.8929,2026-08-28T09:46:10+00:00,6558.833,False,https://www.oddstrader.com/atp/?date=20260901&eid=4808904&g=match&m=spread,https://www.oddstrader.com/atp/?date=20260901&eid=4808904&g=match&m=merged
2026-09-01,4808904,2026-09-01T23:05:00+00:00,complete,US Open Men Singles,"New York, NY",Louis Armstrong Stadium,Gael Monfils,35558,Adolfo Daniel Vallejo,437679,match,spread,395,closing,JustBet,16,1275,Gael Monfils,35558,10929423,1,-110,1.9091,2026-08-29T02:00:17+00:00,5584.717,False,https://www.oddstrader.com/atp/?date=20260901&eid=4808904&g=match&m=spread,https://www.oddstrader.com/atp/?date=20260901&eid=4808904&g=match&m=merged
2026-09-01,4808904,2026-09-01T23:05:00+00:00,complete,US Open Men Singles,"New York, NY",Louis Armstrong Stadium,Gael Monfils,35558,Adolfo Daniel Vallejo,437679,match,spread,395,opening,JustBet,16,1275,Gael Monfils,35558,10929409,2.5,-109,1.9174,2026-08-28T09:46:10+00:00,6558.833,False,https://www.oddstrader.com/atp/?date=20260901&eid=4808904&g=match&m=spread,https://www.oddstrader.com/atp/?date=20260901&eid=4808904&g=match&m=merged
2026-09-01,4808904,2026-09-01T23:05:00+00:00,complete,US Open Men Singles,"New York, NY",Louis Armstrong Stadium,Gael Monfils,35558,Adolfo Daniel Vallejo,437679,match,spread,395,closing,MyBookie,82,1680,Adolfo Daniel Vallejo,437679,11221196,-1.5,-121,1.8264,2026-09-01T20:38:57+00:00,146.05,True,https://www.oddstrader.com/atp/?date=20260901&eid=4808904&g=match&m=spread,https://www.oddstrader.com/atp/?date=20260901&eid=4808904&g=match&m=merged
2026-09-01,4808904,2026-09-01T23:05:00+00:00,complete,US Open Men Singles,"New York, NY",Louis Armstrong Stadium,Gael Monfils,35558,Adolfo Daniel Vallejo,437679,match,spread,395,opening,MyBookie,82,1680,Adolfo Daniel Vallejo,437679,11221267,-0.5,-126,1.7937,2026-08-28T15:10:28+00:00,6234.533,False,https://www.oddstrader.com/atp/?date=20260901&eid=4808904&g=match&m=spread,https://www.oddstrader.com/atp/?date=20260901&eid=4808904&g=match&m=merged
2026-09-01,4808904,2026-09-01T23:05:00+00:00,complete,US Open Men Singles,"New York, NY",Louis Armstrong Stadium,Gael Monfils,35558,Adolfo Daniel Vallejo,437679,match,spread,395,closing,MyBookie,82,1680,Gael Monfils,35558,10929068,1.5,-113,1.885,2026-09-01T20:38:57+00:00,146.05,True,https://www.oddstrader.com/atp/?date=20260901&eid=4808904&g=match&m=spread,https://www.oddstrader.com/atp/?date=20260901&eid=4808904&g=match&m=merged
2026-09-01,4808904,2026-09-01T23:05:00+00:00,complete,US Open Men Singles,"New York, NY",Louis Armstrong Stadium,Gael Monfils,35558,Adolfo Daniel Vallejo,437679,match,spread,395,opening,MyBookie,82,1680,Gael Monfils,35558,10929069,0.5,-114,1.8772,2026-08-28T15:10:28+00:00,6234.533,False,https://www.oddstrader.com/atp/?date=20260901&eid=4808904&g=match&m=spread,https://www.oddstrader.com/atp/?date=20260901&eid=4808904&g=match&m=merged
2026-09-01,4808904,2026-09-01T23:05:00+00:00,complete,US Open Men Singles,"New York, NY",Louis Armstrong Stadium,Gael Monfils,35558,Adolfo Daniel Vallejo,437679,match,spread,395,closing,SportsBetting,131,99,Adolfo Daniel Vallejo,437679,11221196,-1.5,-111,1.9009,2026-09-01T19:03:23+00:00,241.617,False,https://www.oddstrader.com/atp/?date=20260901&eid=4808904&g=match&m=spread,https://www.oddstrader.com/atp/?date=20260901&eid=4808904&g=match&m=merged
2026-09-01,4808904,2026-09-01T23:05:00+00:00,complete,US Open Men Singles,"New York, NY",Louis Armstrong Stadium,Gael Monfils,35558,Adolfo Daniel Vallejo,437679,match,spread,395,opening,SportsBetting,131,99,Adolfo Daniel Vallejo,437679,11221267,-0.5,-106,1.9434,2026-08-28T10:36:21+00:00,6508.65,False,https://www.oddstrader.com/atp/?date=20260901&eid=4808904&g=match&m=spread,https://www.oddstrader.com/atp/?date=20260901&eid=4808904&g=match&m=merged
2026-09-01,4808904,2026-09-01T23:05:00+00:00,complete,US Open Men Singles,"New York, NY",Louis Armstrong Stadium,Gael Monfils,35558,Adolfo Daniel Vallejo,437679,match,spread,395,closing,SportsBetting,131,99,Gael Monfils,35558,10929068,1.5,-109,1.9174,2026-09-01T19:03:23+00:00,241.617,False,https://www.oddstrader.com/atp/?date=20260901&eid=4808904&g=match&m=spread,https://www.oddstrader.com/atp/?date=20260901&eid=4808904&g=match&m=merged
2026-09-01,4808904,2026-09-01T23:05:00+00:00,complete,US Open Men Singles,"New York, NY",Louis Armstrong Stadium,Gael Monfils,35558,Adolfo Daniel Vallejo,437679,match,spread,395,opening,SportsBetting,131,99,Gael Monfils,35558,10929069,0.5,-114,1.8772,2026-08-28T10:36:21+00:00,6508.65,False,https://www.oddstrader.com/atp/?date=20260901&eid=4808904&g=match&m=spread,https://www.oddstrader.com/atp/?date=20260901&eid=4808904&g=match&m=merged
2026-09-01,4808904,2026-09-01T23:05:00+00:00,complete,US Open Men Singles,"New York, NY",Louis Armstrong Stadium,Gael Monfils,35558,Adolfo Daniel Vallejo,437679,match,total,396,closing,Bet105,130,3174,option_15143,15143,119615,38.5,-104,1.962,2026-09-01T22:47:32+00:00,17.467,True,https://www.oddstrader.com/atp/?date=20260901&eid=4808904&g=match&m=total,https://www.oddstrader.com/atp/?date=20260901&eid=4808904&g=match&m=merged
2026-09-01,4808904,2026-09-01T23:05:00+00:00,complete,US Open Men Singles,"New York, NY",Louis Armstrong Stadium,Gael Monfils,35558,Adolfo Daniel Vallejo,437679,match,total,396,opening,Bet105,130,3174,option_15143,15143,119613,37.5,-111,1.901,2026-08-28T09:43:06+00:00,6561.9,False,https://www.oddstrader.com/atp/?date=20260901&eid=4808904&g=match&m=total,https://www.oddstrader.com/atp/?date=20260901&eid=4808904&g=match&m=merged
2026-09-01,4808904,2026-09-01T23:05:00+00:00,complete,US Open Men Singles,"New York, NY",Louis Armstrong Stadium,Gael Monfils,35558,Adolfo Daniel Vallejo,437679,match,total,396,closing,Bet105,130,3174,option_15144,15144,119685,38.5,-112,1.893,2026-09-01T22:21:11+00:00,43.817,False,https://www.oddstrader.com/atp/?date=20260901&eid=4808904&g=match&m=total,https://www.oddstrader.com/atp/?date=20260901&eid=4808904&g=match&m=merged
2026-09-01,4808904,2026-09-01T23:05:00+00:00,complete,US Open Men Singles,"New York, NY",Louis Armstrong Stadium,Gael Monfils,35558,Adolfo Daniel Vallejo,437679,match,total,396,opening,Bet105,130,3174,option_15144,15144,119683,37.5,-107,1.935,2026-08-28T09:43:06+00:00,6561.9,False,https://www.oddstrader.com/atp/?date=20260901&eid=4808904&g=match&m=total,https://www.oddstrader.com/atp/?date=20260901&eid=4808904&g=match&m=merged
2026-09-01,4808904,2026-09-01T23:05:00+00:00,complete,US Open Men Singles,"New York, NY",Louis Armstrong Stadium,Gael Monfils,35558,Adolfo Daniel Vallejo,437679,match,total,396,closing,BetAnything,123,1061,option_15143,15143,119613,37.5,-124,1.8065,2026-09-01T23:01:29+00:00,3.517,False,https://www.oddstrader.com/atp/?date=20260901&eid=4808904&g=match&m=total,https://www.oddstrader.com/atp/?date=20260901&eid=4808904&g=match&m=merged
2026-09-01,4808904,2026-09-01T23:05:00+00:00,complete,US Open Men Singles,"New York, NY",Louis Armstrong Stadium,Gael Monfils,35558,Adolfo Daniel Vallejo,437679,match,total,396,opening,BetAnything,123,1061,option_15143,15143,119613,37.5,-114,1.8772,2026-08-28T13:57:50+00:00,6307.167,False,https://www.oddstrader.com/atp/?date=20260901&eid=4808904&g=match&m=total,https://www.oddstrader.com/atp/?date=20260901&eid=4808904&g=match&m=merged
2026-09-01,4808904,2026-09-01T23:05:00+00:00,complete,US Open Men Singles,"New York, NY",Louis Armstrong Stadium,Gael Monfils,35558,Adolfo Daniel Vallejo,437679,match,total,396,closing,BetAnything,123,1061,option_15144,15144,119683,37.5,-106,1.9434,2026-09-01T23:01:29+00:00,3.517,False,https://www.oddstrader.com/atp/?date=20260901&eid=4808904&g=match&m=total,https://www.oddstrader.com/atp/?date=20260901&eid=4808904&g=match&m=merged
2026-09-01,4808904,2026-09-01T23:05:00+00:00,complete,US Open Men Singles,"New York, NY",Louis Armstrong Stadium,Gael Monfils,35558,Adolfo Daniel Vallejo,437679,match,total,396,opening,BetAnything,123,1061,option_15144,15144,119683,37.5,-116,1.8621,2026-08-28T13:57:50+00:00,6307.167,False,https://www.oddstrader.com/atp/?date=20260901&eid=4808904&g=match&m=total,https://www.oddstrader.com/atp/?date=20260901&eid=4808904&g=match&m=merged
2026-09-01,4808904,2026-09-01T23:05:00+00:00,complete,US Open Men Singles,"New York, NY",Louis Armstrong Stadium,Gael Monfils,35558,Adolfo Daniel Vallejo,437679,match,total,396,closing,BetOnline,8,1096,option_15143,15143,119613,37.5,-124,1.8065,2026-09-01T22:58:26+00:00,6.567,False,https://www.oddstrader.com/atp/?date=20260901&eid=4808904&g=match&m=total,https://www.oddstrader.com/atp/?date=20260901&eid=4808904&g=match&m=merged
2026-09-01,4808904,2026-09-01T23:05:00+00:00,complete,US Open Men Singles,"New York, NY",Louis Armstrong Stadium,Gael Monfils,35558,Adolfo Daniel Vallejo,437679,match,total,396,opening,BetOnline,8,1096,option_15143,15143,119613,37.5,-114,1.8772,2026-08-28T10:36:21+00:00,6508.65,False,https://www.oddstrader.com/atp/?date=20260901&eid=4808904&g=match&m=total,https://www.oddstrader.com/atp/?date=20260901&eid=4808904&g=match&m=merged
2026-09-01,4808904,2026-09-01T23:05:00+00:00,complete,US Open Men Singles,"New York, NY",Louis Armstrong Stadium,Gael Monfils,35558,Adolfo Daniel Vallejo,437679,match,total,396,closing,BetOnline,8,1096,option_15144,15144,119683,37.5,104,2.04,2026-09-01T22:58:26+00:00,6.567,False,https://www.oddstrader.com/atp/?date=20260901&eid=4808904&g=match&m=total,https://www.oddstrader.com/atp/?date=20260901&eid=4808904&g=match&m=merged
2026-09-01,4808904,2026-09-01T23:05:00+00:00,complete,US Open Men Singles,"New York, NY",Louis Armstrong Stadium,Gael Monfils,35558,Adolfo Daniel Vallejo,437679,match,total,396,opening,BetOnline,8,1096,option_15144,15144,119683,37.5,-106,1.9434,2026-08-28T10:36:21+00:00,6508.65,False,https://www.oddstrader.com/atp/?date=20260901&eid=4808904&g=match&m=total,https://www.oddstrader.com/atp/?date=20260901&eid=4808904&g=match&m=merged
2026-09-01,4808904,2026-09-01T23:05:00+00:00,complete,US Open Men Singles,"New York, NY",Louis Armstrong Stadium,Gael Monfils,35558,Adolfo Daniel Vallejo,437679,match,total,396,closing,Bookmaker,10,93,option_15143,15143,119615,38.5,-111,1.9009,2026-08-28T22:11:40+00:00,5813.333,False,https://www.oddstrader.com/atp/?date=20260901&eid=4808904&g=match&m=total,https://www.oddstrader.com/atp/?date=20260901&eid=4808904&g=match&m=merged
2026-09-01,4808904,2026-09-01T23:05:00+00:00,complete,US Open Men Singles,"New York, NY",Louis Armstrong Stadium,Gael Monfils,35558,Adolfo Daniel Vallejo,437679,match,total,396,opening,Bookmaker,10,93,option_15143,15143,119614,38,-110,1.9091,2026-08-28T09:45:49+00:00,6559.183,False,https://www.oddstrader.com/atp/?date=20260901&eid=4808904&g=match&m=total,https://www.oddstrader.com/atp/?date=20260901&eid=4808904&g=match&m=merged
2026-09-01,4808904,2026-09-01T23:05:00+00:00,complete,US Open Men Singles,"New York, NY",Louis Armstrong Stadium,Gael Monfils,35558,Adolfo Daniel Vallejo,437679,match,total,396,closing,Bookmaker,10,93,option_15144,15144,119685,38.5,-110,1.9091,2026-08-28T22:11:40+00:00,5813.333,False,https://www.oddstrader.com/atp/?date=20260901&eid=4808904&g=match&m=total,https://www.oddstrader.com/atp/?date=20260901&eid=4808904&g=match&m=merged
2026-09-01,4808904,2026-09-01T23:05:00+00:00,complete,US Open Men Singles,"New York, NY",Louis Armstrong Stadium,Gael Monfils,35558,Adolfo Daniel Vallejo,437679,match,total,396,opening,Bookmaker,10,93,option_15144,15144,119684,38,-111,1.9009,2026-08-28T09:45:49+00:00,6559.183,False,https://www.oddstrader.com/atp/?date=20260901&eid=4808904&g=match&m=total,https://www.oddstrader.com/atp/?date=20260901&eid=4808904&g=match&m=merged
2026-09-01,4808904,2026-09-01T23:05:00+00:00,complete,US Open Men Singles,"New York, NY",Louis Armstrong Stadium,Gael Monfils,35558,Adolfo Daniel Vallejo,437679,match,total,396,closing,Bovada,9,1618,option_15143,15143,119615,38.5,-110,1.9091,2026-09-01T16:07:59+00:00,417.017,True,https://www.oddstrader.com/atp/?date=20260901&eid=4808904&g=match&m=total,https://www.oddstrader.com/atp/?date=20260901&eid=4808904&g=match&m=merged
2026-09-01,4808904,2026-09-01T23:05:00+00:00,complete,US Open Men Singles,"New York, NY",Louis Armstrong Stadium,Gael Monfils,35558,Adolfo Daniel Vallejo,437679,match,total,396,opening,Bovada,9,1618,option_15143,15143,119617,39.5,-110,1.9091,2026-08-27T22:40:02+00:00,7224.967,False,https://www.oddstrader.com/atp/?date=20260901&eid=4808904&g=match&m=total,https://www.oddstrader.com/atp/?date=20260901&eid=4808904&g=match&m=merged
2026-09-01,4808904,2026-09-01T23:05:00+00:00,complete,US Open Men Singles,"New York, NY",Louis Armstrong Stadium,Gael Monfils,35558,Adolfo Daniel Vallejo,437679,match,total,396,closing,Bovada,9,1618,option_15144,15144,119685,38.5,-120,1.8333,2026-09-01T16:07:59+00:00,417.017,True,https://www.oddstrader.com/atp/?date=20260901&eid=4808904&g=match&m=total,https://www.oddstrader.com/atp/?date=20260901&eid=4808904&g=match&m=merged
2026-09-01,4808904,2026-09-01T23:05:00+00:00,complete,US Open Men Singles,"New York, NY",Louis Armstrong Stadium,Gael Monfils,35558,Adolfo Daniel Vallejo,437679,match,total,396,opening,Bovada,9,1618,option_15144,15144,119687,39.5,-120,1.8333,2026-08-27T22:40:02+00:00,7224.967,False,https://www.oddstrader.com/atp/?date=20260901&eid=4808904&g=match&m=total,https://www.oddstrader.com/atp/?date=20260901&eid=4808904&g=match&m=merged
2026-09-01,4808904,2026-09-01T23:05:00+00:00,complete,US Open Men Singles,"New York, NY",Louis Armstrong Stadium,Gael Monfils,35558,Adolfo Daniel Vallejo,437679,match,total,396,closing,Everygame,29,180,option_15143,15143,119615,38.5,-111,1.9,2026-08-31T23:15:37+00:00,1429.383,False,https://www.oddstrader.com/atp/?date=20260901&eid=4808904&g=match&m=total,https://www.oddstrader.com/atp/?date=20260901&eid=4808904&g=match&m=merged
2026-09-01,4808904,2026-09-01T23:05:00+00:00,complete,US Open Men Singles,"New York, NY",Louis Armstrong Stadium,Gael Monfils,35558,Adolfo Daniel Vallejo,437679,match,total,396,opening,Everygame,29,180,option_15143,15143,119613,37.5,-118,1.85,2026-08-28T10:37:40+00:00,6507.333,False,https://www.oddstrader.com/atp/?date=20260901&eid=4808904&g=match&m=total,https://www.oddstrader.com/atp/?date=20260901&eid=4808904&g=match&m=merged
2026-09-01,4808904,2026-09-01T23:05:00+00:00,complete,US Open Men Singles,"New York, NY",Louis Armstrong Stadium,Gael Monfils,35558,Adolfo Daniel Vallejo,437679,match,total,396,closing,Everygame,29,180,option_15144,15144,119685,38.5,-125,1.8,2026-08-31T23:15:37+00:00,1429.383,False,https://www.oddstrader.com/atp/?date=20260901&eid=4808904&g=match&m=total,https://www.oddstrader.com/atp/?date=20260901&eid=4808904&g=match&m=merged
2026-09-01,4808904,2026-09-01T23:05:00+00:00,complete,US Open Men Singles,"New York, NY",Louis Armstrong Stadium,Gael Monfils,35558,Adolfo Daniel Vallejo,437679,match,total,396,opening,Everygame,29,180,option_15144,15144,119683,37.5,-118,1.85,2026-08-28T10:37:40+00:00,6507.333,False,https://www.oddstrader.com/atp/?date=20260901&eid=4808904&g=match&m=total,https://www.oddstrader.com/atp/?date=20260901&eid=4808904&g=match&m=merged
2026-09-01,4808904,2026-09-01T23:05:00+00:00,complete,US Open Men Singles,"New York, NY",Louis Armstrong Stadium,Gael Monfils,35558,Adolfo Daniel Vallejo,437679,match,total,396,closing,Heritage,44,169,option_15143,15143,119615,38.5,-117,1.855,2026-08-31T13:57:47+00:00,1987.217,False,https://www.oddstrader.com/atp/?date=20260901&eid=4808904&g=match&m=total,https://www.oddstrader.com/atp/?date=20260901&eid=4808904&g=match&m=merged
2026-09-01,4808904,2026-09-01T23:05:00+00:00,complete,US Open Men Singles,"New York, NY",Louis Armstrong Stadium,Gael Monfils,35558,Adolfo Daniel Vallejo,437679,match,total,396,opening,Heritage,44,169,option_15143,15143,119615,38.5,-117,1.855,2026-08-27T20:02:29+00:00,7382.517,False,https://www.oddstrader.com/atp/?date=20260901&eid=4808904&g=match&m=total,https://www.oddstrader.com/atp/?date=20260901&eid=4808904&g=match&m=merged
2026-09-01,4808904,2026-09-01T23:05:00+00:00,complete,US Open Men Singles,"New York, NY",Louis Armstrong Stadium,Gael Monfils,35558,Adolfo Daniel Vallejo,437679,match,total,396,closing,Heritage,44,169,option_15144,15144,119685,38.5,-113,1.885,2026-08-29T09:41:25+00:00,5123.583,False,https://www.oddstrader.com/atp/?date=20260901&eid=4808904&g=match&m=total,https://www.oddstrader.com/atp/?date=20260901&eid=4808904&g=match&m=merged
2026-09-01,4808904,2026-09-01T23:05:00+00:00,complete,US Open Men Singles,"New York, NY",Louis Armstrong Stadium,Gael Monfils,35558,Adolfo Daniel Vallejo,437679,match,total,396,opening,Heritage,44,169,option_15144,15144,119685,38.5,-123,1.813,2026-08-27T20:02:29+00:00,7382.517,False,https://www.oddstrader.com/atp/?date=20260901&eid=4808904&g=match&m=total,https://www.oddstrader.com/atp/?date=20260901&eid=4808904&g=match&m=merged
2026-09-01,4808904,2026-09-01T23:05:00+00:00,complete,US Open Men Singles,"New York, NY",Louis Armstrong Stadium,Gael Monfils,35558,Adolfo Daniel Vallejo,437679,match,total,396,closing,JustBet,16,1275,option_15143,15143,119615,38.5,-111,1.9009,2026-08-28T22:11:40+00:00,5813.333,False,https://www.oddstrader.com/atp/?date=20260901&eid=4808904&g=match&m=total,https://www.oddstrader.com/atp/?date=20260901&eid=4808904&g=match&m=merged
2026-09-01,4808904,2026-09-01T23:05:00+00:00,complete,US Open Men Singles,"New York, NY",Louis Armstrong Stadium,Gael Monfils,35558,Adolfo Daniel Vallejo,437679,match,total,396,opening,JustBet,16,1275,option_15143,15143,119614,38,-110,1.9091,2026-08-28T09:46:10+00:00,6558.833,False,https://www.oddstrader.com/atp/?date=20260901&eid=4808904&g=match&m=total,https://www.oddstrader.com/atp/?date=20260901&eid=4808904&g=match&m=merged
2026-09-01,4808904,2026-09-01T23:05:00+00:00,complete,US Open Men Singles,"New York, NY",Louis Armstrong Stadium,Gael Monfils,35558,Adolfo Daniel Vallejo,437679,match,total,396,closing,JustBet,16,1275,option_15144,15144,119685,38.5,-110,1.9091,2026-08-28T22:11:40+00:00,5813.333,False,https://www.oddstrader.com/atp/?date=20260901&eid=4808904&g=match&m=total,https://www.oddstrader.com/atp/?date=20260901&eid=4808904&g=match&m=merged
2026-09-01,4808904,2026-09-01T23:05:00+00:00,complete,US Open Men Singles,"New York, NY",Louis Armstrong Stadium,Gael Monfils,35558,Adolfo Daniel Vallejo,437679,match,total,396,opening,JustBet,16,1275,option_15144,15144,119684,38,-111,1.9009,2026-08-28T09:46:10+00:00,6558.833,False,https://www.oddstrader.com/atp/?date=20260901&eid=4808904&g=match&m=total,https://www.oddstrader.com/atp/?date=20260901&eid=4808904&g=match&m=merged
2026-09-01,4808904,2026-09-01T23:05:00+00:00,complete,US Open Men Singles,"New York, NY",Louis Armstrong Stadium,Gael Monfils,35558,Adolfo Daniel Vallejo,437679,match,total,396,closing,MyBookie,82,1680,option_15143,15143,119615,38.5,-121,1.8264,2026-08-31T23:08:43+00:00,1436.283,True,https://www.oddstrader.com/atp/?date=20260901&eid=4808904&g=match&m=total,https://www.oddstrader.com/atp/?date=20260901&eid=4808904&g=match&m=merged
2026-09-01,4808904,2026-09-01T23:05:00+00:00,complete,US Open Men Singles,"New York, NY",Louis Armstrong Stadium,Gael Monfils,35558,Adolfo Daniel Vallejo,437679,match,total,396,opening,MyBookie,82,1680,option_15143,15143,119615,38.5,-112,1.8929,2026-08-28T15:10:28+00:00,6234.533,False,https://www.oddstrader.com/atp/?date=20260901&eid=4808904&g=match&m=total,https://www.oddstrader.com/atp/?date=20260901&eid=4808904&g=match&m=merged
2026-09-01,4808904,2026-09-01T23:05:00+00:00,complete,US Open Men Singles,"New York, NY",Louis Armstrong Stadium,Gael Monfils,35558,Adolfo Daniel Vallejo,437679,match,total,396,closing,MyBookie,82,1680,option_15144,15144,119685,38.5,-114,1.8772,2026-08-31T23:08:43+00:00,1436.283,True,https://www.oddstrader.com/atp/?date=20260901&eid=4808904&g=match&m=total,https://www.oddstrader.com/atp/?date=20260901&eid=4808904&g=match&m=merged
2026-09-01,4808904,2026-09-01T23:05:00+00:00,complete,US Open Men Singles,"New York, NY",Louis Armstrong Stadium,Gael Monfils,35558,Adolfo Daniel Vallejo,437679,match,total,396,opening,MyBookie,82,1680,option_15144,15144,119685,38.5,-129,1.7752,2026-08-28T15:10:28+00:00,6234.533,False,https://www.oddstrader.com/atp/?date=20260901&eid=4808904&g=match&m=total,https://www.oddstrader.com/atp/?date=20260901&eid=4808904&g=match&m=merged
2026-09-01,4808904,2026-09-01T23:05:00+00:00,complete,US Open Men Singles,"New York, NY",Louis Armstrong Stadium,Gael Monfils,35558,Adolfo Daniel Vallejo,437679,match,total,396,closing,SportsBetting,131,99,option_15143,15143,119613,37.5,-124,1.8065,2026-09-01T22:58:26+00:00,6.567,False,https://www.oddstrader.com/atp/?date=20260901&eid=4808904&g=match&m=total,https://www.oddstrader.com/atp/?date=20260901&eid=4808904&g=match&m=merged
2026-09-01,4808904,2026-09-01T23:05:00+00:00,complete,US Open Men Singles,"New York, NY",Louis Armstrong Stadium,Gael Monfils,35558,Adolfo Daniel Vallejo,437679,match,total,396,opening,SportsBetting,131,99,option_15143,15143,119613,37.5,-114,1.8772,2026-08-28T10:36:21+00:00,6508.65,False,https://www.oddstrader.com/atp/?date=20260901&eid=4808904&g=match&m=total,https://www.oddstrader.com/atp/?date=20260901&eid=4808904&g=match&m=merged
2026-09-01,4808904,2026-09-01T23:05:00+00:00,complete,US Open Men Singles,"New York, NY",Louis Armstrong Stadium,Gael Monfils,35558,Adolfo Daniel Vallejo,437679,match,total,396,closing,SportsBetting,131,99,option_15144,15144,119683,37.5,104,2.04,2026-09-01T22:58:26+00:00,6.567,False,https://www.oddstrader.com/atp/?date=20260901&eid=4808904&g=match&m=total,https://www.oddstrader.com/atp/?date=20260901&eid=4808904&g=match&m=merged
2026-09-01,4808904,2026-09-01T23:05:00+00:00,complete,US Open Men Singles,"New York, NY",Louis Armstrong Stadium,Gael Monfils,35558,Adolfo Daniel Vallejo,437679,match,total,396,opening,SportsBetting,131,99,option_15144,15144,119683,37.5,-106,1.9434,2026-08-28T10:36:21+00:00,6508.65,False,https://www.oddstrader.com/atp/?date=20260901&eid=4808904&g=match&m=total,https://www.oddstrader.com/atp/?date=20260901&eid=4808904&g=match&m=merged
2026-09-01,4808904,2026-09-01T23:05:00+00:00,complete,US Open Men Singles,"New York, NY",Louis Armstrong Stadium,Gael Monfils,35558,Adolfo Daniel Vallejo,437679,match,winner,126,closing,Bet105,130,3174,Adolfo Daniel Vallejo,437679,11221073,0,-137,1.73,2026-09-01T22:47:32+00:00,17.467,True,https://www.oddstrader.com/atp/?date=20260901&eid=4808904&g=match&m=winner,https://www.oddstrader.com/atp/?date=20260901&eid=4808904&g=match&m=merged
2026-09-01,4808904,2026-09-01T23:05:00+00:00,complete,US Open Men Singles,"New York, NY",Louis Armstrong Stadium,Gael Monfils,35558,Adolfo Daniel Vallejo,437679,match,winner,126,opening,Bet105,130,3174,Adolfo Daniel Vallejo,437679,11221073,0,-146,1.685,2026-08-28T09:43:06+00:00,6561.9,False,https://www.oddstrader.com/atp/?date=20260901&eid=4808904&g=match&m=winner,https://www.oddstrader.com/atp/?date=20260901&eid=4808904&g=match&m=merged
2026-09-01,4808904,2026-09-01T23:05:00+00:00,complete,US Open Men Singles,"New York, NY",Louis Armstrong Stadium,Gael Monfils,35558,Adolfo Daniel Vallejo,437679,match,winner,126,closing,Bet105,130,3174,Gael Monfils,35558,10916639,0,119,2.19,2026-09-01T22:47:32+00:00,17.467,True,https://www.oddstrader.com/atp/?date=20260901&eid=4808904&g=match&m=winner,https://www.oddstrader.com/atp/?date=20260901&eid=4808904&g=match&m=merged
2026-09-01,4808904,2026-09-01T23:05:00+00:00,complete,US Open Men Singles,"New York, NY",Louis Armstrong Stadium,Gael Monfils,35558,Adolfo Daniel Vallejo,437679,match,winner,126,opening,Bet105,130,3174,Gael Monfils,35558,10916639,0,124,2.24,2026-08-28T09:43:06+00:00,6561.9,False,https://www.oddstrader.com/atp/?date=20260901&eid=4808904&g=match&m=winner,https://www.oddstrader.com/atp/?date=20260901&eid=4808904&g=match&m=merged
2026-09-01,4808904,2026-09-01T23:05:00+00:00,complete,US Open Men Singles,"New York, NY",Louis Armstrong Stadium,Gael Monfils,35558,Adolfo Daniel Vallejo,437679,match,winner,126,closing,BetAnything,123,1061,Adolfo Daniel Vallejo,437679,11221073,0,-140,1.7143,2026-09-01T22:56:20+00:00,8.667,False,https://www.oddstrader.com/atp/?date=20260901&eid=4808904&g=match&m=winner,https://www.oddstrader.com/atp/?date=20260901&eid=4808904&g=match&m=merged
2026-09-01,4808904,2026-09-01T23:05:00+00:00,complete,US Open Men Singles,"New York, NY",Louis Armstrong Stadium,Gael Monfils,35558,Adolfo Daniel Vallejo,437679,match,winner,126,opening,BetAnything,123,1061,Adolfo Daniel Vallejo,437679,11221073,0,-130,1.7692,2026-08-28T13:57:50+00:00,6307.167,False,https://www.oddstrader.com/atp/?date=20260901&eid=4808904&g=match&m=winner,https://www.oddstrader.com/atp/?date=20260901&eid=4808904&g=match&m=merged
2026-09-01,4808904,2026-09-01T23:05:00+00:00,complete,US Open Men Singles,"New York, NY",Louis Armstrong Stadium,Gael Monfils,35558,Adolfo Daniel Vallejo,437679,match,winner,126,closing,BetAnything,123,1061,Gael Monfils,35558,10916639,0,110,2.1,2026-09-01T22:56:20+00:00,8.667,False,https://www.oddstrader.com/atp/?date=20260901&eid=4808904&g=match&m=winner,https://www.oddstrader.com/atp/?date=20260901&eid=4808904&g=match&m=merged
2026-09-01,4808904,2026-09-01T23:05:00+00:00,complete,US Open Men Singles,"New York, NY",Louis Armstrong Stadium,Gael Monfils,35558,Adolfo Daniel Vallejo,437679,match,winner,126,opening,BetAnything,123,1061,Gael Monfils,35558,10916639,0,100,2,2026-08-28T13:57:50+00:00,6307.167,False,https://www.oddstrader.com/atp/?date=20260901&eid=4808904&g=match&m=winner,https://www.oddstrader.com/atp/?date=20260901&eid=4808904&g=match&m=merged
2026-09-01,4808904,2026-09-01T23:05:00+00:00,complete,US Open Men Singles,"New York, NY",Louis Armstrong Stadium,Gael Monfils,35558,Adolfo Daniel Vallejo,437679,match,winner,126,closing,BetOnline,8,1096,Adolfo Daniel Vallejo,437679,11221073,0,-136,1.7353,2026-09-01T22:48:12+00:00,16.8,False,https://www.oddstrader.com/atp/?date=20260901&eid=4808904&g=match&m=winner,https://www.oddstrader.com/atp/?date=20260901&eid=4808904&g=match&m=merged
2026-09-01,4808904,2026-09-01T23:05:00+00:00,complete,US Open Men Singles,"New York, NY",Louis Armstrong Stadium,Gael Monfils,35558,Adolfo Daniel Vallejo,437679,match,winner,126,opening,BetOnline,8,1096,Adolfo Daniel Vallejo,437679,11221073,0,-117,1.8547,2026-08-28T10:36:21+00:00,6508.65,False,https://www.oddstrader.com/atp/?date=20260901&eid=4808904&g=match&m=winner,https://www.oddstrader.com/atp/?date=20260901&eid=4808904&g=match&m=merged
2026-09-01,4808904,2026-09-01T23:05:00+00:00,complete,US Open Men Singles,"New York, NY",Louis Armstrong Stadium,Gael Monfils,35558,Adolfo Daniel Vallejo,437679,match,winner,126,closing,BetOnline,8,1096,Gael Monfils,35558,10916639,0,116,2.16,2026-09-01T22:48:12+00:00,16.8,False,https://www.oddstrader.com/atp/?date=20260901&eid=4808904&g=match&m=winner,https://www.oddstrader.com/atp/?date=20260901&eid=4808904&g=match&m=merged
2026-09-01,4808904,2026-09-01T23:05:00+00:00,complete,US Open Men Singles,"New York, NY",Louis Armstrong Stadium,Gael Monfils,35558,Adolfo Daniel Vallejo,437679,match,winner,126,opening,BetOnline,8,1096,Gael Monfils,35558,10916639,0,-103,1.9709,2026-08-28T10:36:21+00:00,6508.65,False,https://www.oddstrader.com/atp/?date=20260901&eid=4808904&g=match&m=winner,https://www.oddstrader.com/atp/?date=20260901&eid=4808904&g=match&m=merged
2026-09-01,4808904,2026-09-01T23:05:00+00:00,complete,US Open Men Singles,"New York, NY",Louis Armstrong Stadium,Gael Monfils,35558,Adolfo Daniel Vallejo,437679,match,winner,126,closing,Bookmaker,10,93,Adolfo Daniel Vallejo,437679,11221073,0,-127,1.7874,2026-08-29T02:00:17+00:00,5584.717,False,https://www.oddstrader.com/atp/?date=20260901&eid=4808904&g=match&m=winner,https://www.oddstrader.com/atp/?date=20260901&eid=4808904&g=match&m=merged
2026-09-01,4808904,2026-09-01T23:05:00+00:00,complete,US Open Men Singles,"New York, NY",Louis Armstrong Stadium,Gael Monfils,35558,Adolfo Daniel Vallejo,437679,match,winner,126,opening,Bookmaker,10,93,Adolfo Daniel Vallejo,437679,11221073,0,-169,1.5917,2026-08-27T23:57:18+00:00,7147.7,False,https://www.oddstrader.com/atp/?date=20260901&eid=4808904&g=match&m=winner,https://www.oddstrader.com/atp/?date=20260901&eid=4808904&g=match&m=merged
2026-09-01,4808904,2026-09-01T23:05:00+00:00,complete,US Open Men Singles,"New York, NY",Louis Armstrong Stadium,Gael Monfils,35558,Adolfo Daniel Vallejo,437679,match,winner,126,closing,Bookmaker,10,93,Gael Monfils,35558,10916639,0,104,2.04,2026-08-29T02:00:17+00:00,5584.717,False,https://www.oddstrader.com/atp/?date=20260901&eid=4808904&g=match&m=winner,https://www.oddstrader.com/atp/?date=20260901&eid=4808904&g=match&m=merged
2026-09-01,4808904,2026-09-01T23:05:00+00:00,complete,US Open Men Singles,"New York, NY",Louis Armstrong Stadium,Gael Monfils,35558,Adolfo Daniel Vallejo,437679,match,winner,126,opening,Bookmaker,10,93,Gael Monfils,35558,10916639,0,139,2.39,2026-08-27T23:57:18+00:00,7147.7,False,https://www.oddstrader.com/atp/?date=20260901&eid=4808904&g=match&m=winner,https://www.oddstrader.com/atp/?date=20260901&eid=4808904&g=match&m=merged
2026-09-01,4808904,2026-09-01T23:05:00+00:00,complete,US Open Men Singles,"New York, NY",Louis Armstrong Stadium,Gael Monfils,35558,Adolfo Daniel Vallejo,437679,match,winner,126,closing,Bovada,9,1618,Adolfo Daniel Vallejo,437679,11221073,0,-145,1.69,2026-09-01T22:17:05+00:00,47.917,True,https://www.oddstrader.com/atp/?date=20260901&eid=4808904&g=match&m=winner,https://www.oddstrader.com/atp/?date=20260901&eid=4808904&g=match&m=merged
2026-09-01,4808904,2026-09-01T23:05:00+00:00,complete,US Open Men Singles,"New York, NY",Louis Armstrong Stadium,Gael Monfils,35558,Adolfo Daniel Vallejo,437679,match,winner,126,opening,Bovada,9,1618,Adolfo Daniel Vallejo,437679,11221073,0,-170,1.5882,2026-08-27T22:40:02+00:00,7224.967,False,https://www.oddstrader.com/atp/?date=20260901&eid=4808904&g=match&m=winner,https://www.oddstrader.com/atp/?date=20260901&eid=4808904&g=match&m=merged
2026-09-01,4808904,2026-09-01T23:05:00+00:00,complete,US Open Men Singles,"New York, NY",Louis Armstrong Stadium,Gael Monfils,35558,Adolfo Daniel Vallejo,437679,match,winner,126,closing,Bovada,9,1618,Gael Monfils,35558,10916639,0,120,2.2,2026-09-01T22:17:05+00:00,47.917,True,https://www.oddstrader.com/atp/?date=20260901&eid=4808904&g=match&m=winner,https://www.oddstrader.com/atp/?date=20260901&eid=4808904&g=match&m=merged
2026-09-01,4808904,2026-09-01T23:05:00+00:00,complete,US Open Men Singles,"New York, NY",Louis Armstrong Stadium,Gael Monfils,35558,Adolfo Daniel Vallejo,437679,match,winner,126,opening,Bovada,9,1618,Gael Monfils,35558,10916639,0,140,2.4,2026-08-27T22:40:02+00:00,7224.967,False,https://www.oddstrader.com/atp/?date=20260901&eid=4808904&g=match&m=winner,https://www.oddstrader.com/atp/?date=20260901&eid=4808904&g=match&m=merged
2026-09-01,4808904,2026-09-01T23:05:00+00:00,complete,US Open Men Singles,"New York, NY",Louis Armstrong Stadium,Gael Monfils,35558,Adolfo Daniel Vallejo,437679,match,winner,126,closing,Everygame,29,180,Adolfo Daniel Vallejo,437679,11221073,0,-149,1.67,2026-09-01T20:56:44+00:00,128.267,False,https://www.oddstrader.com/atp/?date=20260901&eid=4808904&g=match&m=winner,https://www.oddstrader.com/atp/?date=20260901&eid=4808904&g=match&m=merged
2026-09-01,4808904,2026-09-01T23:05:00+00:00,complete,US Open Men Singles,"New York, NY",Louis Armstrong Stadium,Gael Monfils,35558,Adolfo Daniel Vallejo,437679,match,winner,126,opening,Everygame,29,180,Adolfo Daniel Vallejo,437679,11221073,0,-120,1.83,2026-08-28T10:37:40+00:00,6507.333,False,https://www.oddstrader.com/atp/?date=20260901&eid=4808904&g=match&m=winner,https://www.oddstrader.com/atp/?date=20260901&eid=4808904&g=match&m=merged
2026-09-01,4808904,2026-09-01T23:05:00+00:00,complete,US Open Men Singles,"New York, NY",Louis Armstrong Stadium,Gael Monfils,35558,Adolfo Daniel Vallejo,437679,match,winner,126,closing,Everygame,29,180,Gael Monfils,35558,10916639,0,115,2.15,2026-09-01T20:56:44+00:00,128.267,False,https://www.oddstrader.com/atp/?date=20260901&eid=4808904&g=match&m=winner,https://www.oddstrader.com/atp/?date=20260901&eid=4808904&g=match&m=merged
2026-09-01,4808904,2026-09-01T23:05:00+00:00,complete,US Open Men Singles,"New York, NY",Louis Armstrong Stadium,Gael Monfils,35558,Adolfo Daniel Vallejo,437679,match,winner,126,opening,Everygame,29,180,Gael Monfils,35558,10916639,0,-105,1.95,2026-08-28T10:37:40+00:00,6507.333,False,https://www.oddstrader.com/atp/?date=20260901&eid=4808904&g=match&m=winner,https://www.oddstrader.com/atp/?date=20260901&eid=4808904&g=match&m=merged
2026-09-01,4808904,2026-09-01T23:05:00+00:00,complete,US Open Men Singles,"New York, NY",Louis Armstrong Stadium,Gael Monfils,35558,Adolfo Daniel Vallejo,437679,match,winner,126,closing,Heritage,44,169,Adolfo Daniel Vallejo,437679,11221073,0,-143,1.699,2026-09-01T22:26:58+00:00,38.033,False,https://www.oddstrader.com/atp/?date=20260901&eid=4808904&g=match&m=winner,https://www.oddstrader.com/atp/?date=20260901&eid=4808904&g=match&m=merged
2026-09-01,4808904,2026-09-01T23:05:00+00:00,complete,US Open Men Singles,"New York, NY",Louis Armstrong Stadium,Gael Monfils,35558,Adolfo Daniel Vallejo,437679,match,winner,126,opening,Heritage,44,169,Adolfo Daniel Vallejo,437679,11221073,0,-175,1.571,2026-08-27T20:02:29+00:00,7382.517,False,https://www.oddstrader.com/atp/?date=20260901&eid=4808904&g=match&m=winner,https://www.oddstrader.com/atp/?date=20260901&eid=4808904&g=match&m=merged
2026-09-01,4808904,2026-09-01T23:05:00+00:00,complete,US Open Men Singles,"New York, NY",Louis Armstrong Stadium,Gael Monfils,35558,Adolfo Daniel Vallejo,437679,match,winner,126,closing,Heritage,44,169,Gael Monfils,35558,10916639,0,117,2.17,2026-09-01T22:26:58+00:00,38.033,False,https://www.oddstrader.com/atp/?date=20260901&eid=4808904&g=match&m=winner,https://www.oddstrader.com/atp/?date=20260901&eid=4808904&g=match&m=merged
2026-09-01,4808904,2026-09-01T23:05:00+00:00,complete,US Open Men Singles,"New York, NY",Louis Armstrong Stadium,Gael Monfils,35558,Adolfo Daniel Vallejo,437679,match,winner,126,opening,Heritage,44,169,Gael Monfils,35558,10916639,0,137,2.37,2026-08-27T20:02:29+00:00,7382.517,False,https://www.oddstrader.com/atp/?date=20260901&eid=4808904&g=match&m=winner,https://www.oddstrader.com/atp/?date=20260901&eid=4808904&g=match&m=merged
2026-09-01,4808904,2026-09-01T23:05:00+00:00,complete,US Open Men Singles,"New York, NY",Louis Armstrong Stadium,Gael Monfils,35558,Adolfo Daniel Vallejo,437679,match,winner,126,closing,JustBet,16,1275,Adolfo Daniel Vallejo,437679,11221073,0,-127,1.7874,2026-08-29T02:00:17+00:00,5584.717,False,https://www.oddstrader.com/atp/?date=20260901&eid=4808904&g=match&m=winner,https://www.oddstrader.com/atp/?date=20260901&eid=4808904&g=match&m=merged
2026-09-01,4808904,2026-09-01T23:05:00+00:00,complete,US Open Men Singles,"New York, NY",Louis Armstrong Stadium,Gael Monfils,35558,Adolfo Daniel Vallejo,437679,match,winner,126,opening,JustBet,16,1275,Adolfo Daniel Vallejo,437679,11221073,0,-169,1.5917,2026-08-27T23:57:52+00:00,7147.133,False,https://www.oddstrader.com/atp/?date=20260901&eid=4808904&g=match&m=winner,https://www.oddstrader.com/atp/?date=20260901&eid=4808904&g=match&m=merged
2026-09-01,4808904,2026-09-01T23:05:00+00:00,complete,US Open Men Singles,"New York, NY",Louis Armstrong Stadium,Gael Monfils,35558,Adolfo Daniel Vallejo,437679,match,winner,126,closing,JustBet,16,1275,Gael Monfils,35558,10916639,0,104,2.04,2026-08-29T02:00:17+00:00,5584.717,False,https://www.oddstrader.com/atp/?date=20260901&eid=4808904&g=match&m=winner,https://www.oddstrader.com/atp/?date=20260901&eid=4808904&g=match&m=merged
2026-09-01,4808904,2026-09-01T23:05:00+00:00,complete,US Open Men Singles,"New York, NY",Louis Armstrong Stadium,Gael Monfils,35558,Adolfo Daniel Vallejo,437679,match,winner,126,opening,JustBet,16,1275,Gael Monfils,35558,10916639,0,139,2.39,2026-08-27T23:57:52+00:00,7147.133,False,https://www.oddstrader.com/atp/?date=20260901&eid=4808904&g=match&m=winner,https://www.oddstrader.com/atp/?date=20260901&eid=4808904&g=match&m=merged
2026-09-01,4808904,2026-09-01T23:05:00+00:00,complete,US Open Men Singles,"New York, NY",Louis Armstrong Stadium,Gael Monfils,35558,Adolfo Daniel Vallejo,437679,match,winner,126,closing,MyBookie,82,1680,Adolfo Daniel Vallejo,437679,11221073,0,-140,1.7143,2026-09-01T20:38:57+00:00,146.05,True,https://www.oddstrader.com/atp/?date=20260901&eid=4808904&g=match&m=winner,https://www.oddstrader.com/atp/?date=20260901&eid=4808904&g=match&m=merged
2026-09-01,4808904,2026-09-01T23:05:00+00:00,complete,US Open Men Singles,"New York, NY",Louis Armstrong Stadium,Gael Monfils,35558,Adolfo Daniel Vallejo,437679,match,winner,126,opening,MyBookie,82,1680,Adolfo Daniel Vallejo,437679,11221073,0,-182,1.5495,2026-08-27T19:52:04+00:00,7392.933,False,https://www.oddstrader.com/atp/?date=20260901&eid=4808904&g=match&m=winner,https://www.oddstrader.com/atp/?date=20260901&eid=4808904&g=match&m=merged
2026-09-01,4808904,2026-09-01T23:05:00+00:00,complete,US Open Men Singles,"New York, NY",Louis Armstrong Stadium,Gael Monfils,35558,Adolfo Daniel Vallejo,437679,match,winner,126,closing,MyBookie,82,1680,Gael Monfils,35558,10916639,0,114,2.14,2026-09-01T20:38:57+00:00,146.05,True,https://www.oddstrader.com/atp/?date=20260901&eid=4808904&g=match&m=winner,https://www.oddstrader.com/atp/?date=20260901&eid=4808904&g=match&m=merged
2026-09-01,4808904,2026-09-01T23:05:00+00:00,complete,US Open Men Singles,"New York, NY",Louis Armstrong Stadium,Gael Monfils,35558,Adolfo Daniel Vallejo,437679,match,winner,126,opening,MyBookie,82,1680,Gael Monfils,35558,10916639,0,130,2.3,2026-08-27T19:52:04+00:00,7392.933,False,https://www.oddstrader.com/atp/?date=20260901&eid=4808904&g=match&m=winner,https://www.oddstrader.com/atp/?date=20260901&eid=4808904&g=match&m=merged
2026-09-01,4808904,2026-09-01T23:05:00+00:00,complete,US Open Men Singles,"New York, NY",Louis Armstrong Stadium,Gael Monfils,35558,Adolfo Daniel Vallejo,437679,match,winner,126,closing,SportsBetting,131,99,Adolfo Daniel Vallejo,437679,11221073,0,-136,1.7353,2026-09-01T22:48:12+00:00,16.8,False,https://www.oddstrader.com/atp/?date=20260901&eid=4808904&g=match&m=winner,https://www.oddstrader.com/atp/?date=20260901&eid=4808904&g=match&m=merged
2026-09-01,4808904,2026-09-01T23:05:00+00:00,complete,US Open Men Singles,"New York, NY",Louis Armstrong Stadium,Gael Monfils,35558,Adolfo Daniel Vallejo,437679,match,winner,126,opening,SportsBetting,131,99,Adolfo Daniel Vallejo,437679,11221073,0,-117,1.8547,2026-08-28T10:36:21+00:00,6508.65,False,https://www.oddstrader.com/atp/?date=20260901&eid=4808904&g=match&m=winner,https://www.oddstrader.com/atp/?date=20260901&eid=4808904&g=match&m=merged
2026-09-01,4808904,2026-09-01T23:05:00+00:00,complete,US Open Men Singles,"New York, NY",Louis Armstrong Stadium,Gael Monfils,35558,Adolfo Daniel Vallejo,437679,match,winner,126,closing,SportsBetting,131,99,Gael Monfils,35558,10916639,0,116,2.16,2026-09-01T22:48:12+00:00,16.8,False,https://www.oddstrader.com/atp/?date=20260901&eid=4808904&g=match&m=winner,https://www.oddstrader.com/atp/?date=20260901&eid=4808904&g=match&m=merged
2026-09-01,4808904,2026-09-01T23:05:00+00:00,complete,US Open Men Singles,"New York, NY",Louis Armstrong Stadium,Gael Monfils,35558,Adolfo Daniel Vallejo,437679,match,winner,126,opening,SportsBetting,131,99,Gael Monfils,35558,10916639,0,-103,1.9709,2026-08-28T10:36:21+00:00,6508.65,False,https://www.oddstrader.com/atp/?date=20260901&eid=4808904&g=match&m=winner,https://www.oddstrader.com/atp/?date=20260901&eid=4808904&g=match&m=merged
2026-09-01,4808933,2026-09-02T01:00:00+00:00,complete,US Open Men Singles,"New York, NY",Arthur Ashe Stadium,Lorenzo Sonego,28528,Alexander Zverev,29407,1st-set,winner,279,closing,BetOnline,8,1096,Alexander Zverev,29407,10916695,0,-420,1.2381,2026-08-29T18:12:00+00:00,4728.0,False,https://www.oddstrader.com/atp/?date=20260901&eid=4808933&g=1st-set&m=winner,https://www.oddstrader.com/atp/?date=20260901&eid=4808933&g=1st-set&m=merged
2026-09-01,4808933,2026-09-02T01:00:00+00:00,complete,US Open Men Singles,"New York, NY",Arthur Ashe Stadium,Lorenzo Sonego,28528,Alexander Zverev,29407,1st-set,winner,279,opening,BetOnline,8,1096,Alexander Zverev,29407,10916695,0,-450,1.2222,2026-08-28T13:19:43+00:00,6460.283,False,https://www.oddstrader.com/atp/?date=20260901&eid=4808933&g=1st-set&m=winner,https://www.oddstrader.com/atp/?date=20260901&eid=4808933&g=1st-set&m=merged
2026-09-01,4808933,2026-09-02T01:00:00+00:00,complete,US Open Men Singles,"New York, NY",Arthur Ashe Stadium,Lorenzo Sonego,28528,Alexander Zverev,29407,1st-set,winner,279,closing,BetOnline,8,1096,Lorenzo Sonego,28528,10916611,0,340,4.4,2026-08-29T18:12:00+00:00,4728.0,False,https://www.oddstrader.com/atp/?date=20260901&eid=4808933&g=1st-set&m=winner,https://www.oddstrader.com/atp/?date=20260901&eid=4808933&g=1st-set&m=merged
2026-09-01,4808933,2026-09-02T01:00:00+00:00,complete,US Open Men Singles,"New York, NY",Arthur Ashe Stadium,Lorenzo Sonego,28528,Alexander Zverev,29407,1st-set,winner,279,opening,BetOnline,8,1096,Lorenzo Sonego,28528,10916611,0,360,4.6,2026-08-28T13:19:43+00:00,6460.283,False,https://www.oddstrader.com/atp/?date=20260901&eid=4808933&g=1st-set&m=winner,https://www.oddstrader.com/atp/?date=20260901&eid=4808933&g=1st-set&m=merged
2026-09-01,4808933,2026-09-02T01:00:00+00:00,complete,US Open Men Singles,"New York, NY",Arthur Ashe Stadium,Lorenzo Sonego,28528,Alexander Zverev,29407,1st-set,winner,279,closing,SportsBetting,131,99,Alexander Zverev,29407,10916695,0,-420,1.2381,2026-08-29T18:12:00+00:00,4728.0,False,https://www.oddstrader.com/atp/?date=20260901&eid=4808933&g=1st-set&m=winner,https://www.oddstrader.com/atp/?date=20260901&eid=4808933&g=1st-set&m=merged
2026-09-01,4808933,2026-09-02T01:00:00+00:00,complete,US Open Men Singles,"New York, NY",Arthur Ashe Stadium,Lorenzo Sonego,28528,Alexander Zverev,29407,1st-set,winner,279,opening,SportsBetting,131,99,Alexander Zverev,29407,10916695,0,-450,1.2222,2026-08-28T13:19:43+00:00,6460.283,False,https://www.oddstrader.com/atp/?date=20260901&eid=4808933&g=1st-set&m=winner,https://www.oddstrader.com/atp/?date=20260901&eid=4808933&g=1st-set&m=merged
2026-09-01,4808933,2026-09-02T01:00:00+00:00,complete,US Open Men Singles,"New York, NY",Arthur Ashe Stadium,Lorenzo Sonego,28528,Alexander Zverev,29407,1st-set,winner,279,closing,SportsBetting,131,99,Lorenzo Sonego,28528,10916611,0,340,4.4,2026-08-29T18:12:00+00:00,4728.0,False,https://www.oddstrader.com/atp/?date=20260901&eid=4808933&g=1st-set&m=winner,https://www.oddstrader.com/atp/?date=20260901&eid=4808933&g=1st-set&m=merged
2026-09-01,4808933,2026-09-02T01:00:00+00:00,complete,US Open Men Singles,"New York, NY",Arthur Ashe Stadium,Lorenzo Sonego,28528,Alexander Zverev,29407,1st-set,winner,279,opening,SportsBetting,131,99,Lorenzo Sonego,28528,10916611,0,360,4.6,2026-08-28T13:19:43+00:00,6460.283,False,https://www.oddstrader.com/atp/?date=20260901&eid=4808933&g=1st-set&m=winner,https://www.oddstrader.com/atp/?date=20260901&eid=4808933&g=1st-set&m=merged
2026-09-01,4808933,2026-09-02T01:00:00+00:00,complete,US Open Men Singles,"New York, NY",Arthur Ashe Stadium,Lorenzo Sonego,28528,Alexander Zverev,29407,match,spread,395,closing,Bet105,130,3174,Alexander Zverev,29407,10930997,-6.5,-122,1.82,2026-09-02T00:37:25+00:00,22.583,True,https://www.oddstrader.com/atp/?date=20260901&eid=4808933&g=match&m=spread,https://www.oddstrader.com/atp/?date=20260901&eid=4808933&g=match&m=merged
2026-09-01,4808933,2026-09-02T01:00:00+00:00,complete,US Open Men Singles,"New York, NY",Arthur Ashe Stadium,Lorenzo Sonego,28528,Alexander Zverev,29407,match,spread,395,opening,Bet105,130,3174,Alexander Zverev,29407,10950925,-6,-117,1.855,2026-08-28T09:43:06+00:00,6676.9,False,https://www.oddstrader.com/atp/?date=20260901&eid=4808933&g=match&m=spread,https://www.oddstrader.com/atp/?date=20260901&eid=4808933&g=match&m=merged
2026-09-01,4808933,2026-09-02T01:00:00+00:00,complete,US Open Men Singles,"New York, NY",Arthur Ashe Stadium,Lorenzo Sonego,28528,Alexander Zverev,29407,match,spread,395,closing,Bet105,130,3174,Lorenzo Sonego,28528,10924929,6.5,105,2.05,2026-09-02T00:37:25+00:00,22.583,True,https://www.oddstrader.com/atp/?date=20260901&eid=4808933&g=match&m=spread,https://www.oddstrader.com/atp/?date=20260901&eid=4808933&g=match&m=merged
2026-09-01,4808933,2026-09-02T01:00:00+00:00,complete,US Open Men Singles,"New York, NY",Arthur Ashe Stadium,Lorenzo Sonego,28528,Alexander Zverev,29407,match,spread,395,opening,Bet105,130,3174,Lorenzo Sonego,28528,11263293,6,-102,1.98,2026-08-28T09:43:06+00:00,6676.9,False,https://www.oddstrader.com/atp/?date=20260901&eid=4808933&g=match&m=spread,https://www.oddstrader.com/atp/?date=20260901&eid=4808933&g=match&m=merged
2026-09-01,4808933,2026-09-02T01:00:00+00:00,complete,US Open Men Singles,"New York, NY",Arthur Ashe Stadium,Lorenzo Sonego,28528,Alexander Zverev,29407,match,spread,395,closing,BetAnything,123,1061,Alexander Zverev,29407,10930997,-6.5,-115,1.8696,2026-08-31T21:45:39+00:00,1634.35,False,https://www.oddstrader.com/atp/?date=20260901&eid=4808933&g=match&m=spread,https://www.oddstrader.com/atp/?date=20260901&eid=4808933&g=match&m=merged
2026-09-01,4808933,2026-09-02T01:00:00+00:00,complete,US Open Men Singles,"New York, NY",Arthur Ashe Stadium,Lorenzo Sonego,28528,Alexander Zverev,29407,match,spread,395,opening,BetAnything,123,1061,Alexander Zverev,29407,10930997,-6.5,-113,1.885,2026-08-28T13:42:22+00:00,6437.633,False,https://www.oddstrader.com/atp/?date=20260901&eid=4808933&g=match&m=spread,https://www.oddstrader.com/atp/?date=20260901&eid=4808933&g=match&m=merged
2026-09-01,4808933,2026-09-02T01:00:00+00:00,complete,US Open Men Singles,"New York, NY",Arthur Ashe Stadium,Lorenzo Sonego,28528,Alexander Zverev,29407,match,spread,395,closing,BetAnything,123,1061,Lorenzo Sonego,28528,10924929,6.5,-115,1.8696,2026-08-31T21:45:39+00:00,1634.35,False,https://www.oddstrader.com/atp/?date=20260901&eid=4808933&g=match&m=spread,https://www.oddstrader.com/atp/?date=20260901&eid=4808933&g=match&m=merged
2026-09-01,4808933,2026-09-02T01:00:00+00:00,complete,US Open Men Singles,"New York, NY",Arthur Ashe Stadium,Lorenzo Sonego,28528,Alexander Zverev,29407,match,spread,395,opening,BetAnything,123,1061,Lorenzo Sonego,28528,10924929,6.5,-117,1.8547,2026-08-28T13:42:22+00:00,6437.633,False,https://www.oddstrader.com/atp/?date=20260901&eid=4808933&g=match&m=spread,https://www.oddstrader.com/atp/?date=20260901&eid=4808933&g=match&m=merged
2026-09-01,4808933,2026-09-02T01:00:00+00:00,complete,US Open Men Singles,"New York, NY",Arthur Ashe Stadium,Lorenzo Sonego,28528,Alexander Zverev,29407,match,spread,395,opening,BetOnline,8,1096,Alexander Zverev,29407,10930997,-6.5,-113,1.885,2026-08-28T10:46:33+00:00,6613.45,False,https://www.oddstrader.com/atp/?date=20260901&eid=4808933&g=match&m=spread,https://www.oddstrader.com/atp/?date=20260901&eid=4808933&g=match&m=merged
2026-09-01,4808933,2026-09-02T01:00:00+00:00,complete,US Open Men Singles,"New York, NY",Arthur Ashe Stadium,Lorenzo Sonego,28528,Alexander Zverev,29407,match,spread,395,opening,BetOnline,8,1096,Lorenzo Sonego,28528,10924929,6.5,-107,1.9346,2026-08-28T10:46:33+00:00,6613.45,False,https://www.oddstrader.com/atp/?date=20260901&eid=4808933&g=match&m=spread,https://www.oddstrader.com/atp/?date=20260901&eid=4808933&g=match&m=merged
2026-09-01,4808933,2026-09-02T01:00:00+00:00,complete,US Open Men Singles,"New York, NY",Arthur Ashe Stadium,Lorenzo Sonego,28528,Alexander Zverev,29407,match,spread,395,closing,Bookmaker,10,93,Alexander Zverev,29407,10930997,-6.5,-108,1.9259,2026-08-29T07:43:54+00:00,5356.1,False,https://www.oddstrader.com/atp/?date=20260901&eid=4808933&g=match&m=spread,https://www.oddstrader.com/atp/?date=20260901&eid=4808933&g=match&m=merged
2026-09-01,4808933,2026-09-02T01:00:00+00:00,complete,US Open Men Singles,"New York, NY",Arthur Ashe Stadium,Lorenzo Sonego,28528,Alexander Zverev,29407,match,spread,395,opening,Bookmaker,10,93,Alexander Zverev,29407,10950925,-6,-108,1.9259,2026-08-28T09:45:49+00:00,6674.183,False,https://www.oddstrader.com/atp/?date=20260901&eid=4808933&g=match&m=spread,https://www.oddstrader.com/atp/?date=20260901&eid=4808933&g=match&m=merged
2026-09-01,4808933,2026-09-02T01:00:00+00:00,complete,US Open Men Singles,"New York, NY",Arthur Ashe Stadium,Lorenzo Sonego,28528,Alexander Zverev,29407,match,spread,395,closing,Bookmaker,10,93,Lorenzo Sonego,28528,10924907,3.5,-118,1.8475,2026-08-31T07:19:05+00:00,2500.917,False,https://www.oddstrader.com/atp/?date=20260901&eid=4808933&g=match&m=spread,https://www.oddstrader.com/atp/?date=20260901&eid=4808933&g=match&m=merged
2026-09-01,4808933,2026-09-02T01:00:00+00:00,complete,US Open Men Singles,"New York, NY",Arthur Ashe Stadium,Lorenzo Sonego,28528,Alexander Zverev,29407,match,spread,395,opening,Bookmaker,10,93,Lorenzo Sonego,28528,11263293,6,-114,1.8772,2026-08-28T09:45:49+00:00,6674.183,False,https://www.oddstrader.com/atp/?date=20260901&eid=4808933&g=match&m=spread,https://www.oddstrader.com/atp/?date=20260901&eid=4808933&g=match&m=merged
2026-09-01,4808933,2026-09-02T01:00:00+00:00,complete,US Open Men Singles,"New York, NY",Arthur Ashe Stadium,Lorenzo Sonego,28528,Alexander Zverev,29407,match,spread,395,closing,Bovada,9,1618,Alexander Zverev,29407,10930997,-6.5,-130,1.7692,2026-09-02T00:17:49+00:00,42.183,False,https://www.oddstrader.com/atp/?date=20260901&eid=4808933&g=match&m=spread,https://www.oddstrader.com/atp/?date=20260901&eid=4808933&g=match&m=merged
2026-09-01,4808933,2026-09-02T01:00:00+00:00,complete,US Open Men Singles,"New York, NY",Arthur Ashe Stadium,Lorenzo Sonego,28528,Alexander Zverev,29407,match,spread,395,opening,Bovada,9,1618,Alexander Zverev,29407,10930997,-6.5,-125,1.8,2026-08-27T19:22:22+00:00,7537.633,False,https://www.oddstrader.com/atp/?date=20260901&eid=4808933&g=match&m=spread,https://www.oddstrader.com/atp/?date=20260901&eid=4808933&g=match&m=merged
2026-09-01,4808933,2026-09-02T01:00:00+00:00,complete,US Open Men Singles,"New York, NY",Arthur Ashe Stadium,Lorenzo Sonego,28528,Alexander Zverev,29407,match,spread,395,closing,Bovada,9,1618,Lorenzo Sonego,28528,10924929,6.5,100,2,2026-09-02T00:17:49+00:00,42.183,False,https://www.oddstrader.com/atp/?date=20260901&eid=4808933&g=match&m=spread,https://www.oddstrader.com/atp/?date=20260901&eid=4808933&g=match&m=merged
2026-09-01,4808933,2026-09-02T01:00:00+00:00,complete,US Open Men Singles,"New York, NY",Arthur Ashe Stadium,Lorenzo Sonego,28528,Alexander Zverev,29407,match,spread,395,opening,Bovada,9,1618,Lorenzo Sonego,28528,10924929,6.5,-105,1.9524,2026-08-27T19:22:22+00:00,7537.633,False,https://www.oddstrader.com/atp/?date=20260901&eid=4808933&g=match&m=spread,https://www.oddstrader.com/atp/?date=20260901&eid=4808933&g=match&m=merged
2026-09-01,4808933,2026-09-02T01:00:00+00:00,complete,US Open Men Singles,"New York, NY",Arthur Ashe Stadium,Lorenzo Sonego,28528,Alexander Zverev,29407,match,spread,395,closing,Everygame,29,180,Alexander Zverev,29407,10930997,-6.5,-118,1.85,2026-08-28T11:15:05+00:00,6584.917,False,https://www.oddstrader.com/atp/?date=20260901&eid=4808933&g=match&m=spread,https://www.oddstrader.com/atp/?date=20260901&eid=4808933&g=match&m=merged
2026-09-01,4808933,2026-09-02T01:00:00+00:00,complete,US Open Men Singles,"New York, NY",Arthur Ashe Stadium,Lorenzo Sonego,28528,Alexander Zverev,29407,match,spread,395,opening,Everygame,29,180,Alexander Zverev,29407,10930997,-6.5,-118,1.85,2026-08-28T11:15:05+00:00,6584.917,False,https://www.oddstrader.com/atp/?date=20260901&eid=4808933&g=match&m=spread,https://www.oddstrader.com/atp/?date=20260901&eid=4808933&g=match&m=merged
2026-09-01,4808933,2026-09-02T01:00:00+00:00,complete,US Open Men Singles,"New York, NY",Arthur Ashe Stadium,Lorenzo Sonego,28528,Alexander Zverev,29407,match,spread,395,closing,Everygame,29,180,Lorenzo Sonego,28528,10924929,6.5,-118,1.85,2026-08-28T11:15:05+00:00,6584.917,False,https://www.oddstrader.com/atp/?date=20260901&eid=4808933&g=match&m=spread,https://www.oddstrader.com/atp/?date=20260901&eid=4808933&g=match&m=merged
2026-09-01,4808933,2026-09-02T01:00:00+00:00,complete,US Open Men Singles,"New York, NY",Arthur Ashe Stadium,Lorenzo Sonego,28528,Alexander Zverev,29407,match,spread,395,opening,Everygame,29,180,Lorenzo Sonego,28528,10924929,6.5,-118,1.85,2026-08-28T11:15:05+00:00,6584.917,False,https://www.oddstrader.com/atp/?date=20260901&eid=4808933&g=match&m=spread,https://www.oddstrader.com/atp/?date=20260901&eid=4808933&g=match&m=merged
2026-09-01,4808933,2026-09-02T01:00:00+00:00,complete,US Open Men Singles,"New York, NY",Arthur Ashe Stadium,Lorenzo Sonego,28528,Alexander Zverev,29407,match,spread,395,closing,Heritage,44,169,Alexander Zverev,29407,10930997,-6.5,-122,1.82,2026-09-02T00:25:09+00:00,34.85,True,https://www.oddstrader.com/atp/?date=20260901&eid=4808933&g=match&m=spread,https://www.oddstrader.com/atp/?date=20260901&eid=4808933&g=match&m=merged
2026-09-01,4808933,2026-09-02T01:00:00+00:00,complete,US Open Men Singles,"New York, NY",Arthur Ashe Stadium,Lorenzo Sonego,28528,Alexander Zverev,29407,match,spread,395,opening,Heritage,44,169,Alexander Zverev,29407,10935890,-7.5,-123,1.813,2026-08-27T20:40:29+00:00,7459.517,False,https://www.oddstrader.com/atp/?date=20260901&eid=4808933&g=match&m=spread,https://www.oddstrader.com/atp/?date=20260901&eid=4808933&g=match&m=merged
2026-09-01,4808933,2026-09-02T01:00:00+00:00,complete,US Open Men Singles,"New York, NY",Arthur Ashe Stadium,Lorenzo Sonego,28528,Alexander Zverev,29407,match,spread,395,closing,Heritage,44,169,Lorenzo Sonego,28528,10924929,6.5,-110,1.909,2026-09-02T00:25:09+00:00,34.85,True,https://www.oddstrader.com/atp/?date=20260901&eid=4808933&g=match&m=spread,https://www.oddstrader.com/atp/?date=20260901&eid=4808933&g=match&m=merged
2026-09-01,4808933,2026-09-02T01:00:00+00:00,complete,US Open Men Singles,"New York, NY",Arthur Ashe Stadium,Lorenzo Sonego,28528,Alexander Zverev,29407,match,spread,395,opening,Heritage,44,169,Lorenzo Sonego,28528,10924934,7.5,-117,1.855,2026-08-27T20:40:29+00:00,7459.517,False,https://www.oddstrader.com/atp/?date=20260901&eid=4808933&g=match&m=spread,https://www.oddstrader.com/atp/?date=20260901&eid=4808933&g=match&m=merged
2026-09-01,4808933,2026-09-02T01:00:00+00:00,complete,US Open Men Singles,"New York, NY",Arthur Ashe Stadium,Lorenzo Sonego,28528,Alexander Zverev,29407,match,spread,395,closing,JustBet,16,1275,Alexander Zverev,29407,10930997,-6.5,-108,1.9259,2026-08-29T07:48:16+00:00,5351.733,False,https://www.oddstrader.com/atp/?date=20260901&eid=4808933&g=match&m=spread,https://www.oddstrader.com/atp/?date=20260901&eid=4808933&g=match&m=merged
2026-09-01,4808933,2026-09-02T01:00:00+00:00,complete,US Open Men Singles,"New York, NY",Arthur Ashe Stadium,Lorenzo Sonego,28528,Alexander Zverev,29407,match,spread,395,opening,JustBet,16,1275,Alexander Zverev,29407,10950925,-6,-108,1.9259,2026-08-28T09:46:10+00:00,6673.833,False,https://www.oddstrader.com/atp/?date=20260901&eid=4808933&g=match&m=spread,https://www.oddstrader.com/atp/?date=20260901&eid=4808933&g=match&m=merged
2026-09-01,4808933,2026-09-02T01:00:00+00:00,complete,US Open Men Singles,"New York, NY",Arthur Ashe Stadium,Lorenzo Sonego,28528,Alexander Zverev,29407,match,spread,395,closing,JustBet,16,1275,Lorenzo Sonego,28528,10924907,3.5,-118,1.8475,2026-08-31T07:15:14+00:00,2504.767,False,https://www.oddstrader.com/atp/?date=20260901&eid=4808933&g=match&m=spread,https://www.oddstrader.com/atp/?date=20260901&eid=4808933&g=match&m=merged
2026-09-01,4808933,2026-09-02T01:00:00+00:00,complete,US Open Men Singles,"New York, NY",Arthur Ashe Stadium,Lorenzo Sonego,28528,Alexander Zverev,29407,match,spread,395,opening,JustBet,16,1275,Lorenzo Sonego,28528,11263293,6,-114,1.8772,2026-08-28T09:46:10+00:00,6673.833,False,https://www.oddstrader.com/atp/?date=20260901&eid=4808933&g=match&m=spread,https://www.oddstrader.com/atp/?date=20260901&eid=4808933&g=match&m=merged
2026-09-01,4808933,2026-09-02T01:00:00+00:00,complete,US Open Men Singles,"New York, NY",Arthur Ashe Stadium,Lorenzo Sonego,28528,Alexander Zverev,29407,match,spread,395,closing,MyBookie,82,1680,Alexander Zverev,29407,10930997,-6.5,-118,1.8475,2026-09-01T22:05:55+00:00,174.083,True,https://www.oddstrader.com/atp/?date=20260901&eid=4808933&g=match&m=spread,https://www.oddstrader.com/atp/?date=20260901&eid=4808933&g=match&m=merged
2026-09-01,4808933,2026-09-02T01:00:00+00:00,complete,US Open Men Singles,"New York, NY",Arthur Ashe Stadium,Lorenzo Sonego,28528,Alexander Zverev,29407,match,spread,395,opening,MyBookie,82,1680,Alexander Zverev,29407,10930997,-6.5,-118,1.8475,2026-08-28T15:10:28+00:00,6349.533,False,https://www.oddstrader.com/atp/?date=20260901&eid=4808933&g=match&m=spread,https://www.oddstrader.com/atp/?date=20260901&eid=4808933&g=match&m=merged
2026-09-01,4808933,2026-09-02T01:00:00+00:00,complete,US Open Men Singles,"New York, NY",Arthur Ashe Stadium,Lorenzo Sonego,28528,Alexander Zverev,29407,match,spread,395,closing,MyBookie,82,1680,Lorenzo Sonego,28528,10924929,6.5,-117,1.8547,2026-09-01T22:05:55+00:00,174.083,True,https://www.oddstrader.com/atp/?date=20260901&eid=4808933&g=match&m=spread,https://www.oddstrader.com/atp/?date=20260901&eid=4808933&g=match&m=merged
2026-09-01,4808933,2026-09-02T01:00:00+00:00,complete,US Open Men Singles,"New York, NY",Arthur Ashe Stadium,Lorenzo Sonego,28528,Alexander Zverev,29407,match,spread,395,opening,MyBookie,82,1680,Lorenzo Sonego,28528,10924929,6.5,-122,1.8197,2026-08-28T15:10:28+00:00,6349.533,False,https://www.oddstrader.com/atp/?date=20260901&eid=4808933&g=match&m=spread,https://www.oddstrader.com/atp/?date=20260901&eid=4808933&g=match&m=merged
2026-09-01,4808933,2026-09-02T01:00:00+00:00,complete,US Open Men Singles,"New York, NY",Arthur Ashe Stadium,Lorenzo Sonego,28528,Alexander Zverev,29407,match,spread,395,opening,SportsBetting,131,99,Alexander Zverev,29407,10930997,-6.5,-113,1.885,2026-08-28T10:46:33+00:00,6613.45,False,https://www.oddstrader.com/atp/?date=20260901&eid=4808933&g=match&m=spread,https://www.oddstrader.com/atp/?date=20260901&eid=4808933&g=match&m=merged
2026-09-01,4808933,2026-09-02T01:00:00+00:00,complete,US Open Men Singles,"New York, NY",Arthur Ashe Stadium,Lorenzo Sonego,28528,Alexander Zverev,29407,match,spread,395,opening,SportsBetting,131,99,Lorenzo Sonego,28528,10924929,6.5,-107,1.9346,2026-08-28T10:46:33+00:00,6613.45,False,https://www.oddstrader.com/atp/?date=20260901&eid=4808933&g=match&m=spread,https://www.oddstrader.com/atp/?date=20260901&eid=4808933&g=match&m=merged
2026-09-01,4808933,2026-09-02T01:00:00+00:00,complete,US Open Men Singles,"New York, NY",Arthur Ashe Stadium,Lorenzo Sonego,28528,Alexander Zverev,29407,match,total,396,closing,Bet105,130,3174,option_15143,15143,119605,33,-104,1.962,2026-09-02T00:37:25+00:00,22.583,True,https://www.oddstrader.com/atp/?date=20260901&eid=4808933&g=match&m=total,https://www.oddstrader.com/atp/?date=20260901&eid=4808933&g=match&m=merged
2026-09-01,4808933,2026-09-02T01:00:00+00:00,complete,US Open Men Singles,"New York, NY",Arthur Ashe Stadium,Lorenzo Sonego,28528,Alexander Zverev,29407,match,total,396,opening,Bet105,130,3174,option_15143,15143,297,35,-108,1.926,2026-08-28T09:43:06+00:00,6676.9,False,https://www.oddstrader.com/atp/?date=20260901&eid=4808933&g=match&m=total,https://www.oddstrader.com/atp/?date=20260901&eid=4808933&g=match&m=merged
2026-09-01,4808933,2026-09-02T01:00:00+00:00,complete,US Open Men Singles,"New York, NY",Arthur Ashe Stadium,Lorenzo Sonego,28528,Alexander Zverev,29407,match,total,396,closing,Bet105,130,3174,option_15144,15144,119675,33,-115,1.87,2026-09-02T00:37:25+00:00,22.583,True,https://www.oddstrader.com/atp/?date=20260901&eid=4808933&g=match&m=total,https://www.oddstrader.com/atp/?date=20260901&eid=4808933&g=match&m=merged
2026-09-01,4808933,2026-09-02T01:00:00+00:00,complete,US Open Men Singles,"New York, NY",Arthur Ashe Stadium,Lorenzo Sonego,28528,Alexander Zverev,29407,match,total,396,opening,Bet105,130,3174,option_15144,15144,298,35,-110,1.909,2026-08-28T09:43:06+00:00,6676.9,False,https://www.oddstrader.com/atp/?date=20260901&eid=4808933&g=match&m=total,https://www.oddstrader.com/atp/?date=20260901&eid=4808933&g=match&m=merged
2026-09-01,4808933,2026-09-02T01:00:00+00:00,complete,US Open Men Singles,"New York, NY",Arthur Ashe Stadium,Lorenzo Sonego,28528,Alexander Zverev,29407,match,total,396,closing,BetAnything,123,1061,option_15143,15143,119606,33.5,-119,1.8403,2026-09-01T17:06:25+00:00,473.583,False,https://www.oddstrader.com/atp/?date=20260901&eid=4808933&g=match&m=total,https://www.oddstrader.com/atp/?date=20260901&eid=4808933&g=match&m=merged
2026-09-01,4808933,2026-09-02T01:00:00+00:00,complete,US Open Men Singles,"New York, NY",Arthur Ashe Stadium,Lorenzo Sonego,28528,Alexander Zverev,29407,match,total,396,opening,BetAnything,123,1061,option_15143,15143,119606,33.5,-119,1.8403,2026-08-28T13:42:22+00:00,6437.633,False,https://www.oddstrader.com/atp/?date=20260901&eid=4808933&g=match&m=total,https://www.oddstrader.com/atp/?date=20260901&eid=4808933&g=match&m=merged
2026-09-01,4808933,2026-09-02T01:00:00+00:00,complete,US Open Men Singles,"New York, NY",Arthur Ashe Stadium,Lorenzo Sonego,28528,Alexander Zverev,29407,match,total,396,closing,BetAnything,123,1061,option_15144,15144,119676,33.5,-111,1.9009,2026-09-01T17:06:25+00:00,473.583,False,https://www.oddstrader.com/atp/?date=20260901&eid=4808933&g=match&m=total,https://www.oddstrader.com/atp/?date=20260901&eid=4808933&g=match&m=merged
2026-09-01,4808933,2026-09-02T01:00:00+00:00,complete,US Open Men Singles,"New York, NY",Arthur Ashe Stadium,Lorenzo Sonego,28528,Alexander Zverev,29407,match,total,396,opening,BetAnything,123,1061,option_15144,15144,119676,33.5,-111,1.9009,2026-08-28T13:42:22+00:00,6437.633,False,https://www.oddstrader.com/atp/?date=20260901&eid=4808933&g=match&m=total,https://www.oddstrader.com/atp/?date=20260901&eid=4808933&g=match&m=merged
2026-09-01,4808933,2026-09-02T01:00:00+00:00,complete,US Open Men Singles,"New York, NY",Arthur Ashe Stadium,Lorenzo Sonego,28528,Alexander Zverev,29407,match,total,396,closing,BetOnline,8,1096,option_15143,15143,119606,33.5,-102,1.9804,2026-09-02T00:50:35+00:00,9.417,False,https://www.oddstrader.com/atp/?date=20260901&eid=4808933&g=match&m=total,https://www.oddstrader.com/atp/?date=20260901&eid=4808933&g=match&m=merged
2026-09-01,4808933,2026-09-02T01:00:00+00:00,complete,US Open Men Singles,"New York, NY",Arthur Ashe Stadium,Lorenzo Sonego,28528,Alexander Zverev,29407,match,total,396,opening,BetOnline,8,1096,option_15143,15143,119606,33.5,-103,1.9709,2026-08-28T10:46:33+00:00,6613.45,False,https://www.oddstrader.com/atp/?date=20260901&eid=4808933&g=match&m=total,https://www.oddstrader.com/atp/?date=20260901&eid=4808933&g=match&m=merged
2026-09-01,4808933,2026-09-02T01:00:00+00:00,complete,US Open Men Singles,"New York, NY",Arthur Ashe Stadium,Lorenzo Sonego,28528,Alexander Zverev,29407,match,total,396,closing,BetOnline,8,1096,option_15144,15144,119676,33.5,-118,1.8475,2026-09-02T00:50:35+00:00,9.417,False,https://www.oddstrader.com/atp/?date=20260901&eid=4808933&g=match&m=total,https://www.oddstrader.com/atp/?date=20260901&eid=4808933&g=match&m=merged
2026-09-01,4808933,2026-09-02T01:00:00+00:00,complete,US Open Men Singles,"New York, NY",Arthur Ashe Stadium,Lorenzo Sonego,28528,Alexander Zverev,29407,match,total,396,opening,BetOnline,8,1096,option_15144,15144,119676,33.5,-117,1.8547,2026-08-28T10:46:33+00:00,6613.45,False,https://www.oddstrader.com/atp/?date=20260901&eid=4808933&g=match&m=total,https://www.oddstrader.com/atp/?date=20260901&eid=4808933&g=match&m=merged
2026-09-01,4808933,2026-09-02T01:00:00+00:00,complete,US Open Men Singles,"New York, NY",Arthur Ashe Stadium,Lorenzo Sonego,28528,Alexander Zverev,29407,match,total,396,closing,Bookmaker,10,93,option_15143,15143,128,21.5,-106,1.9434,2026-08-31T07:19:05+00:00,2500.917,False,https://www.oddstrader.com/atp/?date=20260901&eid=4808933&g=match&m=total,https://www.oddstrader.com/atp/?date=20260901&eid=4808933&g=match&m=merged
2026-09-01,4808933,2026-09-02T01:00:00+00:00,complete,US Open Men Singles,"New York, NY",Arthur Ashe Stadium,Lorenzo Sonego,28528,Alexander Zverev,29407,match,total,396,opening,Bookmaker,10,93,option_15143,15143,297,35,-112,1.8929,2026-08-28T09:45:49+00:00,6674.183,False,https://www.oddstrader.com/atp/?date=20260901&eid=4808933&g=match&m=total,https://www.oddstrader.com/atp/?date=20260901&eid=4808933&g=match&m=merged
2026-09-01,4808933,2026-09-02T01:00:00+00:00,complete,US Open Men Singles,"New York, NY",Arthur Ashe Stadium,Lorenzo Sonego,28528,Alexander Zverev,29407,match,total,396,closing,Bookmaker,10,93,option_15144,15144,129,21.5,-119,1.8403,2026-08-31T07:19:05+00:00,2500.917,False,https://www.oddstrader.com/atp/?date=20260901&eid=4808933&g=match&m=total,https://www.oddstrader.com/atp/?date=20260901&eid=4808933&g=match&m=merged
2026-09-01,4808933,2026-09-02T01:00:00+00:00,complete,US Open Men Singles,"New York, NY",Arthur Ashe Stadium,Lorenzo Sonego,28528,Alexander Zverev,29407,match,total,396,opening,Bookmaker,10,93,option_15144,15144,298,35,-109,1.9174,2026-08-28T09:45:49+00:00,6674.183,False,https://www.oddstrader.com/atp/?date=20260901&eid=4808933&g=match&m=total,https://www.oddstrader.com/atp/?date=20260901&eid=4808933&g=match&m=merged
2026-09-01,4808933,2026-09-02T01:00:00+00:00,complete,US Open Men Singles,"New York, NY",Arthur Ashe Stadium,Lorenzo Sonego,28528,Alexander Zverev,29407,match,total,396,closing,Bovada,9,1618,option_15143,15143,119605,33,-110,1.9091,2026-09-02T00:43:25+00:00,16.583,True,https://www.oddstrader.com/atp/?date=20260901&eid=4808933&g=match&m=total,https://www.oddstrader.com/atp/?date=20260901&eid=4808933&g=match&m=merged
2026-09-01,4808933,2026-09-02T01:00:00+00:00,complete,US Open Men Singles,"New York, NY",Arthur Ashe Stadium,Lorenzo Sonego,28528,Alexander Zverev,29407,match,total,396,opening,Bovada,9,1618,option_15143,15143,119604,32.5,-115,1.87,2026-08-27T20:19:44+00:00,7480.267,False,https://www.oddstrader.com/atp/?date=20260901&eid=4808933&g=match&m=total,https://www.oddstrader.com/atp/?date=20260901&eid=4808933&g=match&m=merged
2026-09-01,4808933,2026-09-02T01:00:00+00:00,complete,US Open Men Singles,"New York, NY",Arthur Ashe Stadium,Lorenzo Sonego,28528,Alexander Zverev,29407,match,total,396,closing,Bovada,9,1618,option_15144,15144,119675,33,-120,1.8333,2026-09-02T00:43:25+00:00,16.583,True,https://www.oddstrader.com/atp/?date=20260901&eid=4808933&g=match&m=total,https://www.oddstrader.com/atp/?date=20260901&eid=4808933&g=match&m=merged
2026-09-01,4808933,2026-09-02T01:00:00+00:00,complete,US Open Men Singles,"New York, NY",Arthur Ashe Stadium,Lorenzo Sonego,28528,Alexander Zverev,29407,match,total,396,opening,Bovada,9,1618,option_15144,15144,119674,32.5,-115,1.87,2026-08-27T20:19:44+00:00,7480.267,False,https://www.oddstrader.com/atp/?date=20260901&eid=4808933&g=match&m=total,https://www.oddstrader.com/atp/?date=20260901&eid=4808933&g=match&m=merged
2026-09-01,4808933,2026-09-02T01:00:00+00:00,complete,US Open Men Singles,"New York, NY",Arthur Ashe Stadium,Lorenzo Sonego,28528,Alexander Zverev,29407,match,total,396,closing,Everygame,29,180,option_15143,15143,119604,32.5,-118,1.85,2026-09-02T00:41:16+00:00,18.733,False,https://www.oddstrader.com/atp/?date=20260901&eid=4808933&g=match&m=total,https://www.oddstrader.com/atp/?date=20260901&eid=4808933&g=match&m=merged
2026-09-01,4808933,2026-09-02T01:00:00+00:00,complete,US Open Men Singles,"New York, NY",Arthur Ashe Stadium,Lorenzo Sonego,28528,Alexander Zverev,29407,match,total,396,opening,Everygame,29,180,option_15143,15143,119606,33.5,-111,1.9,2026-08-28T11:15:05+00:00,6584.917,False,https://www.oddstrader.com/atp/?date=20260901&eid=4808933&g=match&m=total,https://www.oddstrader.com/atp/?date=20260901&eid=4808933&g=match&m=merged
2026-09-01,4808933,2026-09-02T01:00:00+00:00,complete,US Open Men Singles,"New York, NY",Arthur Ashe Stadium,Lorenzo Sonego,28528,Alexander Zverev,29407,match,total,396,closing,Everygame,29,180,option_15144,15144,119674,32.5,-118,1.85,2026-09-02T00:41:16+00:00,18.733,False,https://www.oddstrader.com/atp/?date=20260901&eid=4808933&g=match&m=total,https://www.oddstrader.com/atp/?date=20260901&eid=4808933&g=match&m=merged
2026-09-01,4808933,2026-09-02T01:00:00+00:00,complete,US Open Men Singles,"New York, NY",Arthur Ashe Stadium,Lorenzo Sonego,28528,Alexander Zverev,29407,match,total,396,opening,Everygame,29,180,option_15144,15144,119676,33.5,-125,1.8,2026-08-28T11:15:05+00:00,6584.917,False,https://www.oddstrader.com/atp/?date=20260901&eid=4808933&g=match&m=total,https://www.oddstrader.com/atp/?date=20260901&eid=4808933&g=match&m=merged
2026-09-01,4808933,2026-09-02T01:00:00+00:00,complete,US Open Men Singles,"New York, NY",Arthur Ashe Stadium,Lorenzo Sonego,28528,Alexander Zverev,29407,match,total,396,closing,Heritage,44,169,option_15143,15143,119604,32.5,-119,1.84,2026-09-02T00:25:09+00:00,34.85,True,https://www.oddstrader.com/atp/?date=20260901&eid=4808933&g=match&m=total,https://www.oddstrader.com/atp/?date=20260901&eid=4808933&g=match&m=merged
2026-09-01,4808933,2026-09-02T01:00:00+00:00,complete,US Open Men Singles,"New York, NY",Arthur Ashe Stadium,Lorenzo Sonego,28528,Alexander Zverev,29407,match,total,396,opening,Heritage,44,169,option_15143,15143,119604,32.5,-120,1.833,2026-08-27T20:40:29+00:00,7459.517,False,https://www.oddstrader.com/atp/?date=20260901&eid=4808933&g=match&m=total,https://www.oddstrader.com/atp/?date=20260901&eid=4808933&g=match&m=merged
2026-09-01,4808933,2026-09-02T01:00:00+00:00,complete,US Open Men Singles,"New York, NY",Arthur Ashe Stadium,Lorenzo Sonego,28528,Alexander Zverev,29407,match,total,396,closing,Heritage,44,169,option_15144,15144,119674,32.5,-113,1.885,2026-09-02T00:25:09+00:00,34.85,True,https://www.oddstrader.com/atp/?date=20260901&eid=4808933&g=match&m=total,https://www.oddstrader.com/atp/?date=20260901&eid=4808933&g=match&m=merged
2026-09-01,4808933,2026-09-02T01:00:00+00:00,complete,US Open Men Singles,"New York, NY",Arthur Ashe Stadium,Lorenzo Sonego,28528,Alexander Zverev,29407,match,total,396,opening,Heritage,44,169,option_15144,15144,119674,32.5,-120,1.833,2026-08-27T20:40:29+00:00,7459.517,False,https://www.oddstrader.com/atp/?date=20260901&eid=4808933&g=match&m=total,https://www.oddstrader.com/atp/?date=20260901&eid=4808933&g=match&m=merged
2026-09-01,4808933,2026-09-02T01:00:00+00:00,complete,US Open Men Singles,"New York, NY",Arthur Ashe Stadium,Lorenzo Sonego,28528,Alexander Zverev,29407,match,total,396,closing,JustBet,16,1275,option_15143,15143,128,21.5,-106,1.9434,2026-08-31T07:15:14+00:00,2504.767,False,https://www.oddstrader.com/atp/?date=20260901&eid=4808933&g=match&m=total,https://www.oddstrader.com/atp/?date=20260901&eid=4808933&g=match&m=merged
2026-09-01,4808933,2026-09-02T01:00:00+00:00,complete,US Open Men Singles,"New York, NY",Arthur Ashe Stadium,Lorenzo Sonego,28528,Alexander Zverev,29407,match,total,396,opening,JustBet,16,1275,option_15143,15143,297,35,-112,1.8929,2026-08-28T09:46:10+00:00,6673.833,False,https://www.oddstrader.com/atp/?date=20260901&eid=4808933&g=match&m=total,https://www.oddstrader.com/atp/?date=20260901&eid=4808933&g=match&m=merged
2026-09-01,4808933,2026-09-02T01:00:00+00:00,complete,US Open Men Singles,"New York, NY",Arthur Ashe Stadium,Lorenzo Sonego,28528,Alexander Zverev,29407,match,total,396,closing,JustBet,16,1275,option_15144,15144,129,21.5,-119,1.8403,2026-08-31T07:15:14+00:00,2504.767,False,https://www.oddstrader.com/atp/?date=20260901&eid=4808933&g=match&m=total,https://www.oddstrader.com/atp/?date=20260901&eid=4808933&g=match&m=merged
2026-09-01,4808933,2026-09-02T01:00:00+00:00,complete,US Open Men Singles,"New York, NY",Arthur Ashe Stadium,Lorenzo Sonego,28528,Alexander Zverev,29407,match,total,396,opening,JustBet,16,1275,option_15144,15144,298,35,-109,1.9174,2026-08-28T09:46:10+00:00,6673.833,False,https://www.oddstrader.com/atp/?date=20260901&eid=4808933&g=match&m=total,https://www.oddstrader.com/atp/?date=20260901&eid=4808933&g=match&m=merged
2026-09-01,4808933,2026-09-02T01:00:00+00:00,complete,US Open Men Singles,"New York, NY",Arthur Ashe Stadium,Lorenzo Sonego,28528,Alexander Zverev,29407,match,total,396,closing,MyBookie,82,1680,option_15143,15143,119606,33.5,-111,1.9009,2026-09-01T22:05:55+00:00,174.083,True,https://www.oddstrader.com/atp/?date=20260901&eid=4808933&g=match&m=total,https://www.oddstrader.com/atp/?date=20260901&eid=4808933&g=match&m=merged
2026-09-01,4808933,2026-09-02T01:00:00+00:00,complete,US Open Men Singles,"New York, NY",Arthur Ashe Stadium,Lorenzo Sonego,28528,Alexander Zverev,29407,match,total,396,opening,MyBookie,82,1680,option_15143,15143,119606,33.5,-117,1.8547,2026-08-28T15:10:28+00:00,6349.533,False,https://www.oddstrader.com/atp/?date=20260901&eid=4808933&g=match&m=total,https://www.oddstrader.com/atp/?date=20260901&eid=4808933&g=match&m=merged
2026-09-01,4808933,2026-09-02T01:00:00+00:00,complete,US Open Men Singles,"New York, NY",Arthur Ashe Stadium,Lorenzo Sonego,28528,Alexander Zverev,29407,match,total,396,closing,MyBookie,82,1680,option_15144,15144,119676,33.5,-124,1.8065,2026-09-01T22:05:55+00:00,174.083,True,https://www.oddstrader.com/atp/?date=20260901&eid=4808933&g=match&m=total,https://www.oddstrader.com/atp/?date=20260901&eid=4808933&g=match&m=merged
2026-09-01,4808933,2026-09-02T01:00:00+00:00,complete,US Open Men Singles,"New York, NY",Arthur Ashe Stadium,Lorenzo Sonego,28528,Alexander Zverev,29407,match,total,396,opening,MyBookie,82,1680,option_15144,15144,119676,33.5,-122,1.8197,2026-08-28T15:10:28+00:00,6349.533,False,https://www.oddstrader.com/atp/?date=20260901&eid=4808933&g=match&m=total,https://www.oddstrader.com/atp/?date=20260901&eid=4808933&g=match&m=merged
2026-09-01,4808933,2026-09-02T01:00:00+00:00,complete,US Open Men Singles,"New York, NY",Arthur Ashe Stadium,Lorenzo Sonego,28528,Alexander Zverev,29407,match,total,396,closing,SportsBetting,131,99,option_15143,15143,119606,33.5,-102,1.9804,2026-09-02T00:50:35+00:00,9.417,False,https://www.oddstrader.com/atp/?date=20260901&eid=4808933&g=match&m=total,https://www.oddstrader.com/atp/?date=20260901&eid=4808933&g=match&m=merged
2026-09-01,4808933,2026-09-02T01:00:00+00:00,complete,US Open Men Singles,"New York, NY",Arthur Ashe Stadium,Lorenzo Sonego,28528,Alexander Zverev,29407,match,total,396,opening,SportsBetting,131,99,option_15143,15143,119606,33.5,-103,1.9709,2026-08-28T10:46:33+00:00,6613.45,False,https://www.oddstrader.com/atp/?date=20260901&eid=4808933&g=match&m=total,https://www.oddstrader.com/atp/?date=20260901&eid=4808933&g=match&m=merged
2026-09-01,4808933,2026-09-02T01:00:00+00:00,complete,US Open Men Singles,"New York, NY",Arthur Ashe Stadium,Lorenzo Sonego,28528,Alexander Zverev,29407,match,total,396,closing,SportsBetting,131,99,option_15144,15144,119676,33.5,-118,1.8475,2026-09-02T00:50:35+00:00,9.417,False,https://www.oddstrader.com/atp/?date=20260901&eid=4808933&g=match&m=total,https://www.oddstrader.com/atp/?date=20260901&eid=4808933&g=match&m=merged
2026-09-01,4808933,2026-09-02T01:00:00+00:00,complete,US Open Men Singles,"New York, NY",Arthur Ashe Stadium,Lorenzo Sonego,28528,Alexander Zverev,29407,match,total,396,opening,SportsBetting,131,99,option_15144,15144,119676,33.5,-117,1.8547,2026-08-28T10:46:33+00:00,6613.45,False,https://www.oddstrader.com/atp/?date=20260901&eid=4808933&g=match&m=total,https://www.oddstrader.com/atp/?date=20260901&eid=4808933&g=match&m=merged
2026-09-01,4808933,2026-09-02T01:00:00+00:00,complete,US Open Men Singles,"New York, NY",Arthur Ashe Stadium,Lorenzo Sonego,28528,Alexander Zverev,29407,match,winner,126,closing,Bet105,130,3174,Alexander Zverev,29407,10916695,0,-2571,1.039,2026-09-02T00:37:25+00:00,22.583,True,https://www.oddstrader.com/atp/?date=20260901&eid=4808933&g=match&m=winner,https://www.oddstrader.com/atp/?date=20260901&eid=4808933&g=match&m=merged
2026-09-01,4808933,2026-09-02T01:00:00+00:00,complete,US Open Men Singles,"New York, NY",Arthur Ashe Stadium,Lorenzo Sonego,28528,Alexander Zverev,29407,match,winner,126,opening,Bet105,130,3174,Alexander Zverev,29407,10916695,0,-1399,1.071,2026-08-28T09:43:06+00:00,6676.9,False,https://www.oddstrader.com/atp/?date=20260901&eid=4808933&g=match&m=winner,https://www.oddstrader.com/atp/?date=20260901&eid=4808933&g=match&m=merged
2026-09-01,4808933,2026-09-02T01:00:00+00:00,complete,US Open Men Singles,"New York, NY",Arthur Ashe Stadium,Lorenzo Sonego,28528,Alexander Zverev,29407,match,winner,126,closing,Bet105,130,3174,Lorenzo Sonego,28528,10916611,0,1249,13.49,2026-09-02T00:37:25+00:00,22.583,True,https://www.oddstrader.com/atp/?date=20260901&eid=4808933&g=match&m=winner,https://www.oddstrader.com/atp/?date=20260901&eid=4808933&g=match&m=merged
2026-09-01,4808933,2026-09-02T01:00:00+00:00,complete,US Open Men Singles,"New York, NY",Arthur Ashe Stadium,Lorenzo Sonego,28528,Alexander Zverev,29407,match,winner,126,opening,Bet105,130,3174,Lorenzo Sonego,28528,10916611,0,785,8.85,2026-08-28T09:43:06+00:00,6676.9,False,https://www.oddstrader.com/atp/?date=20260901&eid=4808933&g=match&m=winner,https://www.oddstrader.com/atp/?date=20260901&eid=4808933&g=match&m=merged
2026-09-01,4808933,2026-09-02T01:00:00+00:00,complete,US Open Men Singles,"New York, NY",Arthur Ashe Stadium,Lorenzo Sonego,28528,Alexander Zverev,29407,match,winner,126,closing,BetAnything,123,1061,Alexander Zverev,29407,10916695,0,-2500,1.04,2026-09-02T00:15:12+00:00,44.8,False,https://www.oddstrader.com/atp/?date=20260901&eid=4808933&g=match&m=winner,https://www.oddstrader.com/atp/?date=20260901&eid=4808933&g=match&m=merged
2026-09-01,4808933,2026-09-02T01:00:00+00:00,complete,US Open Men Singles,"New York, NY",Arthur Ashe Stadium,Lorenzo Sonego,28528,Alexander Zverev,29407,match,winner,126,opening,BetAnything,123,1061,Alexander Zverev,29407,10916695,0,-1600,1.0625,2026-08-28T13:42:22+00:00,6437.633,False,https://www.oddstrader.com/atp/?date=20260901&eid=4808933&g=match&m=winner,https://www.oddstrader.com/atp/?date=20260901&eid=4808933&g=match&m=merged
2026-09-01,4808933,2026-09-02T01:00:00+00:00,complete,US Open Men Singles,"New York, NY",Arthur Ashe Stadium,Lorenzo Sonego,28528,Alexander Zverev,29407,match,winner,126,closing,BetAnything,123,1061,Lorenzo Sonego,28528,10916611,0,1100,12,2026-09-02T00:15:12+00:00,44.8,False,https://www.oddstrader.com/atp/?date=20260901&eid=4808933&g=match&m=winner,https://www.oddstrader.com/atp/?date=20260901&eid=4808933&g=match&m=merged
2026-09-01,4808933,2026-09-02T01:00:00+00:00,complete,US Open Men Singles,"New York, NY",Arthur Ashe Stadium,Lorenzo Sonego,28528,Alexander Zverev,29407,match,winner,126,opening,BetAnything,123,1061,Lorenzo Sonego,28528,10916611,0,795,8.95,2026-08-28T13:42:22+00:00,6437.633,False,https://www.oddstrader.com/atp/?date=20260901&eid=4808933&g=match&m=winner,https://www.oddstrader.com/atp/?date=20260901&eid=4808933&g=match&m=merged
2026-09-01,4808933,2026-09-02T01:00:00+00:00,complete,US Open Men Singles,"New York, NY",Arthur Ashe Stadium,Lorenzo Sonego,28528,Alexander Zverev,29407,match,winner,126,closing,BetOnline,8,1096,Alexander Zverev,29407,10916695,0,-2500,1.04,2026-09-02T00:50:35+00:00,9.417,False,https://www.oddstrader.com/atp/?date=20260901&eid=4808933&g=match&m=winner,https://www.oddstrader.com/atp/?date=20260901&eid=4808933&g=match&m=merged
2026-09-01,4808933,2026-09-02T01:00:00+00:00,complete,US Open Men Singles,"New York, NY",Arthur Ashe Stadium,Lorenzo Sonego,28528,Alexander Zverev,29407,match,winner,126,opening,BetOnline,8,1096,Alexander Zverev,29407,10916695,0,-1700,1.0588,2026-08-28T10:46:33+00:00,6613.45,False,https://www.oddstrader.com/atp/?date=20260901&eid=4808933&g=match&m=winner,https://www.oddstrader.com/atp/?date=20260901&eid=4808933&g=match&m=merged
2026-09-01,4808933,2026-09-02T01:00:00+00:00,complete,US Open Men Singles,"New York, NY",Arthur Ashe Stadium,Lorenzo Sonego,28528,Alexander Zverev,29407,match,winner,126,closing,BetOnline,8,1096,Lorenzo Sonego,28528,10916611,0,1150,12.5,2026-09-02T00:40:18+00:00,19.7,False,https://www.oddstrader.com/atp/?date=20260901&eid=4808933&g=match&m=winner,https://www.oddstrader.com/atp/?date=20260901&eid=4808933&g=match&m=merged
2026-09-01,4808933,2026-09-02T01:00:00+00:00,complete,US Open Men Singles,"New York, NY",Arthur Ashe Stadium,Lorenzo Sonego,28528,Alexander Zverev,29407,match,winner,126,opening,BetOnline,8,1096,Lorenzo Sonego,28528,10916611,0,900,10,2026-08-28T10:46:33+00:00,6613.45,False,https://www.oddstrader.com/atp/?date=20260901&eid=4808933&g=match&m=winner,https://www.oddstrader.com/atp/?date=20260901&eid=4808933&g=match&m=merged
2026-09-01,4808933,2026-09-02T01:00:00+00:00,complete,US Open Men Singles,"New York, NY",Arthur Ashe Stadium,Lorenzo Sonego,28528,Alexander Zverev,29407,match,winner,126,closing,Bookmaker,10,93,Alexander Zverev,29407,10916695,0,-1667,1.06,2026-08-28T15:11:45+00:00,6348.25,False,https://www.oddstrader.com/atp/?date=20260901&eid=4808933&g=match&m=winner,https://www.oddstrader.com/atp/?date=20260901&eid=4808933&g=match&m=merged
2026-09-01,4808933,2026-09-02T01:00:00+00:00,complete,US Open Men Singles,"New York, NY",Arthur Ashe Stadium,Lorenzo Sonego,28528,Alexander Zverev,29407,match,winner,126,opening,Bookmaker,10,93,Alexander Zverev,29407,10916695,0,-2000,1.05,2026-08-27T23:57:18+00:00,7262.7,False,https://www.oddstrader.com/atp/?date=20260901&eid=4808933&g=match&m=winner,https://www.oddstrader.com/atp/?date=20260901&eid=4808933&g=match&m=merged
2026-09-01,4808933,2026-09-02T01:00:00+00:00,complete,US Open Men Singles,"New York, NY",Arthur Ashe Stadium,Lorenzo Sonego,28528,Alexander Zverev,29407,match,winner,126,closing,Bookmaker,10,93,Lorenzo Sonego,28528,10916611,0,157,2.57,2026-08-31T07:19:05+00:00,2500.917,False,https://www.oddstrader.com/atp/?date=20260901&eid=4808933&g=match&m=winner,https://www.oddstrader.com/atp/?date=20260901&eid=4808933&g=match&m=merged
2026-09-01,4808933,2026-09-02T01:00:00+00:00,complete,US Open Men Singles,"New York, NY",Arthur Ashe Stadium,Lorenzo Sonego,28528,Alexander Zverev,29407,match,winner,126,opening,Bookmaker,10,93,Lorenzo Sonego,28528,10916611,0,934,10.34,2026-08-27T23:57:18+00:00,7262.7,False,https://www.oddstrader.com/atp/?date=20260901&eid=4808933&g=match&m=winner,https://www.oddstrader.com/atp/?date=20260901&eid=4808933&g=match&m=merged
2026-09-01,4808933,2026-09-02T01:00:00+00:00,complete,US Open Men Singles,"New York, NY",Arthur Ashe Stadium,Lorenzo Sonego,28528,Alexander Zverev,29407,match,winner,126,closing,Bovada,9,1618,Alexander Zverev,29407,10916695,0,-2500,1.04,2026-09-02T00:17:49+00:00,42.183,False,https://www.oddstrader.com/atp/?date=20260901&eid=4808933&g=match&m=winner,https://www.oddstrader.com/atp/?date=20260901&eid=4808933&g=match&m=merged
2026-09-01,4808933,2026-09-02T01:00:00+00:00,complete,US Open Men Singles,"New York, NY",Arthur Ashe Stadium,Lorenzo Sonego,28528,Alexander Zverev,29407,match,winner,126,opening,Bovada,9,1618,Alexander Zverev,29407,10916695,0,-1100,1.0909,2026-08-27T19:22:22+00:00,7537.633,False,https://www.oddstrader.com/atp/?date=20260901&eid=4808933&g=match&m=winner,https://www.oddstrader.com/atp/?date=20260901&eid=4808933&g=match&m=merged
2026-09-01,4808933,2026-09-02T01:00:00+00:00,complete,US Open Men Singles,"New York, NY",Arthur Ashe Stadium,Lorenzo Sonego,28528,Alexander Zverev,29407,match,winner,126,closing,Bovada,9,1618,Lorenzo Sonego,28528,10916611,0,1100,12,2026-09-02T00:17:49+00:00,42.183,False,https://www.oddstrader.com/atp/?date=20260901&eid=4808933&g=match&m=winner,https://www.oddstrader.com/atp/?date=20260901&eid=4808933&g=match&m=merged
2026-09-01,4808933,2026-09-02T01:00:00+00:00,complete,US Open Men Singles,"New York, NY",Arthur Ashe Stadium,Lorenzo Sonego,28528,Alexander Zverev,29407,match,winner,126,opening,Bovada,9,1618,Lorenzo Sonego,28528,10916611,0,675,7.75,2026-08-27T19:22:22+00:00,7537.633,False,https://www.oddstrader.com/atp/?date=20260901&eid=4808933&g=match&m=winner,https://www.oddstrader.com/atp/?date=20260901&eid=4808933&g=match&m=merged
2026-09-01,4808933,2026-09-02T01:00:00+00:00,complete,US Open Men Singles,"New York, NY",Arthur Ashe Stadium,Lorenzo Sonego,28528,Alexander Zverev,29407,match,winner,126,closing,Everygame,29,180,Alexander Zverev,29407,10916695,0,-3333,1.03,2026-09-02T00:41:16+00:00,18.733,False,https://www.oddstrader.com/atp/?date=20260901&eid=4808933&g=match&m=winner,https://www.oddstrader.com/atp/?date=20260901&eid=4808933&g=match&m=merged
2026-09-01,4808933,2026-09-02T01:00:00+00:00,complete,US Open Men Singles,"New York, NY",Arthur Ashe Stadium,Lorenzo Sonego,28528,Alexander Zverev,29407,match,winner,126,opening,Everygame,29,180,Alexander Zverev,29407,10916695,0,-2000,1.05,2026-08-28T11:15:05+00:00,6584.917,False,https://www.oddstrader.com/atp/?date=20260901&eid=4808933&g=match&m=winner,https://www.oddstrader.com/atp/?date=20260901&eid=4808933&g=match&m=merged
2026-09-01,4808933,2026-09-02T01:00:00+00:00,complete,US Open Men Singles,"New York, NY",Arthur Ashe Stadium,Lorenzo Sonego,28528,Alexander Zverev,29407,match,winner,126,closing,Everygame,29,180,Lorenzo Sonego,28528,10916611,0,1000,11,2026-09-02T00:41:16+00:00,18.733,False,https://www.oddstrader.com/atp/?date=20260901&eid=4808933&g=match&m=winner,https://www.oddstrader.com/atp/?date=20260901&eid=4808933&g=match&m=merged
2026-09-01,4808933,2026-09-02T01:00:00+00:00,complete,US Open Men Singles,"New York, NY",Arthur Ashe Stadium,Lorenzo Sonego,28528,Alexander Zverev,29407,match,winner,126,opening,Everygame,29,180,Lorenzo Sonego,28528,10916611,0,800,9,2026-08-28T11:15:05+00:00,6584.917,False,https://www.oddstrader.com/atp/?date=20260901&eid=4808933&g=match&m=winner,https://www.oddstrader.com/atp/?date=20260901&eid=4808933&g=match&m=merged
2026-09-01,4808933,2026-09-02T01:00:00+00:00,complete,US Open Men Singles,"New York, NY",Arthur Ashe Stadium,Lorenzo Sonego,28528,Alexander Zverev,29407,match,winner,126,closing,Heritage,44,169,Alexander Zverev,29407,10916695,0,-2387,1.042,2026-09-02T00:25:09+00:00,34.85,True,https://www.oddstrader.com/atp/?date=20260901&eid=4808933&g=match&m=winner,https://www.oddstrader.com/atp/?date=20260901&eid=4808933&g=match&m=merged
2026-09-01,4808933,2026-09-02T01:00:00+00:00,complete,US Open Men Singles,"New York, NY",Arthur Ashe Stadium,Lorenzo Sonego,28528,Alexander Zverev,29407,match,winner,126,opening,Heritage,44,169,Alexander Zverev,29407,10916695,0,-1117,1.09,2026-08-27T19:25:06+00:00,7534.9,False,https://www.oddstrader.com/atp/?date=20260901&eid=4808933&g=match&m=winner,https://www.oddstrader.com/atp/?date=20260901&eid=4808933&g=match&m=merged
2026-09-01,4808933,2026-09-02T01:00:00+00:00,complete,US Open Men Singles,"New York, NY",Arthur Ashe Stadium,Lorenzo Sonego,28528,Alexander Zverev,29407,match,winner,126,closing,Heritage,44,169,Lorenzo Sonego,28528,10916611,0,1060,11.6,2026-09-02T00:25:09+00:00,34.85,True,https://www.oddstrader.com/atp/?date=20260901&eid=4808933&g=match&m=winner,https://www.oddstrader.com/atp/?date=20260901&eid=4808933&g=match&m=merged
2026-09-01,4808933,2026-09-02T01:00:00+00:00,complete,US Open Men Singles,"New York, NY",Arthur Ashe Stadium,Lorenzo Sonego,28528,Alexander Zverev,29407,match,winner,126,opening,Heritage,44,169,Lorenzo Sonego,28528,10916611,0,641,7.41,2026-08-27T19:25:06+00:00,7534.9,False,https://www.oddstrader.com/atp/?date=20260901&eid=4808933&g=match&m=winner,https://www.oddstrader.com/atp/?date=20260901&eid=4808933&g=match&m=merged
2026-09-01,4808933,2026-09-02T01:00:00+00:00,complete,US Open Men Singles,"New York, NY",Arthur Ashe Stadium,Lorenzo Sonego,28528,Alexander Zverev,29407,match,winner,126,closing,JustBet,16,1275,Alexander Zverev,29407,10916695,0,-1667,1.06,2026-08-28T15:11:44+00:00,6348.267,False,https://www.oddstrader.com/atp/?date=20260901&eid=4808933&g=match&m=winner,https://www.oddstrader.com/atp/?date=20260901&eid=4808933&g=match&m=merged
2026-09-01,4808933,2026-09-02T01:00:00+00:00,complete,US Open Men Singles,"New York, NY",Arthur Ashe Stadium,Lorenzo Sonego,28528,Alexander Zverev,29407,match,winner,126,opening,JustBet,16,1275,Alexander Zverev,29407,10916695,0,-2000,1.05,2026-08-27T23:57:52+00:00,7262.133,False,https://www.oddstrader.com/atp/?date=20260901&eid=4808933&g=match&m=winner,https://www.oddstrader.com/atp/?date=20260901&eid=4808933&g=match&m=merged
2026-09-01,4808933,2026-09-02T01:00:00+00:00,complete,US Open Men Singles,"New York, NY",Arthur Ashe Stadium,Lorenzo Sonego,28528,Alexander Zverev,29407,match,winner,126,closing,JustBet,16,1275,Lorenzo Sonego,28528,10916611,0,157,2.57,2026-08-31T07:15:14+00:00,2504.767,False,https://www.oddstrader.com/atp/?date=20260901&eid=4808933&g=match&m=winner,https://www.oddstrader.com/atp/?date=20260901&eid=4808933&g=match&m=merged
2026-09-01,4808933,2026-09-02T01:00:00+00:00,complete,US Open Men Singles,"New York, NY",Arthur Ashe Stadium,Lorenzo Sonego,28528,Alexander Zverev,29407,match,winner,126,opening,JustBet,16,1275,Lorenzo Sonego,28528,10916611,0,934,10.34,2026-08-27T23:57:52+00:00,7262.133,False,https://www.oddstrader.com/atp/?date=20260901&eid=4808933&g=match&m=winner,https://www.oddstrader.com/atp/?date=20260901&eid=4808933&g=match&m=merged
2026-09-01,4808933,2026-09-02T01:00:00+00:00,complete,US Open Men Singles,"New York, NY",Arthur Ashe Stadium,Lorenzo Sonego,28528,Alexander Zverev,29407,match,winner,126,closing,MyBookie,82,1680,Alexander Zverev,29407,10916695,0,-2000,1.05,2026-09-01T17:10:21+00:00,469.65,True,https://www.oddstrader.com/atp/?date=20260901&eid=4808933&g=match&m=winner,https://www.oddstrader.com/atp/?date=20260901&eid=4808933&g=match&m=merged
2026-09-01,4808933,2026-09-02T01:00:00+00:00,complete,US Open Men Singles,"New York, NY",Arthur Ashe Stadium,Lorenzo Sonego,28528,Alexander Zverev,29407,match,winner,126,opening,MyBookie,82,1680,Alexander Zverev,29407,10916695,0,-1408,1.071,2026-08-27T19:39:31+00:00,7520.483,False,https://www.oddstrader.com/atp/?date=20260901&eid=4808933&g=match&m=winner,https://www.oddstrader.com/atp/?date=20260901&eid=4808933&g=match&m=merged
2026-09-01,4808933,2026-09-02T01:00:00+00:00,complete,US Open Men Singles,"New York, NY",Arthur Ashe Stadium,Lorenzo Sonego,28528,Alexander Zverev,29407,match,winner,126,closing,MyBookie,82,1680,Lorenzo Sonego,28528,10916611,0,930,10.3,2026-09-01T20:11:51+00:00,288.15,True,https://www.oddstrader.com/atp/?date=20260901&eid=4808933&g=match&m=winner,https://www.oddstrader.com/atp/?date=20260901&eid=4808933&g=match&m=merged
2026-09-01,4808933,2026-09-02T01:00:00+00:00,complete,US Open Men Singles,"New York, NY",Arthur Ashe Stadium,Lorenzo Sonego,28528,Alexander Zverev,29407,match,winner,126,opening,MyBookie,82,1680,Lorenzo Sonego,28528,10916611,0,580,6.8,2026-08-27T19:39:31+00:00,7520.483,False,https://www.oddstrader.com/atp/?date=20260901&eid=4808933&g=match&m=winner,https://www.oddstrader.com/atp/?date=20260901&eid=4808933&g=match&m=merged
2026-09-01,4808933,2026-09-02T01:00:00+00:00,complete,US Open Men Singles,"New York, NY",Arthur Ashe Stadium,Lorenzo Sonego,28528,Alexander Zverev,29407,match,winner,126,closing,SportsBetting,131,99,Alexander Zverev,29407,10916695,0,-2500,1.04,2026-09-02T00:50:35+00:00,9.417,False,https://www.oddstrader.com/atp/?date=20260901&eid=4808933&g=match&m=winner,https://www.oddstrader.com/atp/?date=20260901&eid=4808933&g=match&m=merged
2026-09-01,4808933,2026-09-02T01:00:00+00:00,complete,US Open Men Singles,"New York, NY",Arthur Ashe Stadium,Lorenzo Sonego,28528,Alexander Zverev,29407,match,winner,126,opening,SportsBetting,131,99,Alexander Zverev,29407,10916695,0,-1700,1.0588,2026-08-28T10:46:33+00:00,6613.45,False,https://www.oddstrader.com/atp/?date=20260901&eid=4808933&g=match&m=winner,https://www.oddstrader.com/atp/?date=20260901&eid=4808933&g=match&m=merged
2026-09-01,4808933,2026-09-02T01:00:00+00:00,complete,US Open Men Singles,"New York, NY",Arthur Ashe Stadium,Lorenzo Sonego,28528,Alexander Zverev,29407,match,winner,126,closing,SportsBetting,131,99,Lorenzo Sonego,28528,10916611,0,1150,12.5,2026-09-02T00:40:18+00:00,19.7,False,https://www.oddstrader.com/atp/?date=20260901&eid=4808933&g=match&m=winner,https://www.oddstrader.com/atp/?date=20260901&eid=4808933&g=match&m=merged
2026-09-01,4808933,2026-09-02T01:00:00+00:00,complete,US Open Men Singles,"New York, NY",Arthur Ashe Stadium,Lorenzo Sonego,28528,Alexander Zverev,29407,match,winner,126,opening,SportsBetting,131,99,Lorenzo Sonego,28528,10916611,0,900,10,2026-08-28T10:46:33+00:00,6613.45,False,https://www.oddstrader.com/atp/?date=20260901&eid=4808933&g=match&m=winner,https://www.oddstrader.com/atp/?date=20260901&eid=4808933&g=match&m=merged
